id_respon,timestamp,layanan,komentar_teks,id_pengisian,urut_komentar,label_manual,teks_casefold,tokens,tokens_nostop,tokens_stem,teks_bersih
001-01,08/01/2026 22:22:25,Portal Akademik (WEB),"terkadang bisa logout otomatis, jdi harus mengulang login sebanyak 2x.",1,1,negatif,terkadang bisa logout otomatis jdi harus mengulang login sebanyak x,"['terkadang', 'bisa', 'logout', 'otomatis', 'jdi', 'harus', 'mengulang', 'login', 'sebanyak']","['terkadang', 'logout', 'otomatis', 'jdi', 'mengulang', 'login', 'sebanyak']","['terkadang', 'logout', 'otomatis', 'jdi', 'mengulang', 'login', 'sebanyak']",terkadang logout otomatis jdi mengulang login sebanyak
001-02,08/01/2026 22:22:25,MyClass UMSU,"informasi penggunaannya sangat mudah dipahami, good!",1,2,positif,informasi penggunaannya sangat mudah dipahami good,"['informasi', 'penggunaannya', 'sangat', 'mudah', 'dipahami', 'good']","['informasi', 'penggunaannya', 'mudah', 'dipahami', 'good']","['informasi', 'penggunaannya', 'mudah', 'dipahami', 'good']",informasi penggunaannya mudah dipahami good
001-03,08/01/2026 22:22:25,WiFi Kampus,"wifi biasa, kadang cepat kadang lambat.",1,3,netral,wifi biasa kadang cepat kadang lambat,"['wifi', 'biasa', 'kadang', 'cepat', 'kadang', 'lambat']","['wifi', 'biasa', 'kadang', 'cepat', 'kadang', 'lambat']","['wifi', 'biasa', 'kadang', 'cepat', 'kadang', 'lambat']",wifi biasa kadang cepat kadang lambat
001-04,08/01/2026 22:22:25,Helpdesk/Technical Support,IT helpdesk ini bener bener ngebantu banget sih. good,1,4,positif,it helpdesk ini bener bener ngebantu banget sih good,"['it', 'helpdesk', 'ini', 'bener', 'bener', 'ngebantu', 'banget', 'sih', 'good']","['it', 'helpdesk', 'bener', 'bener', 'ngebantu', 'banget', 'sih', 'good']","['it', 'helpdesk', 'bener', 'bener', 'ngebantu', 'banget', 'sih', 'good']",it helpdesk bener bener ngebantu banget sih good
001-05,08/01/2026 22:22:25,Saran Peningkatan,tidak ada,1,5,netral,tidak ada,"['tidak', 'ada']","['tidak', 'ada']","['tidak', 'ada']",tidak ada
002-01,08/01/2026 22:24:47,Portal Akademik (WEB),"Server down, gabisa login",2,1,negatif,server down gabisa login,"['server', 'down', 'gabisa', 'login']","['server', 'down', 'gabisa', 'login']","['server', 'down', 'gabisa', 'login']",server down gabisa login
002-02,08/01/2026 22:24:47,MyClass UMSU,"UI friendly, mudah digunakan",2,2,positif,ui friendly mudah digunakan,"['ui', 'friendly', 'mudah', 'digunakan']","['ui', 'friendly', 'mudah', 'digunakan']","['ui', 'friendly', 'mudah', 'digunakan']",ui friendly mudah digunakan
002-03,08/01/2026 22:24:47,WiFi Kampus,Sejauh ini wifinya sudah bagus,2,3,positif,sejauh ini wifinya sudah bagus,"['sejauh', 'ini', 'wifinya', 'sudah', 'bagus']","['sejauh', 'wifinya', 'bagus']","['sejauh', 'wifinya', 'bagus']",sejauh wifinya bagus
002-04,08/01/2026 22:24:47,Helpdesk/Technical Support,Respon lumayan cepat,2,4,positif,respon lumayan cepat,"['respon', 'lumayan', 'cepat']","['respon', 'lumayan', 'cepat']","['respon', 'lumayan', 'cepat']",respon lumayan cepat
002-05,08/01/2026 22:24:47,Saran Peningkatan,Servernya ditingkatkan lagi,2,5,positif,servernya ditingkatkan lagi,"['servernya', 'ditingkatkan', 'lagi']","['servernya', 'ditingkatkan']","['servernya', 'ditingkatkan']",servernya ditingkatkan
003-01,08/01/2026 22:34:41,Portal Akademik (WEB),Yaa mungkin paling kadang server nya pernah down juga jadi gabisa di akses,3,1,negatif,yaa mungkin paling kadang server nya pernah down juga jadi gabisa di akses,"['yaa', 'mungkin', 'paling', 'kadang', 'server', 'nya', 'pernah', 'down', 'juga', 'jadi', 'gabisa', 'di', 'akses']","['yaa', 'mungkin', 'paling', 'kadang', 'server', 'pernah', 'down', 'jadi', 'gabisa', 'akses']","['yaa', 'mungkin', 'paling', 'kadang', 'server', 'pernah', 'down', 'jadi', 'gabisa', 'akses']",yaa mungkin paling kadang server pernah down jadi gabisa akses
003-02,08/01/2026 22:34:41,MyClass UMSU,Mungkin di hp saya download materi nya gabisa di aplikasi harus dri web,3,2,negatif,mungkin di hp saya download materi nya gabisa di aplikasi harus dri web,"['mungkin', 'di', 'hp', 'saya', 'download', 'materi', 'nya', 'gabisa', 'di', 'aplikasi', 'harus', 'dri', 'web']","['mungkin', 'hp', 'download', 'materi', 'gabisa', 'aplikasi', 'dri', 'web']","['mungkin', 'hp', 'download', 'materi', 'gabisa', 'aplikasi', 'dri', 'web']",mungkin hp download materi gabisa aplikasi dri web
003-03,08/01/2026 22:34:41,WiFi Kampus,Terkadang lemot wifinya tpi kadang juga kencang kecepatan wifinya,3,3,positif,terkadang lemot wifinya tpi kadang juga kencang kecepatan wifinya,"['terkadang', 'lemot', 'wifinya', 'tpi', 'kadang', 'juga', 'kencang', 'kecepatan', 'wifinya']","['terkadang', 'lemot', 'wifinya', 'tpi', 'kadang', 'kencang', 'kecepatan', 'wifinya']","['terkadang', 'lemot', 'wifinya', 'tpi', 'kadang', 'kencang', 'kecepatan', 'wifinya']",terkadang lemot wifinya tpi kadang kencang kecepatan wifinya
003-04,08/01/2026 22:34:41,Helpdesk/Technical Support,Bagus sih,3,4,positif,bagus sih,"['bagus', 'sih']","['bagus', 'sih']","['bagus', 'sih']",bagus sih
003-05,08/01/2026 22:34:41,Saran Peningkatan,Sudah cukup bagus,3,5,positif,sudah cukup bagus,"['sudah', 'cukup', 'bagus']","['cukup', 'bagus']","['cukup', 'bagus']",cukup bagus
004-01,08/01/2026 22:34:59,Portal Akademik (WEB),syukaaa,4,1,positif,syukaaa,['syukaaa'],['syukaaa'],['syukaaa'],syukaaa
004-02,08/01/2026 22:34:59,MyClass UMSU,baik deh pokoknya,4,2,positif,baik deh pokoknya,"['baik', 'deh', 'pokoknya']","['baik', 'deh', 'pokoknya']","['baik', 'deh', 'pokoknya']",baik deh pokoknya
004-03,08/01/2026 22:34:59,WiFi Kampus,"agak lag, terus sering disconnect tbtb",4,3,negatif,agak lag terus sering disconnect tbtb,"['agak', 'lag', 'terus', 'sering', 'disconnect', 'tbtb']","['agak', 'lag', 'terus', 'sering', 'disconnect', 'tbtb']","['agak', 'lag', 'terus', 'sering', 'disconnect', 'tbtb']",agak lag terus sering disconnect tbtb
004-05,08/01/2026 22:34:59,Saran Peningkatan,tetaplah berkembang,4,5,positif,tetaplah berkembang,"['tetaplah', 'berkembang']","['tetaplah', 'berkembang']","['tetaplah', 'berkembang']",tetaplah berkembang
005-01,08/01/2026 22:36:10,Portal Akademik (WEB),"kalau di web lumayan lengkap, dan tidak terlalu ribet dibandingkan dengan aplikasinya, apalagi untuk bayar uang kuliah dari web lebih mudah daripada aplikasi",5,1,positif,kalau di web lumayan lengkap dan tidak terlalu ribet dibandingkan dengan aplikasinya apalagi untuk bayar uang kuliah dari web lebih mudah daripada aplikasi,"['kalau', 'di', 'web', 'lumayan', 'lengkap', 'dan', 'tidak', 'terlalu', 'ribet', 'dibandingkan', 'dengan', 'aplikasinya', 'apalagi', 'untuk', 'bayar', 'uang', 'kuliah', 'dari', 'web', 'lebih', 'mudah', 'daripada', 'aplikasi']","['kalau', 'web', 'lumayan', 'lengkap', 'tidak', 'terlalu', 'ribet', 'dibandingkan', 'aplikasinya', 'apalagi', 'bayar', 'uang', 'kuliah', 'web', 'mudah', 'daripada', 'aplikasi']","['kalau', 'web', 'lumayan', 'lengkap', 'tidak', 'terlalu', 'ribet', 'dibandingkan', 'aplikasinya', 'apalagi', 'bayar', 'uang', 'kuliah', 'web', 'mudah', 'daripada', 'aplikasi']",kalau web lumayan lengkap tidak terlalu ribet dibandingkan aplikasinya apalagi bayar uang kuliah web mudah daripada aplikasi
005-02,08/01/2026 22:36:10,MyClass UMSU,"lumayan ribet ya kalau aplikasi nya, ga terlalu asik",5,2,negatif,lumayan ribet ya kalau aplikasi nya ga terlalu asik,"['lumayan', 'ribet', 'ya', 'kalau', 'aplikasi', 'nya', 'ga', 'terlalu', 'asik']","['lumayan', 'ribet', 'ya', 'kalau', 'aplikasi', 'ga', 'terlalu', 'asik']","['lumayan', 'ribet', 'ya', 'kalau', 'aplikasi', 'ga', 'terlalu', 'asik']",lumayan ribet ya kalau aplikasi ga terlalu asik
005-03,08/01/2026 22:36:10,WiFi Kampus,"wifi di fikti terkadang lola, pliss adain kayak dulu lagi aja, di mana tiap lantai jaringannya bedaaa, tidak seperti sekarang uda mencakup semua",5,3,negatif,wifi di fikti terkadang lola pliss adain kayak dulu lagi aja di mana tiap lantai jaringannya bedaaa tidak seperti sekarang uda mencakup semua,"['wifi', 'di', 'fikti', 'terkadang', 'lola', 'pliss', 'adain', 'kayak', 'dulu', 'lagi', 'aja', 'di', 'mana', 'tiap', 'lantai', 'jaringannya', 'bedaaa', 'tidak', 'seperti', 'sekarang', 'uda', 'mencakup', 'semua']","['wifi', 'fikti', 'terkadang', 'lola', 'pliss', 'adain', 'kayak', 'dulu', 'aja', 'mana', 'lantai', 'jaringannya', 'bedaaa', 'tidak', 'sekarang', 'uda', 'mencakup', 'semua']","['wifi', 'fikti', 'terkadang', 'lola', 'pliss', 'adain', 'kayak', 'dulu', 'aja', 'mana', 'lantai', 'jaringannya', 'bedaaa', 'tidak', 'sekarang', 'uda', 'mencakup', 'semua']",wifi fikti terkadang lola pliss adain kayak dulu aja mana lantai jaringannya bedaaa tidak sekarang uda mencakup semua
005-05,08/01/2026 22:36:10,Saran Peningkatan,semoga kedepannya bisa lebih baik hehe,5,5,positif,semoga kedepannya bisa lebih baik hehe,"['semoga', 'kedepannya', 'bisa', 'lebih', 'baik', 'hehe']","['semoga', 'kedepannya', 'baik', 'hehe']","['semoga', 'kedepannya', 'baik', 'hehe']",semoga kedepannya baik hehe
006-01,08/01/2026 22:36:40,Portal Akademik (WEB),"Khusus portal web, sering log out sendiri.",6,1,negatif,khusus portal web sering log out sendiri,"['khusus', 'portal', 'web', 'sering', 'log', 'out', 'sendiri']","['khusus', 'portal', 'web', 'sering', 'log', 'out', 'sendiri']","['khusus', 'portal', 'web', 'sering', 'log', 'out', 'sendiri']",khusus portal web sering log out sendiri
006-02,08/01/2026 22:36:40,MyClass UMSU,"Khusus MyClass, lumayan lah dibandingkan UMSU Mobile dulu. Sekarang mah sudah mudah diakses, seneng banget deh rasanya punya e learning kampus sendiri. Kampus lain emang punya? Cih masih pakai GClassroom😂.",6,2,positif,khusus myclass lumayan lah dibandingkan umsu mobile dulu sekarang mah sudah mudah diakses seneng banget deh rasanya punya e learning kampus sendiri kampus lain emang punya cih masih pakai gclassroom,"['khusus', 'myclass', 'lumayan', 'lah', 'dibandingkan', 'umsu', 'mobile', 'dulu', 'sekarang', 'mah', 'sudah', 'mudah', 'diakses', 'seneng', 'banget', 'deh', 'rasanya', 'punya', 'learning', 'kampus', 'sendiri', 'kampus', 'lain', 'emang', 'punya', 'cih', 'masih', 'pakai', 'gclassroom']","['khusus', 'myclass', 'lumayan', 'dibandingkan', 'umsu', 'mobile', 'dulu', 'sekarang', 'mah', 'mudah', 'diakses', 'seneng', 'banget', 'deh', 'rasanya', 'punya', 'learning', 'kampus', 'sendiri', 'kampus', 'lain', 'emang', 'punya', 'cih', 'masih', 'pakai', 'gclassroom']","['khusus', 'myclass', 'lumayan', 'dibandingkan', 'umsu', 'mobile', 'dulu', 'sekarang', 'mah', 'mudah', 'diakses', 'seneng', 'banget', 'deh', 'rasanya', 'punya', 'learning', 'kampus', 'sendiri', 'kampus', 'lain', 'emang', 'punya', 'cih', 'masih', 'pakai', 'gclassroom']",khusus myclass lumayan dibandingkan umsu mobile dulu sekarang mah mudah diakses seneng banget deh rasanya punya learning kampus sendiri kampus lain emang punya cih masih pakai gclassroom
006-03,08/01/2026 22:36:40,WiFi Kampus,"WiFi UMSU itu ibarat tauco dalam nasi gurih, dia ada, tapi tidak akan pernah saya sentuh. Untuk apa juga? 1 WiFi yang pakai seribu orang.",6,3,positif,wifi umsu itu ibarat tauco dalam nasi gurih dia ada tapi tidak akan pernah saya sentuh untuk apa juga wifi yang pakai seribu orang,"['wifi', 'umsu', 'itu', 'ibarat', 'tauco', 'dalam', 'nasi', 'gurih', 'dia', 'ada', 'tapi', 'tidak', 'akan', 'pernah', 'saya', 'sentuh', 'untuk', 'apa', 'juga', 'wifi', 'yang', 'pakai', 'seribu', 'orang']","['wifi', 'umsu', 'ibarat', 'tauco', 'nasi', 'gurih', 'ada', 'tidak', 'pernah', 'sentuh', 'apa', 'wifi', 'pakai', 'seribu', 'orang']","['wifi', 'umsu', 'ibarat', 'tauco', 'nasi', 'gurih', 'ada', 'tidak', 'pernah', 'sentuh', 'apa', 'wifi', 'pakai', 'seribu', 'orang']",wifi umsu ibarat tauco nasi gurih ada tidak pernah sentuh apa wifi pakai seribu orang
006-04,08/01/2026 22:36:40,Helpdesk/Technical Support,"Baik lah pokoknya, soalnya saya datengin langsung.",6,4,positif,baik lah pokoknya soalnya saya datengin langsung,"['baik', 'lah', 'pokoknya', 'soalnya', 'saya', 'datengin', 'langsung']","['baik', 'pokoknya', 'soalnya', 'datengin', 'langsung']","['baik', 'pokoknya', 'soalnya', 'datengin', 'langsung']",baik pokoknya soalnya datengin langsung
006-05,08/01/2026 22:36:40,Saran Peningkatan,"Saran saya yah, terus berkembang deh.",6,5,positif,saran saya yah terus berkembang deh,"['saran', 'saya', 'yah', 'terus', 'berkembang', 'deh']","['saran', 'yah', 'terus', 'berkembang', 'deh']","['saran', 'yah', 'terus', 'berkembang', 'deh']",saran yah terus berkembang deh
007-01,08/01/2026 22:38:59,Portal Akademik (WEB),sering log out dengan sendirinya,7,1,negatif,sering log out dengan sendirinya,"['sering', 'log', 'out', 'dengan', 'sendirinya']","['sering', 'log', 'out', 'sendirinya']","['sering', 'log', 'out', 'sendirinya']",sering log out sendirinya
007-02,08/01/2026 22:38:59,MyClass UMSU,tidak ada,7,2,netral,tidak ada,"['tidak', 'ada']","['tidak', 'ada']","['tidak', 'ada']",tidak ada
007-03,08/01/2026 22:38:59,WiFi Kampus,sering ganti password,7,3,negatif,sering ganti password,"['sering', 'ganti', 'password']","['sering', 'ganti', 'password']","['sering', 'ganti', 'password']",sering ganti password
007-04,08/01/2026 22:38:59,Helpdesk/Technical Support,tidak ada,7,4,netral,tidak ada,"['tidak', 'ada']","['tidak', 'ada']","['tidak', 'ada']",tidak ada
007-05,08/01/2026 22:38:59,Saran Peningkatan,tidak ada,7,5,netral,tidak ada,"['tidak', 'ada']","['tidak', 'ada']","['tidak', 'ada']",tidak ada
008-01,08/01/2026 22:39:57,Portal Akademik (WEB),"untuk kebutuhan sebenarnya portal akademik (web) umsu tu sudah mencukupi dan lumayan mudahlah untuk dipahami. tetapii, web tersebut sering kali back ke halaman dashboard yang biasanya muncul sebelum login. mungkin itu si salah satu kekurangan dari portal tersebut",8,1,positif,untuk kebutuhan sebenarnya portal akademik web umsu tu sudah mencukupi dan lumayan mudahlah untuk dipahami tetapii web tersebut sering kali back ke halaman dashboard yang biasanya muncul sebelum login mungkin itu si salah satu kekurangan dari portal tersebut,"['untuk', 'kebutuhan', 'sebenarnya', 'portal', 'akademik', 'web', 'umsu', 'tu', 'sudah', 'mencukupi', 'dan', 'lumayan', 'mudahlah', 'untuk', 'dipahami', 'tetapii', 'web', 'tersebut', 'sering', 'kali', 'back', 'ke', 'halaman', 'dashboard', 'yang', 'biasanya', 'muncul', 'sebelum', 'login', 'mungkin', 'itu', 'si', 'salah', 'satu', 'kekurangan', 'dari', 'portal', 'tersebut']","['kebutuhan', 'sebenarnya', 'portal', 'akademik', 'web', 'umsu', 'tu', 'mencukupi', 'lumayan', 'mudahlah', 'dipahami', 'tetapii', 'web', 'tersebut', 'sering', 'kali', 'back', 'halaman', 'dashboard', 'biasanya', 'muncul', 'sebelum', 'login', 'mungkin', 'si', 'salah', 'satu', 'kekurangan', 'portal', 'tersebut']","['kebutuhan', 'sebenarnya', 'portal', 'akademik', 'web', 'umsu', 'tu', 'mencukupi', 'lumayan', 'mudahlah', 'dipahami', 'tetapii', 'web', 'tersebut', 'sering', 'kali', 'back', 'halaman', 'dashboard', 'biasanya', 'muncul', 'sebelum', 'login', 'mungkin', 'si', 'salah', 'satu', 'kekurangan', 'portal', 'tersebut']",kebutuhan sebenarnya portal akademik web umsu tu mencukupi lumayan mudahlah dipahami tetapii web tersebut sering kali back halaman dashboard biasanya muncul sebelum login mungkin si salah satu kekurangan portal tersebut
008-02,08/01/2026 22:39:57,MyClass UMSU,"secara keseluruhan sih MyClass itu sudah cukup baik, tetapi alangkah lebih baikk jika dilakukan pengembangan sistem lagi. karena, untuk user MyClass yang pakai android tu kurang responsif. setiap kali kita ingin kembali ke halaman sebelumnya, yang malah muncul adalah halaman dashboard yang isinya menu utama, berita umsu. jadii, itu lumayan membuat user sedikit kesal karena jika ingin kembali ke halaman sebelumnya harus mulai dari awal LGIII",8,2,positif,secara keseluruhan sih myclass itu sudah cukup baik tetapi alangkah lebih baikk jika dilakukan pengembangan sistem lagi karena untuk user myclass yang pakai android tu kurang responsif setiap kali kita ingin kembali ke halaman sebelumnya yang malah muncul adalah halaman dashboard yang isinya menu utama berita umsu jadii itu lumayan membuat user sedikit kesal karena jika ingin kembali ke halaman sebelumnya harus mulai dari awal lgiii,"['secara', 'keseluruhan', 'sih', 'myclass', 'itu', 'sudah', 'cukup', 'baik', 'tetapi', 'alangkah', 'lebih', 'baikk', 'jika', 'dilakukan', 'pengembangan', 'sistem', 'lagi', 'karena', 'untuk', 'user', 'myclass', 'yang', 'pakai', 'android', 'tu', 'kurang', 'responsif', 'setiap', 'kali', 'kita', 'ingin', 'kembali', 'ke', 'halaman', 'sebelumnya', 'yang', 'malah', 'muncul', 'adalah', 'halaman', 'dashboard', 'yang', 'isinya', 'menu', 'utama', 'berita', 'umsu', 'jadii', 'itu', 'lumayan', 'membuat', 'user', 'sedikit', 'kesal', 'karena', 'jika', 'ingin', 'kembali', 'ke', 'halaman', 'sebelumnya', 'harus', 'mulai', 'dari', 'awal', 'lgiii']","['secara', 'keseluruhan', 'sih', 'myclass', 'cukup', 'baik', 'alangkah', 'baikk', 'dilakukan', 'pengembangan', 'sistem', 'user', 'myclass', 'pakai', 'android', 'tu', 'kurang', 'responsif', 'kali', 'ingin', 'kembali', 'halaman', 'sebelumnya', 'malah', 'muncul', 'halaman', 'dashboard', 'isinya', 'menu', 'utama', 'berita', 'umsu', 'jadii', 'lumayan', 'membuat', 'user', 'kesal', 'ingin', 'kembali', 'halaman', 'sebelumnya', 'mulai', 'awal', 'lgiii']","['secara', 'keseluruhan', 'sih', 'myclass', 'cukup', 'baik', 'alangkah', 'baikk', 'dilakukan', 'pengembangan', 'sistem', 'user', 'myclass', 'pakai', 'android', 'tu', 'kurang', 'responsif', 'kali', 'ingin', 'kembali', 'halaman', 'sebelumnya', 'malah', 'muncul', 'halaman', 'dashboard', 'isinya', 'menu', 'utama', 'berita', 'umsu', 'jadii', 'lumayan', 'membuat', 'user', 'kesal', 'ingin', 'kembali', 'halaman', 'sebelumnya', 'mulai', 'awal', 'lgiii']",secara keseluruhan sih myclass cukup baik alangkah baikk dilakukan pengembangan sistem user myclass pakai android tu kurang responsif kali ingin kembali halaman sebelumnya malah muncul halaman dashboard isinya menu utama berita umsu jadii lumayan membuat user kesal ingin kembali halaman sebelumnya mulai awal lgiii
008-03,08/01/2026 22:39:57,WiFi Kampus,"saya lumayan puas dengan fasilitas WiFi yang di fikti dan hal ini sudah cukup memenuhi kebutuhan mahasiswa. tetapi, untuk di fakultas lain fasilitas wifi masih di batasi bahkaan emang betu-betul wifi itu tidak sampai lantai atas.",8,3,positif,saya lumayan puas dengan fasilitas wifi yang di fikti dan hal ini sudah cukup memenuhi kebutuhan mahasiswa tetapi untuk di fakultas lain fasilitas wifi masih di batasi bahkaan emang betu betul wifi itu tidak sampai lantai atas,"['saya', 'lumayan', 'puas', 'dengan', 'fasilitas', 'wifi', 'yang', 'di', 'fikti', 'dan', 'hal', 'ini', 'sudah', 'cukup', 'memenuhi', 'kebutuhan', 'mahasiswa', 'tetapi', 'untuk', 'di', 'fakultas', 'lain', 'fasilitas', 'wifi', 'masih', 'di', 'batasi', 'bahkaan', 'emang', 'betu', 'betul', 'wifi', 'itu', 'tidak', 'sampai', 'lantai', 'atas']","['lumayan', 'puas', 'fasilitas', 'wifi', 'fikti', 'hal', 'cukup', 'memenuhi', 'kebutuhan', 'mahasiswa', 'fakultas', 'lain', 'fasilitas', 'wifi', 'masih', 'batasi', 'bahkaan', 'emang', 'betu', 'betul', 'wifi', 'tidak', 'sampai', 'lantai']","['lumayan', 'puas', 'fasilitas', 'wifi', 'fikti', 'hal', 'cukup', 'memenuhi', 'kebutuhan', 'mahasiswa', 'fakultas', 'lain', 'fasilitas', 'wifi', 'masih', 'batasi', 'bahkaan', 'emang', 'betu', 'betul', 'wifi', 'tidak', 'sampai', 'lantai']",lumayan puas fasilitas wifi fikti hal cukup memenuhi kebutuhan mahasiswa fakultas lain fasilitas wifi masih batasi bahkaan emang betu betul wifi tidak sampai lantai
008-04,08/01/2026 22:39:57,Helpdesk/Technical Support,"saya sudah lama tida menggunakan helpdesk IT UMSU. tetapi dulu pernah, dikarenakan akun e-learning saya tidak bisa login, daan mereka langsung membantu 🫰🫰🫰",8,4,netral,saya sudah lama tida menggunakan helpdesk it umsu tetapi dulu pernah dikarenakan akun e learning saya tidak bisa login daan mereka langsung membantu,"['saya', 'sudah', 'lama', 'tida', 'menggunakan', 'helpdesk', 'it', 'umsu', 'tetapi', 'dulu', 'pernah', 'dikarenakan', 'akun', 'learning', 'saya', 'tidak', 'bisa', 'login', 'daan', 'mereka', 'langsung', 'membantu']","['lama', 'tida', 'menggunakan', 'helpdesk', 'it', 'umsu', 'dulu', 'pernah', 'dikarenakan', 'akun', 'learning', 'tidak', 'login', 'daan', 'langsung', 'membantu']","['lama', 'tida', 'menggunakan', 'helpdesk', 'it', 'umsu', 'dulu', 'pernah', 'dikarenakan', 'akun', 'learning', 'tidak', 'login', 'daan', 'langsung', 'membantu']",lama tida menggunakan helpdesk it umsu dulu pernah dikarenakan akun learning tidak login daan langsung membantu
008-05,08/01/2026 22:39:57,Saran Peningkatan,none~,8,5,netral,none,['none'],['none'],['none'],none
009-01,08/01/2026 22:44:23,Portal Akademik (WEB),"Ketika sudah login ke web portal umsu suka tbtb log out sendiri, juga sering nya mengalami server down sehingga website tidak bisa di buka dan belum bisa download riwayat transaksi sebelumnya melalui aplikasi umsu mobile. Tapi sejauh ini portal umsu menyajikan informasi yang sangat penting dan mudah di akses, desain website juga user friendly.",9,1,negatif,ketika sudah login ke web portal umsu suka tbtb log out sendiri juga sering nya mengalami server down sehingga website tidak bisa di buka dan belum bisa download riwayat transaksi sebelumnya melalui aplikasi umsu mobile tapi sejauh ini portal umsu menyajikan informasi yang sangat penting dan mudah di akses desain website juga user friendly,"['ketika', 'sudah', 'login', 'ke', 'web', 'portal', 'umsu', 'suka', 'tbtb', 'log', 'out', 'sendiri', 'juga', 'sering', 'nya', 'mengalami', 'server', 'down', 'sehingga', 'website', 'tidak', 'bisa', 'di', 'buka', 'dan', 'belum', 'bisa', 'download', 'riwayat', 'transaksi', 'sebelumnya', 'melalui', 'aplikasi', 'umsu', 'mobile', 'tapi', 'sejauh', 'ini', 'portal', 'umsu', 'menyajikan', 'informasi', 'yang', 'sangat', 'penting', 'dan', 'mudah', 'di', 'akses', 'desain', 'website', 'juga', 'user', 'friendly']","['ketika', 'login', 'web', 'portal', 'umsu', 'suka', 'tbtb', 'log', 'out', 'sendiri', 'sering', 'mengalami', 'server', 'down', 'sehingga', 'website', 'tidak', 'buka', 'belum', 'download', 'riwayat', 'transaksi', 'sebelumnya', 'melalui', 'aplikasi', 'umsu', 'mobile', 'sejauh', 'portal', 'umsu', 'menyajikan', 'informasi', 'penting', 'mudah', 'akses', 'desain', 'website', 'user', 'friendly']","['ketika', 'login', 'web', 'portal', 'umsu', 'suka', 'tbtb', 'log', 'out', 'sendiri', 'sering', 'mengalami', 'server', 'down', 'sehingga', 'website', 'tidak', 'buka', 'belum', 'download', 'riwayat', 'transaksi', 'sebelumnya', 'melalui', 'aplikasi', 'umsu', 'mobile', 'sejauh', 'portal', 'umsu', 'menyajikan', 'informasi', 'penting', 'mudah', 'akses', 'desain', 'website', 'user', 'friendly']",ketika login web portal umsu suka tbtb log out sendiri sering mengalami server down sehingga website tidak buka belum download riwayat transaksi sebelumnya melalui aplikasi umsu mobile sejauh portal umsu menyajikan informasi penting mudah akses desain website user friendly
009-02,08/01/2026 22:44:23,MyClass UMSU,"Untuk mengakses my class lewat apk umsu mobile ketika ingin kembali untuk berpindah menu, seringnya kembali ke apk umsu mobile bukan tetap di menu my class. Tetapi Sejauh ini pengguna my class sangat memudahkan ketika ingin mengakses absen dan materi perkuliahan.",9,2,negatif,untuk mengakses my class lewat apk umsu mobile ketika ingin kembali untuk berpindah menu seringnya kembali ke apk umsu mobile bukan tetap di menu my class tetapi sejauh ini pengguna my class sangat memudahkan ketika ingin mengakses absen dan materi perkuliahan,"['untuk', 'mengakses', 'my', 'class', 'lewat', 'apk', 'umsu', 'mobile', 'ketika', 'ingin', 'kembali', 'untuk', 'berpindah', 'menu', 'seringnya', 'kembali', 'ke', 'apk', 'umsu', 'mobile', 'bukan', 'tetap', 'di', 'menu', 'my', 'class', 'tetapi', 'sejauh', 'ini', 'pengguna', 'my', 'class', 'sangat', 'memudahkan', 'ketika', 'ingin', 'mengakses', 'absen', 'dan', 'materi', 'perkuliahan']","['mengakses', 'my', 'class', 'lewat', 'apk', 'umsu', 'mobile', 'ketika', 'ingin', 'kembali', 'berpindah', 'menu', 'seringnya', 'kembali', 'apk', 'umsu', 'mobile', 'bukan', 'tetap', 'menu', 'my', 'class', 'sejauh', 'pengguna', 'my', 'class', 'memudahkan', 'ketika', 'ingin', 'mengakses', 'absen', 'materi', 'perkuliahan']","['mengakses', 'my', 'class', 'lewat', 'apk', 'umsu', 'mobile', 'ketika', 'ingin', 'kembali', 'berpindah', 'menu', 'seringnya', 'kembali', 'apk', 'umsu', 'mobile', 'bukan', 'tetap', 'menu', 'my', 'class', 'sejauh', 'pengguna', 'my', 'class', 'memudahkan', 'ketika', 'ingin', 'mengakses', 'absen', 'materi', 'perkuliahan']",mengakses my class lewat apk umsu mobile ketika ingin kembali berpindah menu seringnya kembali apk umsu mobile bukan tetap menu my class sejauh pengguna my class memudahkan ketika ingin mengakses absen materi perkuliahan
009-03,08/01/2026 22:44:23,WiFi Kampus,"Sering nya menjumpai wifi kampus yang menggunakan kata sandi seperti di beberapa aula dan gedung fakultas. Sedangkan tidak semua mahasiswa memiliki paket data oleh karena itu mungkin ke depannya bisa di permudah lagi dalam mengakses wifi di area tertentu. Tetapi saya sangat suka dengan fasilitas wifi yg di sediakan oleh pihak kampus karena sangat membantu di keadaan genting, apalagi jaringannya lancar jaya. Terimakasih umsu🫰",9,3,positif,sering nya menjumpai wifi kampus yang menggunakan kata sandi seperti di beberapa aula dan gedung fakultas sedangkan tidak semua mahasiswa memiliki paket data oleh karena itu mungkin ke depannya bisa di permudah lagi dalam mengakses wifi di area tertentu tetapi saya sangat suka dengan fasilitas wifi yg di sediakan oleh pihak kampus karena sangat membantu di keadaan genting apalagi jaringannya lancar jaya terimakasih umsu,"['sering', 'nya', 'menjumpai', 'wifi', 'kampus', 'yang', 'menggunakan', 'kata', 'sandi', 'seperti', 'di', 'beberapa', 'aula', 'dan', 'gedung', 'fakultas', 'sedangkan', 'tidak', 'semua', 'mahasiswa', 'memiliki', 'paket', 'data', 'oleh', 'karena', 'itu', 'mungkin', 'ke', 'depannya', 'bisa', 'di', 'permudah', 'lagi', 'dalam', 'mengakses', 'wifi', 'di', 'area', 'tertentu', 'tetapi', 'saya', 'sangat', 'suka', 'dengan', 'fasilitas', 'wifi', 'yg', 'di', 'sediakan', 'oleh', 'pihak', 'kampus', 'karena', 'sangat', 'membantu', 'di', 'keadaan', 'genting', 'apalagi', 'jaringannya', 'lancar', 'jaya', 'terimakasih', 'umsu']","['sering', 'menjumpai', 'wifi', 'kampus', 'menggunakan', 'kata', 'sandi', 'aula', 'gedung', 'fakultas', 'tidak', 'semua', 'mahasiswa', 'memiliki', 'paket', 'data', 'mungkin', 'depannya', 'permudah', 'mengakses', 'wifi', 'area', 'tertentu', 'suka', 'fasilitas', 'wifi', 'yg', 'sediakan', 'pihak', 'kampus', 'membantu', 'keadaan', 'genting', 'apalagi', 'jaringannya', 'lancar', 'jaya', 'terimakasih', 'umsu']","['sering', 'menjumpai', 'wifi', 'kampus', 'menggunakan', 'kata', 'sandi', 'aula', 'gedung', 'fakultas', 'tidak', 'semua', 'mahasiswa', 'memiliki', 'paket', 'data', 'mungkin', 'depannya', 'permudah', 'mengakses', 'wifi', 'area', 'tertentu', 'suka', 'fasilitas', 'wifi', 'yg', 'sediakan', 'pihak', 'kampus', 'membantu', 'keadaan', 'genting', 'apalagi', 'jaringannya', 'lancar', 'jaya', 'terimakasih', 'umsu']",sering menjumpai wifi kampus menggunakan kata sandi aula gedung fakultas tidak semua mahasiswa memiliki paket data mungkin depannya permudah mengakses wifi area tertentu suka fasilitas wifi yg sediakan pihak kampus membantu keadaan genting apalagi jaringannya lancar jaya terimakasih umsu
009-04,08/01/2026 22:44:23,Helpdesk/Technical Support,Kemarin lupa kata sandi portal umsu jd saya lgsg menggunakan helpdesk dan responnya sangat cepat dan mudah di pahami,9,4,positif,kemarin lupa kata sandi portal umsu jd saya lgsg menggunakan helpdesk dan responnya sangat cepat dan mudah di pahami,"['kemarin', 'lupa', 'kata', 'sandi', 'portal', 'umsu', 'jd', 'saya', 'lgsg', 'menggunakan', 'helpdesk', 'dan', 'responnya', 'sangat', 'cepat', 'dan', 'mudah', 'di', 'pahami']","['kemarin', 'lupa', 'kata', 'sandi', 'portal', 'umsu', 'jd', 'lgsg', 'menggunakan', 'helpdesk', 'responnya', 'cepat', 'mudah', 'pahami']","['kemarin', 'lupa', 'kata', 'sandi', 'portal', 'umsu', 'jd', 'lgsg', 'menggunakan', 'helpdesk', 'responnya', 'cepat', 'mudah', 'pahami']",kemarin lupa kata sandi portal umsu jd lgsg menggunakan helpdesk responnya cepat mudah pahami
009-05,08/01/2026 22:44:23,Saran Peningkatan,Tidak ada,9,5,netral,tidak ada,"['tidak', 'ada']","['tidak', 'ada']","['tidak', 'ada']",tidak ada
010-01,08/01/2026 22:45:44,Portal Akademik (WEB),portal mudah di gunakan,10,1,positif,portal mudah di gunakan,"['portal', 'mudah', 'di', 'gunakan']","['portal', 'mudah', 'gunakan']","['portal', 'mudah', 'gunakan']",portal mudah gunakan
010-02,08/01/2026 22:45:44,MyClass UMSU,MyClass UMSU sangat mudah digunakan,10,2,positif,myclass umsu sangat mudah digunakan,"['myclass', 'umsu', 'sangat', 'mudah', 'digunakan']","['myclass', 'umsu', 'mudah', 'digunakan']","['myclass', 'umsu', 'mudah', 'digunakan']",myclass umsu mudah digunakan
010-03,08/01/2026 22:45:44,WiFi Kampus,WIFI kampus kadang lemot,10,3,negatif,wifi kampus kadang lemot,"['wifi', 'kampus', 'kadang', 'lemot']","['wifi', 'kampus', 'kadang', 'lemot']","['wifi', 'kampus', 'kadang', 'lemot']",wifi kampus kadang lemot
011-01,08/01/2026 22:47:34,Portal Akademik (WEB),"Pengalaman saya menggunakan Portal Akademik (WEB) cukup baik karena memudahkan akses KRS, KHS, dan jadwal kuliah. Namun, portal sering lambat saat banyak pengguna, sehingga kurang nyaman digunakan.",11,1,positif,pengalaman saya menggunakan portal akademik web cukup baik karena memudahkan akses krs khs dan jadwal kuliah namun portal sering lambat saat banyak pengguna sehingga kurang nyaman digunakan,"['pengalaman', 'saya', 'menggunakan', 'portal', 'akademik', 'web', 'cukup', 'baik', 'karena', 'memudahkan', 'akses', 'krs', 'khs', 'dan', 'jadwal', 'kuliah', 'namun', 'portal', 'sering', 'lambat', 'saat', 'banyak', 'pengguna', 'sehingga', 'kurang', 'nyaman', 'digunakan']","['pengalaman', 'menggunakan', 'portal', 'akademik', 'web', 'cukup', 'baik', 'memudahkan', 'akses', 'krs', 'khs', 'jadwal', 'kuliah', 'portal', 'sering', 'lambat', 'saat', 'pengguna', 'sehingga', 'kurang', 'nyaman', 'digunakan']","['pengalaman', 'menggunakan', 'portal', 'akademik', 'web', 'cukup', 'baik', 'memudahkan', 'akses', 'krs', 'khs', 'jadwal', 'kuliah', 'portal', 'sering', 'lambat', 'saat', 'pengguna', 'sehingga', 'kurang', 'nyaman', 'digunakan']",pengalaman menggunakan portal akademik web cukup baik memudahkan akses krs khs jadwal kuliah portal sering lambat saat pengguna sehingga kurang nyaman digunakan
011-02,08/01/2026 22:47:34,MyClass UMSU,"Pengalaman saya menggunakan MyClass UMSU cukup baik, karena memudahkan akses materi perkuliahan, tugas, dan informasi dari dosen secara online. Namun, terkadang sistem lambat atau error, terutama saat banyak pengguna mengakses secara bersamaan, sehingga menghambat proses belajar.",11,2,positif,pengalaman saya menggunakan myclass umsu cukup baik karena memudahkan akses materi perkuliahan tugas dan informasi dari dosen secara online namun terkadang sistem lambat atau error terutama saat banyak pengguna mengakses secara bersamaan sehingga menghambat proses belajar,"['pengalaman', 'saya', 'menggunakan', 'myclass', 'umsu', 'cukup', 'baik', 'karena', 'memudahkan', 'akses', 'materi', 'perkuliahan', 'tugas', 'dan', 'informasi', 'dari', 'dosen', 'secara', 'online', 'namun', 'terkadang', 'sistem', 'lambat', 'atau', 'error', 'terutama', 'saat', 'banyak', 'pengguna', 'mengakses', 'secara', 'bersamaan', 'sehingga', 'menghambat', 'proses', 'belajar']","['pengalaman', 'menggunakan', 'myclass', 'umsu', 'cukup', 'baik', 'memudahkan', 'akses', 'materi', 'perkuliahan', 'tugas', 'informasi', 'dosen', 'secara', 'online', 'terkadang', 'sistem', 'lambat', 'error', 'terutama', 'saat', 'pengguna', 'mengakses', 'secara', 'bersamaan', 'sehingga', 'menghambat', 'proses', 'belajar']","['pengalaman', 'menggunakan', 'myclass', 'umsu', 'cukup', 'baik', 'memudahkan', 'akses', 'materi', 'perkuliahan', 'tugas', 'informasi', 'dosen', 'secara', 'online', 'terkadang', 'sistem', 'lambat', 'error', 'terutama', 'saat', 'pengguna', 'mengakses', 'secara', 'bersamaan', 'sehingga', 'menghambat', 'proses', 'belajar']",pengalaman menggunakan myclass umsu cukup baik memudahkan akses materi perkuliahan tugas informasi dosen secara online terkadang sistem lambat error terutama saat pengguna mengakses secara bersamaan sehingga menghambat proses belajar
011-03,08/01/2026 22:47:34,WiFi Kampus,"Pengalaman saya menggunakan WiFi kampus UMSU cukup baik, karena memudahkan akses internet untuk mendukung kegiatan perkuliahan seperti mencari referensi, mengerjakan tugas, dan mengakses sistem akademik. Namun, terkadang koneksi lambat atau tidak stabil, terutama saat banyak pengguna, sehingga menghambat aktivitas belajar.",11,3,positif,pengalaman saya menggunakan wifi kampus umsu cukup baik karena memudahkan akses internet untuk mendukung kegiatan perkuliahan seperti mencari referensi mengerjakan tugas dan mengakses sistem akademik namun terkadang koneksi lambat atau tidak stabil terutama saat banyak pengguna sehingga menghambat aktivitas belajar,"['pengalaman', 'saya', 'menggunakan', 'wifi', 'kampus', 'umsu', 'cukup', 'baik', 'karena', 'memudahkan', 'akses', 'internet', 'untuk', 'mendukung', 'kegiatan', 'perkuliahan', 'seperti', 'mencari', 'referensi', 'mengerjakan', 'tugas', 'dan', 'mengakses', 'sistem', 'akademik', 'namun', 'terkadang', 'koneksi', 'lambat', 'atau', 'tidak', 'stabil', 'terutama', 'saat', 'banyak', 'pengguna', 'sehingga', 'menghambat', 'aktivitas', 'belajar']","['pengalaman', 'menggunakan', 'wifi', 'kampus', 'umsu', 'cukup', 'baik', 'memudahkan', 'akses', 'internet', 'mendukung', 'kegiatan', 'perkuliahan', 'mencari', 'referensi', 'mengerjakan', 'tugas', 'mengakses', 'sistem', 'akademik', 'terkadang', 'koneksi', 'lambat', 'tidak', 'stabil', 'terutama', 'saat', 'pengguna', 'sehingga', 'menghambat', 'aktivitas', 'belajar']","['pengalaman', 'menggunakan', 'wifi', 'kampus', 'umsu', 'cukup', 'baik', 'memudahkan', 'akses', 'internet', 'mendukung', 'kegiatan', 'perkuliahan', 'mencari', 'referensi', 'mengerjakan', 'tugas', 'mengakses', 'sistem', 'akademik', 'terkadang', 'koneksi', 'lambat', 'tidak', 'stabil', 'terutama', 'saat', 'pengguna', 'sehingga', 'menghambat', 'aktivitas', 'belajar']",pengalaman menggunakan wifi kampus umsu cukup baik memudahkan akses internet mendukung kegiatan perkuliahan mencari referensi mengerjakan tugas mengakses sistem akademik terkadang koneksi lambat tidak stabil terutama saat pengguna sehingga menghambat aktivitas belajar
011-04,08/01/2026 22:47:34,Helpdesk/Technical Support,"Pengalaman saya menggunakan helpdesk/technical support IT UMSU cukup baik, karena petugas responsif dan membantu dalam menangani kendala teknis seperti masalah akun atau sistem. Namun, terkadang respon memerlukan waktu cukup lama saat permintaan sedang banyak, sehingga penyelesaian masalah menjadi tertunda.",11,4,positif,pengalaman saya menggunakan helpdesk technical support it umsu cukup baik karena petugas responsif dan membantu dalam menangani kendala teknis seperti masalah akun atau sistem namun terkadang respon memerlukan waktu cukup lama saat permintaan sedang banyak sehingga penyelesaian masalah menjadi tertunda,"['pengalaman', 'saya', 'menggunakan', 'helpdesk', 'technical', 'support', 'it', 'umsu', 'cukup', 'baik', 'karena', 'petugas', 'responsif', 'dan', 'membantu', 'dalam', 'menangani', 'kendala', 'teknis', 'seperti', 'masalah', 'akun', 'atau', 'sistem', 'namun', 'terkadang', 'respon', 'memerlukan', 'waktu', 'cukup', 'lama', 'saat', 'permintaan', 'sedang', 'banyak', 'sehingga', 'penyelesaian', 'masalah', 'menjadi', 'tertunda']","['pengalaman', 'menggunakan', 'helpdesk', 'technical', 'support', 'it', 'umsu', 'cukup', 'baik', 'petugas', 'responsif', 'membantu', 'menangani', 'kendala', 'teknis', 'masalah', 'akun', 'sistem', 'terkadang', 'respon', 'memerlukan', 'waktu', 'cukup', 'lama', 'saat', 'permintaan', 'sedang', 'sehingga', 'penyelesaian', 'masalah', 'tertunda']","['pengalaman', 'menggunakan', 'helpdesk', 'technical', 'support', 'it', 'umsu', 'cukup', 'baik', 'petugas', 'responsif', 'membantu', 'menangani', 'kendala', 'teknis', 'masalah', 'akun', 'sistem', 'terkadang', 'respon', 'memerlukan', 'waktu', 'cukup', 'lama', 'saat', 'permintaan', 'sedang', 'sehingga', 'penyelesaian', 'masalah', 'tertunda']",pengalaman menggunakan helpdesk technical support it umsu cukup baik petugas responsif membantu menangani kendala teknis masalah akun sistem terkadang respon memerlukan waktu cukup lama saat permintaan sedang sehingga penyelesaian masalah tertunda
011-05,08/01/2026 22:47:34,Saran Peningkatan,"UMSU diharapkan dapat meningkatkan kestabilan sistem, kecepatan WiFi, serta respons helpdesk IT, agar layanan SI & TI lebih optimal dan nyaman digunakan.",11,5,positif,umsu diharapkan dapat meningkatkan kestabilan sistem kecepatan wifi serta respons helpdesk it agar layanan si ti lebih optimal dan nyaman digunakan,"['umsu', 'diharapkan', 'dapat', 'meningkatkan', 'kestabilan', 'sistem', 'kecepatan', 'wifi', 'serta', 'respons', 'helpdesk', 'it', 'agar', 'layanan', 'si', 'ti', 'lebih', 'optimal', 'dan', 'nyaman', 'digunakan']","['umsu', 'diharapkan', 'meningkatkan', 'kestabilan', 'sistem', 'kecepatan', 'wifi', 'respons', 'helpdesk', 'it', 'layanan', 'si', 'ti', 'optimal', 'nyaman', 'digunakan']","['umsu', 'diharapkan', 'meningkatkan', 'kestabilan', 'sistem', 'kecepatan', 'wifi', 'respons', 'helpdesk', 'it', 'layanan', 'si', 'ti', 'optimal', 'nyaman', 'digunakan']",umsu diharapkan meningkatkan kestabilan sistem kecepatan wifi respons helpdesk it layanan si ti optimal nyaman digunakan
012-01,08/01/2026 22:49:57,Portal Akademik (WEB),"Pengalaman saya menggunakan Portal Akademik (WEB) adalah buruk. Alasannya adalah
 Portal Akademik memiliki desain yang tidak intuitif dan sulit dinavigasi. Saya harus mencari-cari informasi dan fitur yang saya butuhkan.

Namun, ada beberapa hal yang baik tentang Portal Akademik, seperti Akses informasi yang mudah  Portal Akademik menyediakan akses informasi yang mudah tentang nilai, jadwal kuliah, dan informasi lainnya.",12,1,,pengalaman saya menggunakan portal akademik web adalah buruk alasannya adalah portal akademik memiliki desain yang tidak intuitif dan sulit dinavigasi saya harus mencari cari informasi dan fitur yang saya butuhkan namun ada beberapa hal yang baik tentang portal akademik seperti akses informasi yang mudah portal akademik menyediakan akses informasi yang mudah tentang nilai jadwal kuliah dan informasi lainnya,"['pengalaman', 'saya', 'menggunakan', 'portal', 'akademik', 'web', 'adalah', 'buruk', 'alasannya', 'adalah', 'portal', 'akademik', 'memiliki', 'desain', 'yang', 'tidak', 'intuitif', 'dan', 'sulit', 'dinavigasi', 'saya', 'harus', 'mencari', 'cari', 'informasi', 'dan', 'fitur', 'yang', 'saya', 'butuhkan', 'namun', 'ada', 'beberapa', 'hal', 'yang', 'baik', 'tentang', 'portal', 'akademik', 'seperti', 'akses', 'informasi', 'yang', 'mudah', 'portal', 'akademik', 'menyediakan', 'akses', 'informasi', 'yang', 'mudah', 'tentang', 'nilai', 'jadwal', 'kuliah', 'dan', 'informasi', 'lainnya']","['pengalaman', 'menggunakan', 'portal', 'akademik', 'web', 'buruk', 'alasannya', 'portal', 'akademik', 'memiliki', 'desain', 'tidak', 'intuitif', 'sulit', 'dinavigasi', 'mencari', 'cari', 'informasi', 'fitur', 'butuhkan', 'ada', 'hal', 'baik', 'portal', 'akademik', 'akses', 'informasi', 'mudah', 'portal', 'akademik', 'menyediakan', 'akses', 'informasi', 'mudah', 'nilai', 'jadwal', 'kuliah', 'informasi', 'lainnya']","['pengalaman', 'menggunakan', 'portal', 'akademik', 'web', 'buruk', 'alasannya', 'portal', 'akademik', 'memiliki', 'desain', 'tidak', 'intuitif', 'sulit', 'dinavigasi', 'mencari', 'cari', 'informasi', 'fitur', 'butuhkan', 'ada', 'hal', 'baik', 'portal', 'akademik', 'akses', 'informasi', 'mudah', 'portal', 'akademik', 'menyediakan', 'akses', 'informasi', 'mudah', 'nilai', 'jadwal', 'kuliah', 'informasi', 'lainnya']",pengalaman menggunakan portal akademik web buruk alasannya portal akademik memiliki desain tidak intuitif sulit dinavigasi mencari cari informasi fitur butuhkan ada hal baik portal akademik akses informasi mudah portal akademik menyediakan akses informasi mudah nilai jadwal kuliah informasi lainnya
012-02,08/01/2026 22:49:57,MyClass UMSU,"Pengalaman saya menggunakan Portal Akademik (WEB) adalah buruk. Alasannya adalah:
Desain yang tidak user-friendly Portal Akademik memiliki desain yang tidak intuitif dan sulit dinavigasi. Saya harus mencari-cari informasi dan fitur yang saya butuhkan.


Namun, ada  hal yang baik tentang Portal Akademik, seperti:
Akses informasi yang mudah  Portal Akademik menyediakan akses informasi yang mudah tentang nilai, jadwal kuliah, dan informasi lainnya.",12,2,,pengalaman saya menggunakan portal akademik web adalah buruk alasannya adalah desain yang tidak user friendly portal akademik memiliki desain yang tidak intuitif dan sulit dinavigasi saya harus mencari cari informasi dan fitur yang saya butuhkan namun ada hal yang baik tentang portal akademik seperti akses informasi yang mudah portal akademik menyediakan akses informasi yang mudah tentang nilai jadwal kuliah dan informasi lainnya,"['pengalaman', 'saya', 'menggunakan', 'portal', 'akademik', 'web', 'adalah', 'buruk', 'alasannya', 'adalah', 'desain', 'yang', 'tidak', 'user', 'friendly', 'portal', 'akademik', 'memiliki', 'desain', 'yang', 'tidak', 'intuitif', 'dan', 'sulit', 'dinavigasi', 'saya', 'harus', 'mencari', 'cari', 'informasi', 'dan', 'fitur', 'yang', 'saya', 'butuhkan', 'namun', 'ada', 'hal', 'yang', 'baik', 'tentang', 'portal', 'akademik', 'seperti', 'akses', 'informasi', 'yang', 'mudah', 'portal', 'akademik', 'menyediakan', 'akses', 'informasi', 'yang', 'mudah', 'tentang', 'nilai', 'jadwal', 'kuliah', 'dan', 'informasi', 'lainnya']","['pengalaman', 'menggunakan', 'portal', 'akademik', 'web', 'buruk', 'alasannya', 'desain', 'tidak', 'user', 'friendly', 'portal', 'akademik', 'memiliki', 'desain', 'tidak', 'intuitif', 'sulit', 'dinavigasi', 'mencari', 'cari', 'informasi', 'fitur', 'butuhkan', 'ada', 'hal', 'baik', 'portal', 'akademik', 'akses', 'informasi', 'mudah', 'portal', 'akademik', 'menyediakan', 'akses', 'informasi', 'mudah', 'nilai', 'jadwal', 'kuliah', 'informasi', 'lainnya']","['pengalaman', 'menggunakan', 'portal', 'akademik', 'web', 'buruk', 'alasannya', 'desain', 'tidak', 'user', 'friendly', 'portal', 'akademik', 'memiliki', 'desain', 'tidak', 'intuitif', 'sulit', 'dinavigasi', 'mencari', 'cari', 'informasi', 'fitur', 'butuhkan', 'ada', 'hal', 'baik', 'portal', 'akademik', 'akses', 'informasi', 'mudah', 'portal', 'akademik', 'menyediakan', 'akses', 'informasi', 'mudah', 'nilai', 'jadwal', 'kuliah', 'informasi', 'lainnya']",pengalaman menggunakan portal akademik web buruk alasannya desain tidak user friendly portal akademik memiliki desain tidak intuitif sulit dinavigasi mencari cari informasi fitur butuhkan ada hal baik portal akademik akses informasi mudah portal akademik menyediakan akses informasi mudah nilai jadwal kuliah informasi lainnya
012-03,08/01/2026 22:49:57,WiFi Kampus,"Pengalaman saya menggunakan Portal Akademik (WEB) adalah buruk. Alasannya adalah Desain yang tidak user-friendlyPortal Akademik memiliki desain yang tidak intuitif dan sulit dinavigasi. Saya harus mencari-cari informasi dan fitur yang saya butuhkan.

Namun, ada beberapa hal yang baik tentang Portal Akademik, seperti Akses informasi yang mudah : Portal Akademik menyediakan akses informasi yang mudah tentang nilai, jadwal kuliah, dan informasi lainnya.",12,3,,pengalaman saya menggunakan portal akademik web adalah buruk alasannya adalah desain yang tidak user friendlyportal akademik memiliki desain yang tidak intuitif dan sulit dinavigasi saya harus mencari cari informasi dan fitur yang saya butuhkan namun ada beberapa hal yang baik tentang portal akademik seperti akses informasi yang mudah portal akademik menyediakan akses informasi yang mudah tentang nilai jadwal kuliah dan informasi lainnya,"['pengalaman', 'saya', 'menggunakan', 'portal', 'akademik', 'web', 'adalah', 'buruk', 'alasannya', 'adalah', 'desain', 'yang', 'tidak', 'user', 'friendlyportal', 'akademik', 'memiliki', 'desain', 'yang', 'tidak', 'intuitif', 'dan', 'sulit', 'dinavigasi', 'saya', 'harus', 'mencari', 'cari', 'informasi', 'dan', 'fitur', 'yang', 'saya', 'butuhkan', 'namun', 'ada', 'beberapa', 'hal', 'yang', 'baik', 'tentang', 'portal', 'akademik', 'seperti', 'akses', 'informasi', 'yang', 'mudah', 'portal', 'akademik', 'menyediakan', 'akses', 'informasi', 'yang', 'mudah', 'tentang', 'nilai', 'jadwal', 'kuliah', 'dan', 'informasi', 'lainnya']","['pengalaman', 'menggunakan', 'portal', 'akademik', 'web', 'buruk', 'alasannya', 'desain', 'tidak', 'user', 'friendlyportal', 'akademik', 'memiliki', 'desain', 'tidak', 'intuitif', 'sulit', 'dinavigasi', 'mencari', 'cari', 'informasi', 'fitur', 'butuhkan', 'ada', 'hal', 'baik', 'portal', 'akademik', 'akses', 'informasi', 'mudah', 'portal', 'akademik', 'menyediakan', 'akses', 'informasi', 'mudah', 'nilai', 'jadwal', 'kuliah', 'informasi', 'lainnya']","['pengalaman', 'menggunakan', 'portal', 'akademik', 'web', 'buruk', 'alasannya', 'desain', 'tidak', 'user', 'friendlyportal', 'akademik', 'memiliki', 'desain', 'tidak', 'intuitif', 'sulit', 'dinavigasi', 'mencari', 'cari', 'informasi', 'fitur', 'butuhkan', 'ada', 'hal', 'baik', 'portal', 'akademik', 'akses', 'informasi', 'mudah', 'portal', 'akademik', 'menyediakan', 'akses', 'informasi', 'mudah', 'nilai', 'jadwal', 'kuliah', 'informasi', 'lainnya']",pengalaman menggunakan portal akademik web buruk alasannya desain tidak user friendlyportal akademik memiliki desain tidak intuitif sulit dinavigasi mencari cari informasi fitur butuhkan ada hal baik portal akademik akses informasi mudah portal akademik menyediakan akses informasi mudah nilai jadwal kuliah informasi lainnya
012-04,08/01/2026 22:49:57,Helpdesk/Technical Support,"Saya belum pernah menggunakann helpdesk atau support it umsu, krn belum ada kendala🙏",12,4,,saya belum pernah menggunakann helpdesk atau support it umsu krn belum ada kendala,"['saya', 'belum', 'pernah', 'menggunakann', 'helpdesk', 'atau', 'support', 'it', 'umsu', 'krn', 'belum', 'ada', 'kendala']","['belum', 'pernah', 'menggunakann', 'helpdesk', 'support', 'it', 'umsu', 'krn', 'belum', 'ada', 'kendala']","['belum', 'pernah', 'menggunakann', 'helpdesk', 'support', 'it', 'umsu', 'krn', 'belum', 'ada', 'kendala']",belum pernah menggunakann helpdesk support it umsu krn belum ada kendala
012-05,08/01/2026 22:49:57,Saran Peningkatan,"Perbarui desain portal akademik untuk membuat nya user friendly dan intuitif, sehingga lebih mudah dipahami oleh pengguna",12,5,,perbarui desain portal akademik untuk membuat nya user friendly dan intuitif sehingga lebih mudah dipahami oleh pengguna,"['perbarui', 'desain', 'portal', 'akademik', 'untuk', 'membuat', 'nya', 'user', 'friendly', 'dan', 'intuitif', 'sehingga', 'lebih', 'mudah', 'dipahami', 'oleh', 'pengguna']","['perbarui', 'desain', 'portal', 'akademik', 'membuat', 'user', 'friendly', 'intuitif', 'sehingga', 'mudah', 'dipahami', 'pengguna']","['perbarui', 'desain', 'portal', 'akademik', 'membuat', 'user', 'friendly', 'intuitif', 'sehingga', 'mudah', 'dipahami', 'pengguna']",perbarui desain portal akademik membuat user friendly intuitif sehingga mudah dipahami pengguna
013-01,08/01/2026 22:51:27,Portal Akademik (WEB),Portal akademik(web) sgt berguna ketika aplikasi umsu academy error,13,1,positif,portal akademik web sgt berguna ketika aplikasi umsu academy error,"['portal', 'akademik', 'web', 'sgt', 'berguna', 'ketika', 'aplikasi', 'umsu', 'academy', 'error']","['portal', 'akademik', 'web', 'sgt', 'berguna', 'ketika', 'aplikasi', 'umsu', 'academy', 'error']","['portal', 'akademik', 'web', 'sgt', 'berguna', 'ketika', 'aplikasi', 'umsu', 'academy', 'error']",portal akademik web sgt berguna ketika aplikasi umsu academy error
013-02,08/01/2026 22:51:27,MyClass UMSU,"MyClass susah login, sering muncul ""password salah""",13,2,,myclass susah login sering muncul password salah,"['myclass', 'susah', 'login', 'sering', 'muncul', 'password', 'salah']","['myclass', 'susah', 'login', 'sering', 'muncul', 'password', 'salah']","['myclass', 'susah', 'login', 'sering', 'muncul', 'password', 'salah']",myclass susah login sering muncul password salah
013-03,08/01/2026 22:51:27,WiFi Kampus,Wifinya nge-lag,13,3,,wifinya nge lag,"['wifinya', 'nge', 'lag']","['wifinya', 'nge', 'lag']","['wifinya', 'nge', 'lag']",wifinya nge lag
013-04,08/01/2026 22:51:27,Helpdesk/Technical Support,tidak ada masalah,13,4,,tidak ada masalah,"['tidak', 'ada', 'masalah']","['tidak', 'ada', 'masalah']","['tidak', 'ada', 'masalah']",tidak ada masalah
013-05,08/01/2026 22:51:27,Saran Peningkatan,sudah keren,13,5,,sudah keren,"['sudah', 'keren']",['keren'],['keren'],keren
014-01,08/01/2026 22:51:46,Portal Akademik (WEB),"Baiknya mudah fahami dan digunakan
Buruknya Agak kesal karena kalo login tiba-tiba error disuruh login lagi",14,1,,baiknya mudah fahami dan digunakan buruknya agak kesal karena kalo login tiba tiba error disuruh login lagi,"['baiknya', 'mudah', 'fahami', 'dan', 'digunakan', 'buruknya', 'agak', 'kesal', 'karena', 'kalo', 'login', 'tiba', 'tiba', 'error', 'disuruh', 'login', 'lagi']","['baiknya', 'mudah', 'fahami', 'digunakan', 'buruknya', 'agak', 'kesal', 'kalo', 'login', 'tiba', 'tiba', 'error', 'disuruh', 'login']","['baiknya', 'mudah', 'fahami', 'digunakan', 'buruknya', 'agak', 'kesal', 'kalo', 'login', 'tiba', 'tiba', 'error', 'disuruh', 'login']",baiknya mudah fahami digunakan buruknya agak kesal kalo login tiba tiba error disuruh login
014-02,08/01/2026 22:51:46,MyClass UMSU,Karena masih baru jadi agak bingung pakainya mungkin..,14,2,,karena masih baru jadi agak bingung pakainya mungkin,"['karena', 'masih', 'baru', 'jadi', 'agak', 'bingung', 'pakainya', 'mungkin']","['masih', 'baru', 'jadi', 'agak', 'bingung', 'pakainya', 'mungkin']","['masih', 'baru', 'jadi', 'agak', 'bingung', 'pakainya', 'mungkin']",masih baru jadi agak bingung pakainya mungkin
014-03,08/01/2026 22:51:46,WiFi Kampus,Pernah agak lambat,14,3,,pernah agak lambat,"['pernah', 'agak', 'lambat']","['pernah', 'agak', 'lambat']","['pernah', 'agak', 'lambat']",pernah agak lambat
014-04,08/01/2026 22:51:46,Helpdesk/Technical Support,Tidak ada,14,4,,tidak ada,"['tidak', 'ada']","['tidak', 'ada']","['tidak', 'ada']",tidak ada
014-05,08/01/2026 22:51:46,Saran Peningkatan,Saran saya lebih diperhatikan lagi layanannya,14,5,,saran saya lebih diperhatikan lagi layanannya,"['saran', 'saya', 'lebih', 'diperhatikan', 'lagi', 'layanannya']","['saran', 'diperhatikan', 'layanannya']","['saran', 'diperhatikan', 'layanannya']",saran diperhatikan layanannya
015-01,08/01/2026 22:54:07,Portal Akademik (WEB),Informasi pada web lengkap dan mudah dipahami,15,1,,informasi pada web lengkap dan mudah dipahami,"['informasi', 'pada', 'web', 'lengkap', 'dan', 'mudah', 'dipahami']","['informasi', 'web', 'lengkap', 'mudah', 'dipahami']","['informasi', 'web', 'lengkap', 'mudah', 'dipahami']",informasi web lengkap mudah dipahami
015-02,08/01/2026 22:54:07,MyClass UMSU,"Saat sedang ramai susah diakses, tampilan agak sulit dipahami, masih sering kebingungan mencari icon/button",15,2,,saat sedang ramai susah diakses tampilan agak sulit dipahami masih sering kebingungan mencari icon button,"['saat', 'sedang', 'ramai', 'susah', 'diakses', 'tampilan', 'agak', 'sulit', 'dipahami', 'masih', 'sering', 'kebingungan', 'mencari', 'icon', 'button']","['saat', 'sedang', 'ramai', 'susah', 'diakses', 'tampilan', 'agak', 'sulit', 'dipahami', 'masih', 'sering', 'kebingungan', 'mencari', 'icon', 'button']","['saat', 'sedang', 'ramai', 'susah', 'diakses', 'tampilan', 'agak', 'sulit', 'dipahami', 'masih', 'sering', 'kebingungan', 'mencari', 'icon', 'button']",saat sedang ramai susah diakses tampilan agak sulit dipahami masih sering kebingungan mencari icon button
015-03,08/01/2026 22:54:07,WiFi Kampus,Wifi tidak lemot dan cepat connect ke device,15,3,,wifi tidak lemot dan cepat connect ke device,"['wifi', 'tidak', 'lemot', 'dan', 'cepat', 'connect', 'ke', 'device']","['wifi', 'tidak', 'lemot', 'cepat', 'connect', 'device']","['wifi', 'tidak', 'lemot', 'cepat', 'connect', 'device']",wifi tidak lemot cepat connect device
015-04,08/01/2026 22:54:07,Helpdesk/Technical Support,Menurut teman-teman saya cepat ditanggapi (karena saya tidak pernah menggunakannya),15,4,,menurut teman teman saya cepat ditanggapi karena saya tidak pernah menggunakannya,"['menurut', 'teman', 'teman', 'saya', 'cepat', 'ditanggapi', 'karena', 'saya', 'tidak', 'pernah', 'menggunakannya']","['menurut', 'teman', 'teman', 'cepat', 'ditanggapi', 'tidak', 'pernah', 'menggunakannya']","['menurut', 'teman', 'teman', 'cepat', 'ditanggapi', 'tidak', 'pernah', 'menggunakannya']",menurut teman teman cepat ditanggapi tidak pernah menggunakannya
015-05,08/01/2026 22:54:07,Saran Peningkatan,Semoga lebih baik lagi,15,5,,semoga lebih baik lagi,"['semoga', 'lebih', 'baik', 'lagi']","['semoga', 'baik']","['semoga', 'baik']",semoga baik
016-01,08/01/2026 22:54:58,Portal Akademik (WEB),"bagus sih cuma kadang pas di buka error"" terus harus di ulang"" sampe bisaa",16,1,,bagus sih cuma kadang pas di buka error terus harus di ulang sampe bisaa,"['bagus', 'sih', 'cuma', 'kadang', 'pas', 'di', 'buka', 'error', 'terus', 'harus', 'di', 'ulang', 'sampe', 'bisaa']","['bagus', 'sih', 'cuma', 'kadang', 'pas', 'buka', 'error', 'terus', 'ulang', 'sampe', 'bisaa']","['bagus', 'sih', 'cuma', 'kadang', 'pas', 'buka', 'error', 'terus', 'ulang', 'sampe', 'bisaa']",bagus sih cuma kadang pas buka error terus ulang sampe bisaa
016-03,08/01/2026 22:54:58,WiFi Kampus,"susah nyambung, dan di kasih password dan hampir tidak bisa di gunakan dan ngelag sekali",16,3,,susah nyambung dan di kasih password dan hampir tidak bisa di gunakan dan ngelag sekali,"['susah', 'nyambung', 'dan', 'di', 'kasih', 'password', 'dan', 'hampir', 'tidak', 'bisa', 'di', 'gunakan', 'dan', 'ngelag', 'sekali']","['susah', 'nyambung', 'kasih', 'password', 'hampir', 'tidak', 'gunakan', 'ngelag', 'sekali']","['susah', 'nyambung', 'kasih', 'password', 'hampir', 'tidak', 'gunakan', 'ngelag', 'sekali']",susah nyambung kasih password hampir tidak gunakan ngelag sekali
017-01,08/01/2026 22:55:10,Portal Akademik (WEB),"pengalaman saya pakai Portal Akademik (WEB) itu cukup ngebantu walaupun kadang ga selalu lancar. baik nya tuh di portal ini bisa lihat info kayak jadwal, krs, khs, data pembayaran ukt, dan infonya juga bisa diakses sama orang tua. tapi minusnya kadang webnya lemot dan susah dibuka pas jam ramai, apalagi waktu isi krs dan mau pembayaran ukt",17,1,,pengalaman saya pakai portal akademik web itu cukup ngebantu walaupun kadang ga selalu lancar baik nya tuh di portal ini bisa lihat info kayak jadwal krs khs data pembayaran ukt dan infonya juga bisa diakses sama orang tua tapi minusnya kadang webnya lemot dan susah dibuka pas jam ramai apalagi waktu isi krs dan mau pembayaran ukt,"['pengalaman', 'saya', 'pakai', 'portal', 'akademik', 'web', 'itu', 'cukup', 'ngebantu', 'walaupun', 'kadang', 'ga', 'selalu', 'lancar', 'baik', 'nya', 'tuh', 'di', 'portal', 'ini', 'bisa', 'lihat', 'info', 'kayak', 'jadwal', 'krs', 'khs', 'data', 'pembayaran', 'ukt', 'dan', 'infonya', 'juga', 'bisa', 'diakses', 'sama', 'orang', 'tua', 'tapi', 'minusnya', 'kadang', 'webnya', 'lemot', 'dan', 'susah', 'dibuka', 'pas', 'jam', 'ramai', 'apalagi', 'waktu', 'isi', 'krs', 'dan', 'mau', 'pembayaran', 'ukt']","['pengalaman', 'pakai', 'portal', 'akademik', 'web', 'cukup', 'ngebantu', 'kadang', 'ga', 'selalu', 'lancar', 'baik', 'tuh', 'portal', 'lihat', 'info', 'kayak', 'jadwal', 'krs', 'khs', 'data', 'pembayaran', 'ukt', 'infonya', 'diakses', 'sama', 'orang', 'tua', 'minusnya', 'kadang', 'webnya', 'lemot', 'susah', 'dibuka', 'pas', 'jam', 'ramai', 'apalagi', 'waktu', 'isi', 'krs', 'mau', 'pembayaran', 'ukt']","['pengalaman', 'pakai', 'portal', 'akademik', 'web', 'cukup', 'ngebantu', 'kadang', 'ga', 'selalu', 'lancar', 'baik', 'tuh', 'portal', 'lihat', 'info', 'kayak', 'jadwal', 'krs', 'khs', 'data', 'pembayaran', 'ukt', 'infonya', 'diakses', 'sama', 'orang', 'tua', 'minusnya', 'kadang', 'webnya', 'lemot', 'susah', 'dibuka', 'pas', 'jam', 'ramai', 'apalagi', 'waktu', 'isi', 'krs', 'mau', 'pembayaran', 'ukt']",pengalaman pakai portal akademik web cukup ngebantu kadang ga selalu lancar baik tuh portal lihat info kayak jadwal krs khs data pembayaran ukt infonya diakses sama orang tua minusnya kadang webnya lemot susah dibuka pas jam ramai apalagi waktu isi krs mau pembayaran ukt
017-02,08/01/2026 22:55:10,MyClass UMSU,"pengalaman saya pakai MyClass UMSU itu cukup ngebantu buat lihat materi, tugas, absensi dan pengumuman dari dosen. tapi minusnya, sistemnya kadang pas hari libur ga bisa di akses padahal kadang justru di hari libur mau ngerjain tugas atau buka materi",17,2,,pengalaman saya pakai myclass umsu itu cukup ngebantu buat lihat materi tugas absensi dan pengumuman dari dosen tapi minusnya sistemnya kadang pas hari libur ga bisa di akses padahal kadang justru di hari libur mau ngerjain tugas atau buka materi,"['pengalaman', 'saya', 'pakai', 'myclass', 'umsu', 'itu', 'cukup', 'ngebantu', 'buat', 'lihat', 'materi', 'tugas', 'absensi', 'dan', 'pengumuman', 'dari', 'dosen', 'tapi', 'minusnya', 'sistemnya', 'kadang', 'pas', 'hari', 'libur', 'ga', 'bisa', 'di', 'akses', 'padahal', 'kadang', 'justru', 'di', 'hari', 'libur', 'mau', 'ngerjain', 'tugas', 'atau', 'buka', 'materi']","['pengalaman', 'pakai', 'myclass', 'umsu', 'cukup', 'ngebantu', 'buat', 'lihat', 'materi', 'tugas', 'absensi', 'pengumuman', 'dosen', 'minusnya', 'sistemnya', 'kadang', 'pas', 'hari', 'libur', 'ga', 'akses', 'padahal', 'kadang', 'justru', 'hari', 'libur', 'mau', 'ngerjain', 'tugas', 'buka', 'materi']","['pengalaman', 'pakai', 'myclass', 'umsu', 'cukup', 'ngebantu', 'buat', 'lihat', 'materi', 'tugas', 'absensi', 'pengumuman', 'dosen', 'minusnya', 'sistemnya', 'kadang', 'pas', 'hari', 'libur', 'ga', 'akses', 'padahal', 'kadang', 'justru', 'hari', 'libur', 'mau', 'ngerjain', 'tugas', 'buka', 'materi']",pengalaman pakai myclass umsu cukup ngebantu buat lihat materi tugas absensi pengumuman dosen minusnya sistemnya kadang pas hari libur ga akses padahal kadang justru hari libur mau ngerjain tugas buka materi
017-03,08/01/2026 22:55:10,WiFi Kampus,"sepengalaman saya, menurut saya WiFi kampus UMSU itu belum merata. Kalau di fikti sih biasanya oke dan bisa dipakai dgn lancar. tapi kalau lagi kelas di fai, sering ga ada jaringan, bahkan kadang untuk muka myclass buat absen aja loadingnya lama. apalagi di perpustakaan, wifi nya sering lemot jadi susah untuk mengerjakan tugas di perpustakaan",17,3,,sepengalaman saya menurut saya wifi kampus umsu itu belum merata kalau di fikti sih biasanya oke dan bisa dipakai dgn lancar tapi kalau lagi kelas di fai sering ga ada jaringan bahkan kadang untuk muka myclass buat absen aja loadingnya lama apalagi di perpustakaan wifi nya sering lemot jadi susah untuk mengerjakan tugas di perpustakaan,"['sepengalaman', 'saya', 'menurut', 'saya', 'wifi', 'kampus', 'umsu', 'itu', 'belum', 'merata', 'kalau', 'di', 'fikti', 'sih', 'biasanya', 'oke', 'dan', 'bisa', 'dipakai', 'dgn', 'lancar', 'tapi', 'kalau', 'lagi', 'kelas', 'di', 'fai', 'sering', 'ga', 'ada', 'jaringan', 'bahkan', 'kadang', 'untuk', 'muka', 'myclass', 'buat', 'absen', 'aja', 'loadingnya', 'lama', 'apalagi', 'di', 'perpustakaan', 'wifi', 'nya', 'sering', 'lemot', 'jadi', 'susah', 'untuk', 'mengerjakan', 'tugas', 'di', 'perpustakaan']","['sepengalaman', 'menurut', 'wifi', 'kampus', 'umsu', 'belum', 'merata', 'kalau', 'fikti', 'sih', 'biasanya', 'oke', 'dipakai', 'dgn', 'lancar', 'kalau', 'kelas', 'fai', 'sering', 'ga', 'ada', 'jaringan', 'bahkan', 'kadang', 'muka', 'myclass', 'buat', 'absen', 'aja', 'loadingnya', 'lama', 'apalagi', 'perpustakaan', 'wifi', 'sering', 'lemot', 'jadi', 'susah', 'mengerjakan', 'tugas', 'perpustakaan']","['sepengalaman', 'menurut', 'wifi', 'kampus', 'umsu', 'belum', 'merata', 'kalau', 'fikti', 'sih', 'biasanya', 'oke', 'dipakai', 'dgn', 'lancar', 'kalau', 'kelas', 'fai', 'sering', 'ga', 'ada', 'jaringan', 'bahkan', 'kadang', 'muka', 'myclass', 'buat', 'absen', 'aja', 'loadingnya', 'lama', 'apalagi', 'perpustakaan', 'wifi', 'sering', 'lemot', 'jadi', 'susah', 'mengerjakan', 'tugas', 'perpustakaan']",sepengalaman menurut wifi kampus umsu belum merata kalau fikti sih biasanya oke dipakai dgn lancar kalau kelas fai sering ga ada jaringan bahkan kadang muka myclass buat absen aja loadingnya lama apalagi perpustakaan wifi sering lemot jadi susah mengerjakan tugas perpustakaan
017-05,08/01/2026 22:55:10,Saran Peningkatan,"saya belum pernah secara langsung menggunakan layanan SI & TI, tapi menurut saya layanan tersebut sebaiknya bisa melayani mahasiswa dengan cepat, responsif, dan memberikan solusi yang tepat kalau ada kendala.",17,5,,saya belum pernah secara langsung menggunakan layanan si ti tapi menurut saya layanan tersebut sebaiknya bisa melayani mahasiswa dengan cepat responsif dan memberikan solusi yang tepat kalau ada kendala,"['saya', 'belum', 'pernah', 'secara', 'langsung', 'menggunakan', 'layanan', 'si', 'ti', 'tapi', 'menurut', 'saya', 'layanan', 'tersebut', 'sebaiknya', 'bisa', 'melayani', 'mahasiswa', 'dengan', 'cepat', 'responsif', 'dan', 'memberikan', 'solusi', 'yang', 'tepat', 'kalau', 'ada', 'kendala']","['belum', 'pernah', 'secara', 'langsung', 'menggunakan', 'layanan', 'si', 'ti', 'menurut', 'layanan', 'tersebut', 'sebaiknya', 'melayani', 'mahasiswa', 'cepat', 'responsif', 'memberikan', 'solusi', 'tepat', 'kalau', 'ada', 'kendala']","['belum', 'pernah', 'secara', 'langsung', 'menggunakan', 'layanan', 'si', 'ti', 'menurut', 'layanan', 'tersebut', 'sebaiknya', 'melayani', 'mahasiswa', 'cepat', 'responsif', 'memberikan', 'solusi', 'tepat', 'kalau', 'ada', 'kendala']",belum pernah secara langsung menggunakan layanan si ti menurut layanan tersebut sebaiknya melayani mahasiswa cepat responsif memberikan solusi tepat kalau ada kendala
018-01,08/01/2026 22:58:26,Portal Akademik (WEB),Tidak ada,18,1,,tidak ada,"['tidak', 'ada']","['tidak', 'ada']","['tidak', 'ada']",tidak ada
018-02,08/01/2026 22:58:26,MyClass UMSU,Lebih suka menggunakan elearning dari pada myclass,18,2,,lebih suka menggunakan elearning dari pada myclass,"['lebih', 'suka', 'menggunakan', 'elearning', 'dari', 'pada', 'myclass']","['suka', 'menggunakan', 'elearning', 'myclass']","['suka', 'menggunakan', 'elearning', 'myclass']",suka menggunakan elearning myclass
018-03,08/01/2026 22:58:26,WiFi Kampus,Sering lola wifi nya jika digunakan,18,3,,sering lola wifi nya jika digunakan,"['sering', 'lola', 'wifi', 'nya', 'jika', 'digunakan']","['sering', 'lola', 'wifi', 'digunakan']","['sering', 'lola', 'wifi', 'digunakan']",sering lola wifi digunakan
018-04,08/01/2026 22:58:26,Helpdesk/Technical Support,Tidak ada,18,4,,tidak ada,"['tidak', 'ada']","['tidak', 'ada']","['tidak', 'ada']",tidak ada
018-05,08/01/2026 22:58:26,Saran Peningkatan,Tidak ada,18,5,,tidak ada,"['tidak', 'ada']","['tidak', 'ada']","['tidak', 'ada']",tidak ada
019-01,08/01/2026 23:04:18,Portal Akademik (WEB),"baik, tidak ada alasan",19,1,,baik tidak ada alasan,"['baik', 'tidak', 'ada', 'alasan']","['baik', 'tidak', 'ada', 'alasan']","['baik', 'tidak', 'ada', 'alasan']",baik tidak ada alasan
019-02,08/01/2026 23:04:18,MyClass UMSU,Baik,19,2,,baik,['baik'],['baik'],['baik'],baik
019-03,08/01/2026 23:04:18,WiFi Kampus,Baik,19,3,,baik,['baik'],['baik'],['baik'],baik
019-04,08/01/2026 23:04:18,Helpdesk/Technical Support,Baik,19,4,,baik,['baik'],['baik'],['baik'],baik
019-05,08/01/2026 23:04:18,Saran Peningkatan,tidak ada,19,5,,tidak ada,"['tidak', 'ada']","['tidak', 'ada']","['tidak', 'ada']",tidak ada
020-01,08/01/2026 23:05:35,Portal Akademik (WEB),bagus aja,20,1,,bagus aja,"['bagus', 'aja']","['bagus', 'aja']","['bagus', 'aja']",bagus aja
020-02,08/01/2026 23:05:35,MyClass UMSU,bagus aja,20,2,,bagus aja,"['bagus', 'aja']","['bagus', 'aja']","['bagus', 'aja']",bagus aja
020-03,08/01/2026 23:05:35,WiFi Kampus,lemottt wifi nya,20,3,,lemottt wifi nya,"['lemottt', 'wifi', 'nya']","['lemottt', 'wifi']","['lemottt', 'wifi']",lemottt wifi
020-05,08/01/2026 23:05:35,Saran Peningkatan,"gada si, wifi aja bagusin",20,5,,gada si wifi aja bagusin,"['gada', 'si', 'wifi', 'aja', 'bagusin']","['gada', 'si', 'wifi', 'aja', 'bagusin']","['gada', 'si', 'wifi', 'aja', 'bagusin']",gada si wifi aja bagusin
021-01,08/01/2026 23:06:55,Portal Akademik (WEB),"pengalaman baik saat webnya lancar, pengalaman buruk saat webnya down dimasa masa mahasiswa banyak akses ke webnya",21,1,,pengalaman baik saat webnya lancar pengalaman buruk saat webnya down dimasa masa mahasiswa banyak akses ke webnya,"['pengalaman', 'baik', 'saat', 'webnya', 'lancar', 'pengalaman', 'buruk', 'saat', 'webnya', 'down', 'dimasa', 'masa', 'mahasiswa', 'banyak', 'akses', 'ke', 'webnya']","['pengalaman', 'baik', 'saat', 'webnya', 'lancar', 'pengalaman', 'buruk', 'saat', 'webnya', 'down', 'dimasa', 'masa', 'mahasiswa', 'akses', 'webnya']","['pengalaman', 'baik', 'saat', 'webnya', 'lancar', 'pengalaman', 'buruk', 'saat', 'webnya', 'down', 'dimasa', 'masa', 'mahasiswa', 'akses', 'webnya']",pengalaman baik saat webnya lancar pengalaman buruk saat webnya down dimasa masa mahasiswa akses webnya
021-02,08/01/2026 23:06:55,MyClass UMSU,saya belum pernah pakai,21,2,,saya belum pernah pakai,"['saya', 'belum', 'pernah', 'pakai']","['belum', 'pernah', 'pakai']","['belum', 'pernah', 'pakai']",belum pernah pakai
021-03,08/01/2026 23:06:55,WiFi Kampus,"pengalaman buruk tidak terlalu buruk si normal aja, cuma saat mau isi kehadiran ntah kenapa kadang di momen itu wifi nya kurang lancar",21,3,,pengalaman buruk tidak terlalu buruk si normal aja cuma saat mau isi kehadiran ntah kenapa kadang di momen itu wifi nya kurang lancar,"['pengalaman', 'buruk', 'tidak', 'terlalu', 'buruk', 'si', 'normal', 'aja', 'cuma', 'saat', 'mau', 'isi', 'kehadiran', 'ntah', 'kenapa', 'kadang', 'di', 'momen', 'itu', 'wifi', 'nya', 'kurang', 'lancar']","['pengalaman', 'buruk', 'tidak', 'terlalu', 'buruk', 'si', 'normal', 'aja', 'cuma', 'saat', 'mau', 'isi', 'kehadiran', 'ntah', 'kenapa', 'kadang', 'momen', 'wifi', 'kurang', 'lancar']","['pengalaman', 'buruk', 'tidak', 'terlalu', 'buruk', 'si', 'normal', 'aja', 'cuma', 'saat', 'mau', 'isi', 'kehadiran', 'ntah', 'kenapa', 'kadang', 'momen', 'wifi', 'kurang', 'lancar']",pengalaman buruk tidak terlalu buruk si normal aja cuma saat mau isi kehadiran ntah kenapa kadang momen wifi kurang lancar
021-04,08/01/2026 23:06:55,Helpdesk/Technical Support,belum pernah pakai,21,4,,belum pernah pakai,"['belum', 'pernah', 'pakai']","['belum', 'pernah', 'pakai']","['belum', 'pernah', 'pakai']",belum pernah pakai
021-05,08/01/2026 23:06:55,Saran Peningkatan,belum pernah pakai,21,5,,belum pernah pakai,"['belum', 'pernah', 'pakai']","['belum', 'pernah', 'pakai']","['belum', 'pernah', 'pakai']",belum pernah pakai
022-01,08/01/2026 23:09:53,Portal Akademik (WEB),lama loading atau susah mau akses mungkin karna trafic,22,1,,lama loading atau susah mau akses mungkin karna trafic,"['lama', 'loading', 'atau', 'susah', 'mau', 'akses', 'mungkin', 'karna', 'trafic']","['lama', 'loading', 'susah', 'mau', 'akses', 'mungkin', 'karna', 'trafic']","['lama', 'loading', 'susah', 'mau', 'akses', 'mungkin', 'karna', 'trafic']",lama loading susah mau akses mungkin karna trafic
022-02,08/01/2026 23:09:53,MyClass UMSU,karena baru masih meraba untuk memakai my class,22,2,,karena baru masih meraba untuk memakai my class,"['karena', 'baru', 'masih', 'meraba', 'untuk', 'memakai', 'my', 'class']","['baru', 'masih', 'meraba', 'memakai', 'my', 'class']","['baru', 'masih', 'meraba', 'memakai', 'my', 'class']",baru masih meraba memakai my class
022-03,08/01/2026 23:09:53,WiFi Kampus,wifi tidak menyebar merata,22,3,,wifi tidak menyebar merata,"['wifi', 'tidak', 'menyebar', 'merata']","['wifi', 'tidak', 'menyebar', 'merata']","['wifi', 'tidak', 'menyebar', 'merata']",wifi tidak menyebar merata
022-04,08/01/2026 23:09:53,Helpdesk/Technical Support,tidak ada,22,4,,tidak ada,"['tidak', 'ada']","['tidak', 'ada']","['tidak', 'ada']",tidak ada
022-05,08/01/2026 23:09:53,Saran Peningkatan,tidak ada,22,5,,tidak ada,"['tidak', 'ada']","['tidak', 'ada']","['tidak', 'ada']",tidak ada
023-01,08/01/2026 23:20:21,Portal Akademik (WEB),bagus,23,1,,bagus,['bagus'],['bagus'],['bagus'],bagus
023-02,08/01/2026 23:20:21,MyClass UMSU,okee,23,2,,okee,['okee'],['okee'],['okee'],okee
023-03,08/01/2026 23:20:21,WiFi Kampus,"susah conect,lemot,ga stabil",23,3,,susah conect lemot ga stabil,"['susah', 'conect', 'lemot', 'ga', 'stabil']","['susah', 'conect', 'lemot', 'ga', 'stabil']","['susah', 'conect', 'lemot', 'ga', 'stabil']",susah conect lemot ga stabil
023-04,08/01/2026 23:20:21,Helpdesk/Technical Support,tidak pernah,23,4,,tidak pernah,"['tidak', 'pernah']","['tidak', 'pernah']","['tidak', 'pernah']",tidak pernah
023-05,08/01/2026 23:20:21,Saran Peningkatan,wifi di perbanyak dan di percepat koneksi nya,23,5,,wifi di perbanyak dan di percepat koneksi nya,"['wifi', 'di', 'perbanyak', 'dan', 'di', 'percepat', 'koneksi', 'nya']","['wifi', 'perbanyak', 'percepat', 'koneksi']","['wifi', 'perbanyak', 'percepat', 'koneksi']",wifi perbanyak percepat koneksi
024-01,08/01/2026 23:21:18,Portal Akademik (WEB),"pas menggunakan portal saya pernah mengalami hal buruk, ketika kita klik salah satu fitur tiba"" eror",24,1,,pas menggunakan portal saya pernah mengalami hal buruk ketika kita klik salah satu fitur tiba eror,"['pas', 'menggunakan', 'portal', 'saya', 'pernah', 'mengalami', 'hal', 'buruk', 'ketika', 'kita', 'klik', 'salah', 'satu', 'fitur', 'tiba', 'eror']","['pas', 'menggunakan', 'portal', 'pernah', 'mengalami', 'hal', 'buruk', 'ketika', 'klik', 'salah', 'satu', 'fitur', 'tiba', 'eror']","['pas', 'menggunakan', 'portal', 'pernah', 'mengalami', 'hal', 'buruk', 'ketika', 'klik', 'salah', 'satu', 'fitur', 'tiba', 'eror']",pas menggunakan portal pernah mengalami hal buruk ketika klik salah satu fitur tiba eror
024-02,08/01/2026 23:21:18,MyClass UMSU,myclass susah di aksess suka eror,24,2,,myclass susah di aksess suka eror,"['myclass', 'susah', 'di', 'aksess', 'suka', 'eror']","['myclass', 'susah', 'aksess', 'suka', 'eror']","['myclass', 'susah', 'aksess', 'suka', 'eror']",myclass susah aksess suka eror
024-03,08/01/2026 23:21:18,WiFi Kampus,"wifinya menurut saya lancar"" saja walaupun terkadang pernah sedikit nge lag",24,3,,wifinya menurut saya lancar saja walaupun terkadang pernah sedikit nge lag,"['wifinya', 'menurut', 'saya', 'lancar', 'saja', 'walaupun', 'terkadang', 'pernah', 'sedikit', 'nge', 'lag']","['wifinya', 'menurut', 'lancar', 'terkadang', 'pernah', 'nge', 'lag']","['wifinya', 'menurut', 'lancar', 'terkadang', 'pernah', 'nge', 'lag']",wifinya menurut lancar terkadang pernah nge lag
024-04,08/01/2026 23:21:18,Helpdesk/Technical Support,tidak ada cerita,24,4,,tidak ada cerita,"['tidak', 'ada', 'cerita']","['tidak', 'ada', 'cerita']","['tidak', 'ada', 'cerita']",tidak ada cerita
024-05,08/01/2026 23:21:18,Saran Peningkatan,tidak ada saran,24,5,,tidak ada saran,"['tidak', 'ada', 'saran']","['tidak', 'ada', 'saran']","['tidak', 'ada', 'saran']",tidak ada saran
025-01,08/01/2026 23:24:43,Portal Akademik (WEB),"pernah beberapakali server down, yang membuat saya mengalami  kesulitan untuk mengakses sistem",25,1,,pernah beberapakali server down yang membuat saya mengalami kesulitan untuk mengakses sistem,"['pernah', 'beberapakali', 'server', 'down', 'yang', 'membuat', 'saya', 'mengalami', 'kesulitan', 'untuk', 'mengakses', 'sistem']","['pernah', 'beberapakali', 'server', 'down', 'membuat', 'mengalami', 'kesulitan', 'mengakses', 'sistem']","['pernah', 'beberapakali', 'server', 'down', 'membuat', 'mengalami', 'kesulitan', 'mengakses', 'sistem']",pernah beberapakali server down membuat mengalami kesulitan mengakses sistem
025-02,08/01/2026 23:24:43,MyClass UMSU,myclass kadang kadang susah diakses karna beberapa masalah,25,2,,myclass kadang kadang susah diakses karna beberapa masalah,"['myclass', 'kadang', 'kadang', 'susah', 'diakses', 'karna', 'beberapa', 'masalah']","['myclass', 'kadang', 'kadang', 'susah', 'diakses', 'karna', 'masalah']","['myclass', 'kadang', 'kadang', 'susah', 'diakses', 'karna', 'masalah']",myclass kadang kadang susah diakses karna masalah
025-03,08/01/2026 23:24:43,WiFi Kampus,wifi kampus memang bagus tapi terkadang susah juga buat connect,25,3,,wifi kampus memang bagus tapi terkadang susah juga buat connect,"['wifi', 'kampus', 'memang', 'bagus', 'tapi', 'terkadang', 'susah', 'juga', 'buat', 'connect']","['wifi', 'kampus', 'memang', 'bagus', 'terkadang', 'susah', 'buat', 'connect']","['wifi', 'kampus', 'memang', 'bagus', 'terkadang', 'susah', 'buat', 'connect']",wifi kampus memang bagus terkadang susah buat connect
025-04,08/01/2026 23:24:43,Helpdesk/Technical Support,tidak ada,25,4,,tidak ada,"['tidak', 'ada']","['tidak', 'ada']","['tidak', 'ada']",tidak ada
025-05,08/01/2026 23:24:43,Saran Peningkatan,semoga lebih baik dan lebih cepat responya,25,5,,semoga lebih baik dan lebih cepat responya,"['semoga', 'lebih', 'baik', 'dan', 'lebih', 'cepat', 'responya']","['semoga', 'baik', 'cepat', 'responya']","['semoga', 'baik', 'cepat', 'responya']",semoga baik cepat responya
026-01,08/01/2026 23:27:55,Portal Akademik (WEB),"Terdapat beberapa bug dan error pada sistem login, di mana pengguna sering terlogout secara tiba-tiba sehingga harus login ulang untuk mengakses halaman. Kondisi ini menimbulkan rasa kurang nyaman bagi pengguna dan hingga saat ini belum dilakukan perbaikan (fix) terhadap permasalahan tersebut. Sementara itu, dari segi fungsi, portal akademik sudah memenuhi kegunaannya dan menurut saya bahkan sudah lebih dari cukup. Pengembangan selanjutnya dapat difokuskan pada aspek tampilan (user interface) agar lebih menarik dan nyaman digunakan.",26,1,,terdapat beberapa bug dan error pada sistem login di mana pengguna sering terlogout secara tiba tiba sehingga harus login ulang untuk mengakses halaman kondisi ini menimbulkan rasa kurang nyaman bagi pengguna dan hingga saat ini belum dilakukan perbaikan fix terhadap permasalahan tersebut sementara itu dari segi fungsi portal akademik sudah memenuhi kegunaannya dan menurut saya bahkan sudah lebih dari cukup pengembangan selanjutnya dapat difokuskan pada aspek tampilan user interface agar lebih menarik dan nyaman digunakan,"['terdapat', 'beberapa', 'bug', 'dan', 'error', 'pada', 'sistem', 'login', 'di', 'mana', 'pengguna', 'sering', 'terlogout', 'secara', 'tiba', 'tiba', 'sehingga', 'harus', 'login', 'ulang', 'untuk', 'mengakses', 'halaman', 'kondisi', 'ini', 'menimbulkan', 'rasa', 'kurang', 'nyaman', 'bagi', 'pengguna', 'dan', 'hingga', 'saat', 'ini', 'belum', 'dilakukan', 'perbaikan', 'fix', 'terhadap', 'permasalahan', 'tersebut', 'sementara', 'itu', 'dari', 'segi', 'fungsi', 'portal', 'akademik', 'sudah', 'memenuhi', 'kegunaannya', 'dan', 'menurut', 'saya', 'bahkan', 'sudah', 'lebih', 'dari', 'cukup', 'pengembangan', 'selanjutnya', 'dapat', 'difokuskan', 'pada', 'aspek', 'tampilan', 'user', 'interface', 'agar', 'lebih', 'menarik', 'dan', 'nyaman', 'digunakan']","['terdapat', 'bug', 'error', 'sistem', 'login', 'mana', 'pengguna', 'sering', 'terlogout', 'secara', 'tiba', 'tiba', 'sehingga', 'login', 'ulang', 'mengakses', 'halaman', 'kondisi', 'menimbulkan', 'rasa', 'kurang', 'nyaman', 'pengguna', 'hingga', 'saat', 'belum', 'dilakukan', 'perbaikan', 'fix', 'permasalahan', 'tersebut', 'segi', 'fungsi', 'portal', 'akademik', 'memenuhi', 'kegunaannya', 'menurut', 'bahkan', 'cukup', 'pengembangan', 'selanjutnya', 'difokuskan', 'aspek', 'tampilan', 'user', 'interface', 'menarik', 'nyaman', 'digunakan']","['terdapat', 'bug', 'error', 'sistem', 'login', 'mana', 'pengguna', 'sering', 'terlogout', 'secara', 'tiba', 'tiba', 'sehingga', 'login', 'ulang', 'mengakses', 'halaman', 'kondisi', 'menimbulkan', 'rasa', 'kurang', 'nyaman', 'pengguna', 'hingga', 'saat', 'belum', 'dilakukan', 'perbaikan', 'fix', 'permasalahan', 'tersebut', 'segi', 'fungsi', 'portal', 'akademik', 'memenuhi', 'kegunaannya', 'menurut', 'bahkan', 'cukup', 'pengembangan', 'selanjutnya', 'difokuskan', 'aspek', 'tampilan', 'user', 'interface', 'menarik', 'nyaman', 'digunakan']",terdapat bug error sistem login mana pengguna sering terlogout secara tiba tiba sehingga login ulang mengakses halaman kondisi menimbulkan rasa kurang nyaman pengguna hingga saat belum dilakukan perbaikan fix permasalahan tersebut segi fungsi portal akademik memenuhi kegunaannya menurut bahkan cukup pengembangan selanjutnya difokuskan aspek tampilan user interface menarik nyaman digunakan
026-02,08/01/2026 23:27:55,MyClass UMSU,"Saya tidak mengetahui apakah hal ini hanya saya yang merasakannya, namun menurut saya MyClass cukup sulit untuk dinavigasikan atau dipahami alurnya. Jika dibandingkan dengan tampilan lama, saya menilai tampilan sebelumnya lebih mudah dipahami oleh pengguna. Selain itu, terdapat beberapa error saat mengakses link pada waktu tertentu. Bahkan, saya sempat mengalami kendala pada akun saya, di mana akun tersebut tidak dapat digunakan untuk login sama sekali.
Meski demikian, saya tetap mengapresiasi tim Web UMSU yang kemungkinan besar melakukan perubahan ini sebagai upaya untuk terus berkembang dan mengikuti perkembangan zaman. Secara keseluruhan, MyClass sudah memenuhi kebutuhan mahasiswa dan dosen dalam mendukung kegiatan studi dan pembelajaran.",26,2,,saya tidak mengetahui apakah hal ini hanya saya yang merasakannya namun menurut saya myclass cukup sulit untuk dinavigasikan atau dipahami alurnya jika dibandingkan dengan tampilan lama saya menilai tampilan sebelumnya lebih mudah dipahami oleh pengguna selain itu terdapat beberapa error saat mengakses link pada waktu tertentu bahkan saya sempat mengalami kendala pada akun saya di mana akun tersebut tidak dapat digunakan untuk login sama sekali meski demikian saya tetap mengapresiasi tim web umsu yang kemungkinan besar melakukan perubahan ini sebagai upaya untuk terus berkembang dan mengikuti perkembangan zaman secara keseluruhan myclass sudah memenuhi kebutuhan mahasiswa dan dosen dalam mendukung kegiatan studi dan pembelajaran,"['saya', 'tidak', 'mengetahui', 'apakah', 'hal', 'ini', 'hanya', 'saya', 'yang', 'merasakannya', 'namun', 'menurut', 'saya', 'myclass', 'cukup', 'sulit', 'untuk', 'dinavigasikan', 'atau', 'dipahami', 'alurnya', 'jika', 'dibandingkan', 'dengan', 'tampilan', 'lama', 'saya', 'menilai', 'tampilan', 'sebelumnya', 'lebih', 'mudah', 'dipahami', 'oleh', 'pengguna', 'selain', 'itu', 'terdapat', 'beberapa', 'error', 'saat', 'mengakses', 'link', 'pada', 'waktu', 'tertentu', 'bahkan', 'saya', 'sempat', 'mengalami', 'kendala', 'pada', 'akun', 'saya', 'di', 'mana', 'akun', 'tersebut', 'tidak', 'dapat', 'digunakan', 'untuk', 'login', 'sama', 'sekali', 'meski', 'demikian', 'saya', 'tetap', 'mengapresiasi', 'tim', 'web', 'umsu', 'yang', 'kemungkinan', 'besar', 'melakukan', 'perubahan', 'ini', 'sebagai', 'upaya', 'untuk', 'terus', 'berkembang', 'dan', 'mengikuti', 'perkembangan', 'zaman', 'secara', 'keseluruhan', 'myclass', 'sudah', 'memenuhi', 'kebutuhan', 'mahasiswa', 'dan', 'dosen', 'dalam', 'mendukung', 'kegiatan', 'studi', 'dan', 'pembelajaran']","['tidak', 'mengetahui', 'apakah', 'hal', 'merasakannya', 'menurut', 'myclass', 'cukup', 'sulit', 'dinavigasikan', 'dipahami', 'alurnya', 'dibandingkan', 'tampilan', 'lama', 'menilai', 'tampilan', 'sebelumnya', 'mudah', 'dipahami', 'pengguna', 'selain', 'terdapat', 'error', 'saat', 'mengakses', 'link', 'waktu', 'tertentu', 'bahkan', 'sempat', 'mengalami', 'kendala', 'akun', 'mana', 'akun', 'tersebut', 'tidak', 'digunakan', 'login', 'sama', 'sekali', 'demikian', 'tetap', 'mengapresiasi', 'tim', 'web', 'umsu', 'kemungkinan', 'besar', 'melakukan', 'perubahan', 'upaya', 'terus', 'berkembang', 'mengikuti', 'perkembangan', 'zaman', 'secara', 'keseluruhan', 'myclass', 'memenuhi', 'kebutuhan', 'mahasiswa', 'dosen', 'mendukung', 'kegiatan', 'studi', 'pembelajaran']","['tidak', 'mengetahui', 'apakah', 'hal', 'merasakannya', 'menurut', 'myclass', 'cukup', 'sulit', 'dinavigasikan', 'dipahami', 'alurnya', 'dibandingkan', 'tampilan', 'lama', 'menilai', 'tampilan', 'sebelumnya', 'mudah', 'dipahami', 'pengguna', 'selain', 'terdapat', 'error', 'saat', 'mengakses', 'link', 'waktu', 'tertentu', 'bahkan', 'sempat', 'mengalami', 'kendala', 'akun', 'mana', 'akun', 'tersebut', 'tidak', 'digunakan', 'login', 'sama', 'sekali', 'demikian', 'tetap', 'mengapresiasi', 'tim', 'web', 'umsu', 'kemungkinan', 'besar', 'melakukan', 'perubahan', 'upaya', 'terus', 'berkembang', 'mengikuti', 'perkembangan', 'zaman', 'secara', 'keseluruhan', 'myclass', 'memenuhi', 'kebutuhan', 'mahasiswa', 'dosen', 'mendukung', 'kegiatan', 'studi', 'pembelajaran']",tidak mengetahui apakah hal merasakannya menurut myclass cukup sulit dinavigasikan dipahami alurnya dibandingkan tampilan lama menilai tampilan sebelumnya mudah dipahami pengguna selain terdapat error saat mengakses link waktu tertentu bahkan sempat mengalami kendala akun mana akun tersebut tidak digunakan login sama sekali demikian tetap mengapresiasi tim web umsu kemungkinan besar melakukan perubahan upaya terus berkembang mengikuti perkembangan zaman secara keseluruhan myclass memenuhi kebutuhan mahasiswa dosen mendukung kegiatan studi pembelajaran
026-03,08/01/2026 23:27:55,WiFi Kampus,"Untuk WiFi, menurut saya sudah cukup baik, meskipun sebagai fasilitas publik tentu ada beberapa kekurangan. Yang biasanya terjadi adalah loading yang lama dan akses yang kadang terputus.",26,3,,untuk wifi menurut saya sudah cukup baik meskipun sebagai fasilitas publik tentu ada beberapa kekurangan yang biasanya terjadi adalah loading yang lama dan akses yang kadang terputus,"['untuk', 'wifi', 'menurut', 'saya', 'sudah', 'cukup', 'baik', 'meskipun', 'sebagai', 'fasilitas', 'publik', 'tentu', 'ada', 'beberapa', 'kekurangan', 'yang', 'biasanya', 'terjadi', 'adalah', 'loading', 'yang', 'lama', 'dan', 'akses', 'yang', 'kadang', 'terputus']","['wifi', 'menurut', 'cukup', 'baik', 'meskipun', 'fasilitas', 'publik', 'tentu', 'ada', 'kekurangan', 'biasanya', 'terjadi', 'loading', 'lama', 'akses', 'kadang', 'terputus']","['wifi', 'menurut', 'cukup', 'baik', 'meskipun', 'fasilitas', 'publik', 'tentu', 'ada', 'kekurangan', 'biasanya', 'terjadi', 'loading', 'lama', 'akses', 'kadang', 'terputus']",wifi menurut cukup baik meskipun fasilitas publik tentu ada kekurangan biasanya terjadi loading lama akses kadang terputus
026-04,08/01/2026 23:27:55,Helpdesk/Technical Support,"Saya pernah menggunakan layanan support UMSU untuk meminta akun email kampus yang ingin saya gunakan untuk mengambil promo AI Gemini Pro gratis dari Google. Saya menilai layanan dan responnya cukup baik, karena saya diarahkan dan dilayani dengan baik.",26,4,,saya pernah menggunakan layanan support umsu untuk meminta akun email kampus yang ingin saya gunakan untuk mengambil promo ai gemini pro gratis dari google saya menilai layanan dan responnya cukup baik karena saya diarahkan dan dilayani dengan baik,"['saya', 'pernah', 'menggunakan', 'layanan', 'support', 'umsu', 'untuk', 'meminta', 'akun', 'email', 'kampus', 'yang', 'ingin', 'saya', 'gunakan', 'untuk', 'mengambil', 'promo', 'ai', 'gemini', 'pro', 'gratis', 'dari', 'google', 'saya', 'menilai', 'layanan', 'dan', 'responnya', 'cukup', 'baik', 'karena', 'saya', 'diarahkan', 'dan', 'dilayani', 'dengan', 'baik']","['pernah', 'menggunakan', 'layanan', 'support', 'umsu', 'meminta', 'akun', 'email', 'kampus', 'ingin', 'gunakan', 'mengambil', 'promo', 'ai', 'gemini', 'pro', 'gratis', 'google', 'menilai', 'layanan', 'responnya', 'cukup', 'baik', 'diarahkan', 'dilayani', 'baik']","['pernah', 'menggunakan', 'layanan', 'support', 'umsu', 'meminta', 'akun', 'email', 'kampus', 'ingin', 'gunakan', 'mengambil', 'promo', 'ai', 'gemini', 'pro', 'gratis', 'google', 'menilai', 'layanan', 'responnya', 'cukup', 'baik', 'diarahkan', 'dilayani', 'baik']",pernah menggunakan layanan support umsu meminta akun email kampus ingin gunakan mengambil promo ai gemini pro gratis google menilai layanan responnya cukup baik diarahkan dilayani baik
026-05,08/01/2026 23:27:55,Saran Peningkatan,"Layanan Sistem Informasi (SI) dan Teknologi Informasi (TI) di Universitas UMSU sudah berjalan dengan baik dan fungsinya sudah memenuhi kebutuhan mahasiswa, terutama dalam hal pembuatan akun email kampus dan akses layanan digital lainnya. Untuk saran, mungkin tampilan antarmuka layanan bisa diperbarui agar lebih modern dan sesuai dengan perkembangan zaman, sehingga pengalaman pengguna menjadi lebih nyaman dan menarik.",26,5,,layanan sistem informasi si dan teknologi informasi ti di universitas umsu sudah berjalan dengan baik dan fungsinya sudah memenuhi kebutuhan mahasiswa terutama dalam hal pembuatan akun email kampus dan akses layanan digital lainnya untuk saran mungkin tampilan antarmuka layanan bisa diperbarui agar lebih modern dan sesuai dengan perkembangan zaman sehingga pengalaman pengguna menjadi lebih nyaman dan menarik,"['layanan', 'sistem', 'informasi', 'si', 'dan', 'teknologi', 'informasi', 'ti', 'di', 'universitas', 'umsu', 'sudah', 'berjalan', 'dengan', 'baik', 'dan', 'fungsinya', 'sudah', 'memenuhi', 'kebutuhan', 'mahasiswa', 'terutama', 'dalam', 'hal', 'pembuatan', 'akun', 'email', 'kampus', 'dan', 'akses', 'layanan', 'digital', 'lainnya', 'untuk', 'saran', 'mungkin', 'tampilan', 'antarmuka', 'layanan', 'bisa', 'diperbarui', 'agar', 'lebih', 'modern', 'dan', 'sesuai', 'dengan', 'perkembangan', 'zaman', 'sehingga', 'pengalaman', 'pengguna', 'menjadi', 'lebih', 'nyaman', 'dan', 'menarik']","['layanan', 'sistem', 'informasi', 'si', 'teknologi', 'informasi', 'ti', 'universitas', 'umsu', 'berjalan', 'baik', 'fungsinya', 'memenuhi', 'kebutuhan', 'mahasiswa', 'terutama', 'hal', 'pembuatan', 'akun', 'email', 'kampus', 'akses', 'layanan', 'digital', 'lainnya', 'saran', 'mungkin', 'tampilan', 'antarmuka', 'layanan', 'diperbarui', 'modern', 'sesuai', 'perkembangan', 'zaman', 'sehingga', 'pengalaman', 'pengguna', 'nyaman', 'menarik']","['layanan', 'sistem', 'informasi', 'si', 'teknologi', 'informasi', 'ti', 'universitas', 'umsu', 'berjalan', 'baik', 'fungsinya', 'memenuhi', 'kebutuhan', 'mahasiswa', 'terutama', 'hal', 'pembuatan', 'akun', 'email', 'kampus', 'akses', 'layanan', 'digital', 'lainnya', 'saran', 'mungkin', 'tampilan', 'antarmuka', 'layanan', 'diperbarui', 'modern', 'sesuai', 'perkembangan', 'zaman', 'sehingga', 'pengalaman', 'pengguna', 'nyaman', 'menarik']",layanan sistem informasi si teknologi informasi ti universitas umsu berjalan baik fungsinya memenuhi kebutuhan mahasiswa terutama hal pembuatan akun email kampus akses layanan digital lainnya saran mungkin tampilan antarmuka layanan diperbarui modern sesuai perkembangan zaman sehingga pengalaman pengguna nyaman menarik
027-01,08/01/2026 23:40:26,Portal Akademik (WEB),Baik,27,1,,baik,['baik'],['baik'],['baik'],baik
027-02,08/01/2026 23:40:26,MyClass UMSU,Baik,27,2,,baik,['baik'],['baik'],['baik'],baik
027-03,08/01/2026 23:40:26,WiFi Kampus,Baik,27,3,,baik,['baik'],['baik'],['baik'],baik
027-04,08/01/2026 23:40:26,Helpdesk/Technical Support,Baik,27,4,,baik,['baik'],['baik'],['baik'],baik
027-05,08/01/2026 23:40:26,Saran Peningkatan,Lebih ditingkatkan,27,5,,lebih ditingkatkan,"['lebih', 'ditingkatkan']",['ditingkatkan'],['ditingkatkan'],ditingkatkan
028-01,08/01/2026 23:41:16,Portal Akademik (WEB),"pernah loading lama saat mau akses, padahal sedang butuh cepat mengaksesnya.",28,1,,pernah loading lama saat mau akses padahal sedang butuh cepat mengaksesnya,"['pernah', 'loading', 'lama', 'saat', 'mau', 'akses', 'padahal', 'sedang', 'butuh', 'cepat', 'mengaksesnya']","['pernah', 'loading', 'lama', 'saat', 'mau', 'akses', 'padahal', 'sedang', 'butuh', 'cepat', 'mengaksesnya']","['pernah', 'loading', 'lama', 'saat', 'mau', 'akses', 'padahal', 'sedang', 'butuh', 'cepat', 'mengaksesnya']",pernah loading lama saat mau akses padahal sedang butuh cepat mengaksesnya
028-02,08/01/2026 23:41:16,MyClass UMSU,"pernah loading lama saat mau akses myclass, padahal sedang butuh cepat mengakses e-learning tersebut.",28,2,,pernah loading lama saat mau akses myclass padahal sedang butuh cepat mengakses e learning tersebut,"['pernah', 'loading', 'lama', 'saat', 'mau', 'akses', 'myclass', 'padahal', 'sedang', 'butuh', 'cepat', 'mengakses', 'learning', 'tersebut']","['pernah', 'loading', 'lama', 'saat', 'mau', 'akses', 'myclass', 'padahal', 'sedang', 'butuh', 'cepat', 'mengakses', 'learning', 'tersebut']","['pernah', 'loading', 'lama', 'saat', 'mau', 'akses', 'myclass', 'padahal', 'sedang', 'butuh', 'cepat', 'mengakses', 'learning', 'tersebut']",pernah loading lama saat mau akses myclass padahal sedang butuh cepat mengakses learning tersebut
028-03,08/01/2026 23:41:16,WiFi Kampus,"Sejauh ini baik, tidak ada kendala dalam mengakses dan menggunakannya.",28,3,,sejauh ini baik tidak ada kendala dalam mengakses dan menggunakannya,"['sejauh', 'ini', 'baik', 'tidak', 'ada', 'kendala', 'dalam', 'mengakses', 'dan', 'menggunakannya']","['sejauh', 'baik', 'tidak', 'ada', 'kendala', 'mengakses', 'menggunakannya']","['sejauh', 'baik', 'tidak', 'ada', 'kendala', 'mengakses', 'menggunakannya']",sejauh baik tidak ada kendala mengakses menggunakannya
028-05,08/01/2026 23:41:16,Saran Peningkatan,Lakukan perbaikan dalam keterbatasan kecepatan akses penggunaan myclass dan portal web.,28,5,,lakukan perbaikan dalam keterbatasan kecepatan akses penggunaan myclass dan portal web,"['lakukan', 'perbaikan', 'dalam', 'keterbatasan', 'kecepatan', 'akses', 'penggunaan', 'myclass', 'dan', 'portal', 'web']","['lakukan', 'perbaikan', 'keterbatasan', 'kecepatan', 'akses', 'penggunaan', 'myclass', 'portal', 'web']","['lakukan', 'perbaikan', 'keterbatasan', 'kecepatan', 'akses', 'penggunaan', 'myclass', 'portal', 'web']",lakukan perbaikan keterbatasan kecepatan akses penggunaan myclass portal web
029-01,08/01/2026 23:49:05,Portal Akademik (WEB),"server sering down kalau sedang banyak yang akses, biasanya pagi hari saat banyak mahasiswa yang absensi.",29,1,,server sering down kalau sedang banyak yang akses biasanya pagi hari saat banyak mahasiswa yang absensi,"['server', 'sering', 'down', 'kalau', 'sedang', 'banyak', 'yang', 'akses', 'biasanya', 'pagi', 'hari', 'saat', 'banyak', 'mahasiswa', 'yang', 'absensi']","['server', 'sering', 'down', 'kalau', 'sedang', 'akses', 'biasanya', 'pagi', 'hari', 'saat', 'mahasiswa', 'absensi']","['server', 'sering', 'down', 'kalau', 'sedang', 'akses', 'biasanya', 'pagi', 'hari', 'saat', 'mahasiswa', 'absensi']",server sering down kalau sedang akses biasanya pagi hari saat mahasiswa absensi
029-02,08/01/2026 23:49:05,MyClass UMSU,"saya suka dengan UI (user interface) dari MyClass terbaru, lebih clean dan informatif. UX (User Experience) nya juga mudah dipahami walaupun sedikit lebih kompleks dari MyClass sebelumnya",29,2,,saya suka dengan ui user interface dari myclass terbaru lebih clean dan informatif ux user experience nya juga mudah dipahami walaupun sedikit lebih kompleks dari myclass sebelumnya,"['saya', 'suka', 'dengan', 'ui', 'user', 'interface', 'dari', 'myclass', 'terbaru', 'lebih', 'clean', 'dan', 'informatif', 'ux', 'user', 'experience', 'nya', 'juga', 'mudah', 'dipahami', 'walaupun', 'sedikit', 'lebih', 'kompleks', 'dari', 'myclass', 'sebelumnya']","['suka', 'ui', 'user', 'interface', 'myclass', 'terbaru', 'clean', 'informatif', 'ux', 'user', 'experience', 'mudah', 'dipahami', 'kompleks', 'myclass', 'sebelumnya']","['suka', 'ui', 'user', 'interface', 'myclass', 'terbaru', 'clean', 'informatif', 'ux', 'user', 'experience', 'mudah', 'dipahami', 'kompleks', 'myclass', 'sebelumnya']",suka ui user interface myclass terbaru clean informatif ux user experience mudah dipahami kompleks myclass sebelumnya
029-03,08/01/2026 23:49:05,WiFi Kampus,"Saya suka dengan kecepatan WiFi di UMSU, sangat membantu mahasiswa dalam mengerjakan tugas di sekitaran kampus.",29,3,,saya suka dengan kecepatan wifi di umsu sangat membantu mahasiswa dalam mengerjakan tugas di sekitaran kampus,"['saya', 'suka', 'dengan', 'kecepatan', 'wifi', 'di', 'umsu', 'sangat', 'membantu', 'mahasiswa', 'dalam', 'mengerjakan', 'tugas', 'di', 'sekitaran', 'kampus']","['suka', 'kecepatan', 'wifi', 'umsu', 'membantu', 'mahasiswa', 'mengerjakan', 'tugas', 'sekitaran', 'kampus']","['suka', 'kecepatan', 'wifi', 'umsu', 'membantu', 'mahasiswa', 'mengerjakan', 'tugas', 'sekitaran', 'kampus']",suka kecepatan wifi umsu membantu mahasiswa mengerjakan tugas sekitaran kampus
029-04,08/01/2026 23:49:05,Helpdesk/Technical Support,"Respon admin cepat dan jelas, masalah cepat teratasi.",29,4,,respon admin cepat dan jelas masalah cepat teratasi,"['respon', 'admin', 'cepat', 'dan', 'jelas', 'masalah', 'cepat', 'teratasi']","['respon', 'admin', 'cepat', 'jelas', 'masalah', 'cepat', 'teratasi']","['respon', 'admin', 'cepat', 'jelas', 'masalah', 'cepat', 'teratasi']",respon admin cepat jelas masalah cepat teratasi
029-05,08/01/2026 23:49:05,Saran Peningkatan,"Kapasitas akses user lebih diperbesar agar server tidak tiba-tiba down, terkhusus di pagi hari ketika trafic sedang ramai.",29,5,,kapasitas akses user lebih diperbesar agar server tidak tiba tiba down terkhusus di pagi hari ketika trafic sedang ramai,"['kapasitas', 'akses', 'user', 'lebih', 'diperbesar', 'agar', 'server', 'tidak', 'tiba', 'tiba', 'down', 'terkhusus', 'di', 'pagi', 'hari', 'ketika', 'trafic', 'sedang', 'ramai']","['kapasitas', 'akses', 'user', 'diperbesar', 'server', 'tidak', 'tiba', 'tiba', 'down', 'terkhusus', 'pagi', 'hari', 'ketika', 'trafic', 'sedang', 'ramai']","['kapasitas', 'akses', 'user', 'diperbesar', 'server', 'tidak', 'tiba', 'tiba', 'down', 'terkhusus', 'pagi', 'hari', 'ketika', 'trafic', 'sedang', 'ramai']",kapasitas akses user diperbesar server tidak tiba tiba down terkhusus pagi hari ketika trafic sedang ramai
030-01,08/01/2026 23:54:16,Portal Akademik (WEB),Mudah di akses,30,1,,mudah di akses,"['mudah', 'di', 'akses']","['mudah', 'akses']","['mudah', 'akses']",mudah akses
030-02,08/01/2026 23:54:16,MyClass UMSU,Mudah di akses,30,2,,mudah di akses,"['mudah', 'di', 'akses']","['mudah', 'akses']","['mudah', 'akses']",mudah akses
030-03,08/01/2026 23:54:16,WiFi Kampus,Jaringan nya bagus dan tidak lag,30,3,,jaringan nya bagus dan tidak lag,"['jaringan', 'nya', 'bagus', 'dan', 'tidak', 'lag']","['jaringan', 'bagus', 'tidak', 'lag']","['jaringan', 'bagus', 'tidak', 'lag']",jaringan bagus tidak lag
030-04,08/01/2026 23:54:16,Helpdesk/Technical Support,"Pengalaman saya cukup baik, karena helpdesk IT UMSU merespons dan membantu menyelesaikan kendala dengan jelas, meskipun terkadang responnya lambat saat sedang ramai",30,4,,pengalaman saya cukup baik karena helpdesk it umsu merespons dan membantu menyelesaikan kendala dengan jelas meskipun terkadang responnya lambat saat sedang ramai,"['pengalaman', 'saya', 'cukup', 'baik', 'karena', 'helpdesk', 'it', 'umsu', 'merespons', 'dan', 'membantu', 'menyelesaikan', 'kendala', 'dengan', 'jelas', 'meskipun', 'terkadang', 'responnya', 'lambat', 'saat', 'sedang', 'ramai']","['pengalaman', 'cukup', 'baik', 'helpdesk', 'it', 'umsu', 'merespons', 'membantu', 'menyelesaikan', 'kendala', 'jelas', 'meskipun', 'terkadang', 'responnya', 'lambat', 'saat', 'sedang', 'ramai']","['pengalaman', 'cukup', 'baik', 'helpdesk', 'it', 'umsu', 'merespons', 'membantu', 'menyelesaikan', 'kendala', 'jelas', 'meskipun', 'terkadang', 'responnya', 'lambat', 'saat', 'sedang', 'ramai']",pengalaman cukup baik helpdesk it umsu merespons membantu menyelesaikan kendala jelas meskipun terkadang responnya lambat saat sedang ramai
030-05,08/01/2026 23:54:16,Saran Peningkatan,Semoga lebih bagus kedepannya,30,5,,semoga lebih bagus kedepannya,"['semoga', 'lebih', 'bagus', 'kedepannya']","['semoga', 'bagus', 'kedepannya']","['semoga', 'bagus', 'kedepannya']",semoga bagus kedepannya
031-01,09/01/2026 0:03:06,Portal Akademik (WEB),Sejauh ini sangat aman dan mudah,31,1,,sejauh ini sangat aman dan mudah,"['sejauh', 'ini', 'sangat', 'aman', 'dan', 'mudah']","['sejauh', 'aman', 'mudah']","['sejauh', 'aman', 'mudah']",sejauh aman mudah
031-02,09/01/2026 0:03:06,MyClass UMSU,Saat ini saat baik digunakan,31,2,,saat ini saat baik digunakan,"['saat', 'ini', 'saat', 'baik', 'digunakan']","['saat', 'saat', 'baik', 'digunakan']","['saat', 'saat', 'baik', 'digunakan']",saat saat baik digunakan
031-03,09/01/2026 0:03:06,WiFi Kampus,Wifi umsu beberapa belakangan ini banyak mengeluh karna jaringan yang sangat tidak stabil,31,3,,wifi umsu beberapa belakangan ini banyak mengeluh karna jaringan yang sangat tidak stabil,"['wifi', 'umsu', 'beberapa', 'belakangan', 'ini', 'banyak', 'mengeluh', 'karna', 'jaringan', 'yang', 'sangat', 'tidak', 'stabil']","['wifi', 'umsu', 'belakangan', 'mengeluh', 'karna', 'jaringan', 'tidak', 'stabil']","['wifi', 'umsu', 'belakangan', 'mengeluh', 'karna', 'jaringan', 'tidak', 'stabil']",wifi umsu belakangan mengeluh karna jaringan tidak stabil
031-04,09/01/2026 0:03:06,Helpdesk/Technical Support,Responnya sangat cepat dam baik,31,4,,responnya sangat cepat dam baik,"['responnya', 'sangat', 'cepat', 'dam', 'baik']","['responnya', 'cepat', 'dam', 'baik']","['responnya', 'cepat', 'dam', 'baik']",responnya cepat dam baik
031-05,09/01/2026 0:03:06,Saran Peningkatan,"Layanan untuk memberikan fasilitas papan peringatan ( harap tenang saat berada di lorong ) di bagian lorong gedung, karena suara mahasiswa dilorong atau di luar kelas sangat mengganggu untuk yang sedang belajar dan sedang berada di dalam kelas. Terimakasih",31,5,,layanan untuk memberikan fasilitas papan peringatan harap tenang saat berada di lorong di bagian lorong gedung karena suara mahasiswa dilorong atau di luar kelas sangat mengganggu untuk yang sedang belajar dan sedang berada di dalam kelas terimakasih,"['layanan', 'untuk', 'memberikan', 'fasilitas', 'papan', 'peringatan', 'harap', 'tenang', 'saat', 'berada', 'di', 'lorong', 'di', 'bagian', 'lorong', 'gedung', 'karena', 'suara', 'mahasiswa', 'dilorong', 'atau', 'di', 'luar', 'kelas', 'sangat', 'mengganggu', 'untuk', 'yang', 'sedang', 'belajar', 'dan', 'sedang', 'berada', 'di', 'dalam', 'kelas', 'terimakasih']","['layanan', 'memberikan', 'fasilitas', 'papan', 'peringatan', 'harap', 'tenang', 'saat', 'berada', 'lorong', 'bagian', 'lorong', 'gedung', 'suara', 'mahasiswa', 'dilorong', 'luar', 'kelas', 'mengganggu', 'sedang', 'belajar', 'sedang', 'berada', 'kelas', 'terimakasih']","['layanan', 'memberikan', 'fasilitas', 'papan', 'peringatan', 'harap', 'tenang', 'saat', 'berada', 'lorong', 'bagian', 'lorong', 'gedung', 'suara', 'mahasiswa', 'dilorong', 'luar', 'kelas', 'mengganggu', 'sedang', 'belajar', 'sedang', 'berada', 'kelas', 'terimakasih']",layanan memberikan fasilitas papan peringatan harap tenang saat berada lorong bagian lorong gedung suara mahasiswa dilorong luar kelas mengganggu sedang belajar sedang berada kelas terimakasih
032-01,09/01/2026 0:03:52,Portal Akademik (WEB),"pengalamannya kadang kalau dari web itu dia kaya harus login berkali kali kalau mau print krs, khs dan bayar ukt",32,1,,pengalamannya kadang kalau dari web itu dia kaya harus login berkali kali kalau mau print krs khs dan bayar ukt,"['pengalamannya', 'kadang', 'kalau', 'dari', 'web', 'itu', 'dia', 'kaya', 'harus', 'login', 'berkali', 'kali', 'kalau', 'mau', 'print', 'krs', 'khs', 'dan', 'bayar', 'ukt']","['pengalamannya', 'kadang', 'kalau', 'web', 'kaya', 'login', 'berkali', 'kali', 'kalau', 'mau', 'print', 'krs', 'khs', 'bayar', 'ukt']","['pengalamannya', 'kadang', 'kalau', 'web', 'kaya', 'login', 'berkali', 'kali', 'kalau', 'mau', 'print', 'krs', 'khs', 'bayar', 'ukt']",pengalamannya kadang kalau web kaya login berkali kali kalau mau print krs khs bayar ukt
032-02,09/01/2026 0:03:52,MyClass UMSU,sejauh ini bagus sih lebih gampang di akses aja,32,2,,sejauh ini bagus sih lebih gampang di akses aja,"['sejauh', 'ini', 'bagus', 'sih', 'lebih', 'gampang', 'di', 'akses', 'aja']","['sejauh', 'bagus', 'sih', 'gampang', 'akses', 'aja']","['sejauh', 'bagus', 'sih', 'gampang', 'akses', 'aja']",sejauh bagus sih gampang akses aja
032-03,09/01/2026 0:03:52,WiFi Kampus,susah konekk kadang kadang plis,32,3,,susah konekk kadang kadang plis,"['susah', 'konekk', 'kadang', 'kadang', 'plis']","['susah', 'konekk', 'kadang', 'kadang', 'plis']","['susah', 'konekk', 'kadang', 'kadang', 'plis']",susah konekk kadang kadang plis
032-04,09/01/2026 0:03:52,Helpdesk/Technical Support,nothing,32,4,,nothing,['nothing'],['nothing'],['nothing'],nothing
032-05,09/01/2026 0:03:52,Saran Peningkatan,"hmm, sarannya adalah semoga lebih tidak ngelag untuk wifi",32,5,,hmm sarannya adalah semoga lebih tidak ngelag untuk wifi,"['hmm', 'sarannya', 'adalah', 'semoga', 'lebih', 'tidak', 'ngelag', 'untuk', 'wifi']","['hmm', 'sarannya', 'semoga', 'tidak', 'ngelag', 'wifi']","['hmm', 'sarannya', 'semoga', 'tidak', 'ngelag', 'wifi']",hmm sarannya semoga tidak ngelag wifi
033-01,09/01/2026 0:34:15,Portal Akademik (WEB),"Pengalaman saya menggunakan Portal Akademik (WEB) ada yang baik dan ada juga yang kurang menyenangkan. Dari sisi positif, portal ini cukup membantu mahasiswa dalam mengakses informasi akademik seperti jadwal kuliah, KRS, KHS, dan pengumuman kampus tanpa harus datang langsung ke bagian akademik. Tampilan web juga relatif sederhana sehingga mudah dipahami, terutama untuk kebutuhan dasar mahasiswa.
Namun, pengalaman kurang baik yang saya rasakan adalah portal sering mengalami error atau lambat diakses. Hal ini cukup menghambat karena mahasiswa membutuhkan akses cepat, sementara waktu pengisian terbatas. Selain itu, terkadang data yang ditampilkan tidak langsung ter-update, sehingga menimbulkan kebingungan dan membuat mahasiswa harus mengecek berulang kali.

Secara keseluruhan, Portal Akademik sangat bermanfaat sebagai sistem informasi akademik, tetapi perlu peningkatan dari segi stabilitas sistem dan kecepatan akses agar dapat menunjang kegiatan akademik mahasiswa dengan lebih optimal.",33,1,,pengalaman saya menggunakan portal akademik web ada yang baik dan ada juga yang kurang menyenangkan dari sisi positif portal ini cukup membantu mahasiswa dalam mengakses informasi akademik seperti jadwal kuliah krs khs dan pengumuman kampus tanpa harus datang langsung ke bagian akademik tampilan web juga relatif sederhana sehingga mudah dipahami terutama untuk kebutuhan dasar mahasiswa namun pengalaman kurang baik yang saya rasakan adalah portal sering mengalami error atau lambat diakses hal ini cukup menghambat karena mahasiswa membutuhkan akses cepat sementara waktu pengisian terbatas selain itu terkadang data yang ditampilkan tidak langsung ter update sehingga menimbulkan kebingungan dan membuat mahasiswa harus mengecek berulang kali secara keseluruhan portal akademik sangat bermanfaat sebagai sistem informasi akademik tetapi perlu peningkatan dari segi stabilitas sistem dan kecepatan akses agar dapat menunjang kegiatan akademik mahasiswa dengan lebih optimal,"['pengalaman', 'saya', 'menggunakan', 'portal', 'akademik', 'web', 'ada', 'yang', 'baik', 'dan', 'ada', 'juga', 'yang', 'kurang', 'menyenangkan', 'dari', 'sisi', 'positif', 'portal', 'ini', 'cukup', 'membantu', 'mahasiswa', 'dalam', 'mengakses', 'informasi', 'akademik', 'seperti', 'jadwal', 'kuliah', 'krs', 'khs', 'dan', 'pengumuman', 'kampus', 'tanpa', 'harus', 'datang', 'langsung', 'ke', 'bagian', 'akademik', 'tampilan', 'web', 'juga', 'relatif', 'sederhana', 'sehingga', 'mudah', 'dipahami', 'terutama', 'untuk', 'kebutuhan', 'dasar', 'mahasiswa', 'namun', 'pengalaman', 'kurang', 'baik', 'yang', 'saya', 'rasakan', 'adalah', 'portal', 'sering', 'mengalami', 'error', 'atau', 'lambat', 'diakses', 'hal', 'ini', 'cukup', 'menghambat', 'karena', 'mahasiswa', 'membutuhkan', 'akses', 'cepat', 'sementara', 'waktu', 'pengisian', 'terbatas', 'selain', 'itu', 'terkadang', 'data', 'yang', 'ditampilkan', 'tidak', 'langsung', 'ter', 'update', 'sehingga', 'menimbulkan', 'kebingungan', 'dan', 'membuat', 'mahasiswa', 'harus', 'mengecek', 'berulang', 'kali', 'secara', 'keseluruhan', 'portal', 'akademik', 'sangat', 'bermanfaat', 'sebagai', 'sistem', 'informasi', 'akademik', 'tetapi', 'perlu', 'peningkatan', 'dari', 'segi', 'stabilitas', 'sistem', 'dan', 'kecepatan', 'akses', 'agar', 'dapat', 'menunjang', 'kegiatan', 'akademik', 'mahasiswa', 'dengan', 'lebih', 'optimal']","['pengalaman', 'menggunakan', 'portal', 'akademik', 'web', 'ada', 'baik', 'ada', 'kurang', 'menyenangkan', 'sisi', 'positif', 'portal', 'cukup', 'membantu', 'mahasiswa', 'mengakses', 'informasi', 'akademik', 'jadwal', 'kuliah', 'krs', 'khs', 'pengumuman', 'kampus', 'tanpa', 'datang', 'langsung', 'bagian', 'akademik', 'tampilan', 'web', 'relatif', 'sederhana', 'sehingga', 'mudah', 'dipahami', 'terutama', 'kebutuhan', 'dasar', 'mahasiswa', 'pengalaman', 'kurang', 'baik', 'rasakan', 'portal', 'sering', 'mengalami', 'error', 'lambat', 'diakses', 'hal', 'cukup', 'menghambat', 'mahasiswa', 'membutuhkan', 'akses', 'cepat', 'waktu', 'pengisian', 'terbatas', 'selain', 'terkadang', 'data', 'ditampilkan', 'tidak', 'langsung', 'ter', 'update', 'sehingga', 'menimbulkan', 'kebingungan', 'membuat', 'mahasiswa', 'mengecek', 'berulang', 'kali', 'secara', 'keseluruhan', 'portal', 'akademik', 'bermanfaat', 'sistem', 'informasi', 'akademik', 'perlu', 'peningkatan', 'segi', 'stabilitas', 'sistem', 'kecepatan', 'akses', 'menunjang', 'kegiatan', 'akademik', 'mahasiswa', 'optimal']","['pengalaman', 'menggunakan', 'portal', 'akademik', 'web', 'ada', 'baik', 'ada', 'kurang', 'menyenangkan', 'sisi', 'positif', 'portal', 'cukup', 'membantu', 'mahasiswa', 'mengakses', 'informasi', 'akademik', 'jadwal', 'kuliah', 'krs', 'khs', 'pengumuman', 'kampus', 'tanpa', 'datang', 'langsung', 'bagian', 'akademik', 'tampilan', 'web', 'relatif', 'sederhana', 'sehingga', 'mudah', 'dipahami', 'terutama', 'kebutuhan', 'dasar', 'mahasiswa', 'pengalaman', 'kurang', 'baik', 'rasakan', 'portal', 'sering', 'mengalami', 'error', 'lambat', 'diakses', 'hal', 'cukup', 'menghambat', 'mahasiswa', 'membutuhkan', 'akses', 'cepat', 'waktu', 'pengisian', 'terbatas', 'selain', 'terkadang', 'data', 'ditampilkan', 'tidak', 'langsung', 'ter', 'update', 'sehingga', 'menimbulkan', 'kebingungan', 'membuat', 'mahasiswa', 'mengecek', 'berulang', 'kali', 'secara', 'keseluruhan', 'portal', 'akademik', 'bermanfaat', 'sistem', 'informasi', 'akademik', 'perlu', 'peningkatan', 'segi', 'stabilitas', 'sistem', 'kecepatan', 'akses', 'menunjang', 'kegiatan', 'akademik', 'mahasiswa', 'optimal']",pengalaman menggunakan portal akademik web ada baik ada kurang menyenangkan sisi positif portal cukup membantu mahasiswa mengakses informasi akademik jadwal kuliah krs khs pengumuman kampus tanpa datang langsung bagian akademik tampilan web relatif sederhana sehingga mudah dipahami terutama kebutuhan dasar mahasiswa pengalaman kurang baik rasakan portal sering mengalami error lambat diakses hal cukup menghambat mahasiswa membutuhkan akses cepat waktu pengisian terbatas selain terkadang data ditampilkan tidak langsung ter update sehingga menimbulkan kebingungan membuat mahasiswa mengecek berulang kali secara keseluruhan portal akademik bermanfaat sistem informasi akademik perlu peningkatan segi stabilitas sistem kecepatan akses menunjang kegiatan akademik mahasiswa optimal
033-02,09/01/2026 0:34:15,MyClass UMSU,"Pengalaman saya menggunakan MyClass UMSU memiliki sisi positif dan negatif. Dari sisi positif, MyClass sangat membantu dalam proses perkuliahan karena memudahkan mahasiswa mengakses materi, menerima pengumuman, serta mengumpulkan tugas secara online dalam satu platform.
Namun, pengalaman kurang baik yang saya alami adalah pada penggunaan aplikasi di perangkat Android. Beberapa kali saya mengalami kendala saat mengunggah tugas karena fitur upload tidak berfungsi dengan baik, sehingga saya terpaksa menggunakan perangkat iOS agar tugas dapat dikirim. Hal ini cukup merepotkan, terutama bagi mahasiswa yang hanya memiliki perangkat Android. Selain itu, kendala teknis tersebut bisa menimbulkan kekhawatiran ketika batas waktu pengumpulan tugas sudah dekat.
Secara keseluruhan, MyClass UMSU sangat membantu dalam mendukung kegiatan akademik, tetapi perlu adanya perbaikan dan optimalisasi aplikasi, khususnya pada versi Android, agar semua mahasiswa dapat menggunakan platform ini secara adil dan lancar tanpa harus berganti perangkat.",33,2,,pengalaman saya menggunakan myclass umsu memiliki sisi positif dan negatif dari sisi positif myclass sangat membantu dalam proses perkuliahan karena memudahkan mahasiswa mengakses materi menerima pengumuman serta mengumpulkan tugas secara online dalam satu platform namun pengalaman kurang baik yang saya alami adalah pada penggunaan aplikasi di perangkat android beberapa kali saya mengalami kendala saat mengunggah tugas karena fitur upload tidak berfungsi dengan baik sehingga saya terpaksa menggunakan perangkat ios agar tugas dapat dikirim hal ini cukup merepotkan terutama bagi mahasiswa yang hanya memiliki perangkat android selain itu kendala teknis tersebut bisa menimbulkan kekhawatiran ketika batas waktu pengumpulan tugas sudah dekat secara keseluruhan myclass umsu sangat membantu dalam mendukung kegiatan akademik tetapi perlu adanya perbaikan dan optimalisasi aplikasi khususnya pada versi android agar semua mahasiswa dapat menggunakan platform ini secara adil dan lancar tanpa harus berganti perangkat,"['pengalaman', 'saya', 'menggunakan', 'myclass', 'umsu', 'memiliki', 'sisi', 'positif', 'dan', 'negatif', 'dari', 'sisi', 'positif', 'myclass', 'sangat', 'membantu', 'dalam', 'proses', 'perkuliahan', 'karena', 'memudahkan', 'mahasiswa', 'mengakses', 'materi', 'menerima', 'pengumuman', 'serta', 'mengumpulkan', 'tugas', 'secara', 'online', 'dalam', 'satu', 'platform', 'namun', 'pengalaman', 'kurang', 'baik', 'yang', 'saya', 'alami', 'adalah', 'pada', 'penggunaan', 'aplikasi', 'di', 'perangkat', 'android', 'beberapa', 'kali', 'saya', 'mengalami', 'kendala', 'saat', 'mengunggah', 'tugas', 'karena', 'fitur', 'upload', 'tidak', 'berfungsi', 'dengan', 'baik', 'sehingga', 'saya', 'terpaksa', 'menggunakan', 'perangkat', 'ios', 'agar', 'tugas', 'dapat', 'dikirim', 'hal', 'ini', 'cukup', 'merepotkan', 'terutama', 'bagi', 'mahasiswa', 'yang', 'hanya', 'memiliki', 'perangkat', 'android', 'selain', 'itu', 'kendala', 'teknis', 'tersebut', 'bisa', 'menimbulkan', 'kekhawatiran', 'ketika', 'batas', 'waktu', 'pengumpulan', 'tugas', 'sudah', 'dekat', 'secara', 'keseluruhan', 'myclass', 'umsu', 'sangat', 'membantu', 'dalam', 'mendukung', 'kegiatan', 'akademik', 'tetapi', 'perlu', 'adanya', 'perbaikan', 'dan', 'optimalisasi', 'aplikasi', 'khususnya', 'pada', 'versi', 'android', 'agar', 'semua', 'mahasiswa', 'dapat', 'menggunakan', 'platform', 'ini', 'secara', 'adil', 'dan', 'lancar', 'tanpa', 'harus', 'berganti', 'perangkat']","['pengalaman', 'menggunakan', 'myclass', 'umsu', 'memiliki', 'sisi', 'positif', 'negatif', 'sisi', 'positif', 'myclass', 'membantu', 'proses', 'perkuliahan', 'memudahkan', 'mahasiswa', 'mengakses', 'materi', 'menerima', 'pengumuman', 'mengumpulkan', 'tugas', 'secara', 'online', 'satu', 'platform', 'pengalaman', 'kurang', 'baik', 'alami', 'penggunaan', 'aplikasi', 'perangkat', 'android', 'kali', 'mengalami', 'kendala', 'saat', 'mengunggah', 'tugas', 'fitur', 'upload', 'tidak', 'berfungsi', 'baik', 'sehingga', 'terpaksa', 'menggunakan', 'perangkat', 'ios', 'tugas', 'dikirim', 'hal', 'cukup', 'merepotkan', 'terutama', 'mahasiswa', 'memiliki', 'perangkat', 'android', 'selain', 'kendala', 'teknis', 'tersebut', 'menimbulkan', 'kekhawatiran', 'ketika', 'batas', 'waktu', 'pengumpulan', 'tugas', 'dekat', 'secara', 'keseluruhan', 'myclass', 'umsu', 'membantu', 'mendukung', 'kegiatan', 'akademik', 'perlu', 'adanya', 'perbaikan', 'optimalisasi', 'aplikasi', 'khususnya', 'versi', 'android', 'semua', 'mahasiswa', 'menggunakan', 'platform', 'secara', 'adil', 'lancar', 'tanpa', 'berganti', 'perangkat']","['pengalaman', 'menggunakan', 'myclass', 'umsu', 'memiliki', 'sisi', 'positif', 'negatif', 'sisi', 'positif', 'myclass', 'membantu', 'proses', 'perkuliahan', 'memudahkan', 'mahasiswa', 'mengakses', 'materi', 'menerima', 'pengumuman', 'mengumpulkan', 'tugas', 'secara', 'online', 'satu', 'platform', 'pengalaman', 'kurang', 'baik', 'alami', 'penggunaan', 'aplikasi', 'perangkat', 'android', 'kali', 'mengalami', 'kendala', 'saat', 'mengunggah', 'tugas', 'fitur', 'upload', 'tidak', 'berfungsi', 'baik', 'sehingga', 'terpaksa', 'menggunakan', 'perangkat', 'ios', 'tugas', 'dikirim', 'hal', 'cukup', 'merepotkan', 'terutama', 'mahasiswa', 'memiliki', 'perangkat', 'android', 'selain', 'kendala', 'teknis', 'tersebut', 'menimbulkan', 'kekhawatiran', 'ketika', 'batas', 'waktu', 'pengumpulan', 'tugas', 'dekat', 'secara', 'keseluruhan', 'myclass', 'umsu', 'membantu', 'mendukung', 'kegiatan', 'akademik', 'perlu', 'adanya', 'perbaikan', 'optimalisasi', 'aplikasi', 'khususnya', 'versi', 'android', 'semua', 'mahasiswa', 'menggunakan', 'platform', 'secara', 'adil', 'lancar', 'tanpa', 'berganti', 'perangkat']",pengalaman menggunakan myclass umsu memiliki sisi positif negatif sisi positif myclass membantu proses perkuliahan memudahkan mahasiswa mengakses materi menerima pengumuman mengumpulkan tugas secara online satu platform pengalaman kurang baik alami penggunaan aplikasi perangkat android kali mengalami kendala saat mengunggah tugas fitur upload tidak berfungsi baik sehingga terpaksa menggunakan perangkat ios tugas dikirim hal cukup merepotkan terutama mahasiswa memiliki perangkat android selain kendala teknis tersebut menimbulkan kekhawatiran ketika batas waktu pengumpulan tugas dekat secara keseluruhan myclass umsu membantu mendukung kegiatan akademik perlu adanya perbaikan optimalisasi aplikasi khususnya versi android semua mahasiswa menggunakan platform secara adil lancar tanpa berganti perangkat
033-03,09/01/2026 0:34:15,WiFi Kampus,"Pengalaman saya menggunakan WiFi kampus UMSU memiliki sisi positif dan negatif. Dari sisi positif, keberadaan WiFi kampus sangat membantu mahasiswa dalam menunjang kegiatan perkuliahan, seperti mengakses MyClass, mencari referensi materi, dan mengerjakan tugas secara online di lingkungan kampus tanpa harus menggunakan kuota pribadi.
Namun, pengalaman kurang baik yang saya rasakan adalah koneksi WiFi kampus sering tidak stabil dan kecepatannya menurun pada jam-jam sibuk, terutama saat banyak mahasiswa terhubung secara bersamaan. Selain itu, di beberapa area kampus sinyal WiFi masih lemah atau sulit terhubung, sehingga aktivitas akademik menjadi terhambat. Kondisi ini cukup menyulitkan ketika mahasiswa membutuhkan akses internet yang cepat dan stabil.
Secara keseluruhan, WiFi kampus UMSU sangat bermanfaat, tetapi perlu adanya peningkatan dari segi kestabilan jaringan, kecepatan akses, dan pemerataan jangkauan agar dapat mendukung kegiatan akademik mahasiswa secara lebih optimal.",33,3,,pengalaman saya menggunakan wifi kampus umsu memiliki sisi positif dan negatif dari sisi positif keberadaan wifi kampus sangat membantu mahasiswa dalam menunjang kegiatan perkuliahan seperti mengakses myclass mencari referensi materi dan mengerjakan tugas secara online di lingkungan kampus tanpa harus menggunakan kuota pribadi namun pengalaman kurang baik yang saya rasakan adalah koneksi wifi kampus sering tidak stabil dan kecepatannya menurun pada jam jam sibuk terutama saat banyak mahasiswa terhubung secara bersamaan selain itu di beberapa area kampus sinyal wifi masih lemah atau sulit terhubung sehingga aktivitas akademik menjadi terhambat kondisi ini cukup menyulitkan ketika mahasiswa membutuhkan akses internet yang cepat dan stabil secara keseluruhan wifi kampus umsu sangat bermanfaat tetapi perlu adanya peningkatan dari segi kestabilan jaringan kecepatan akses dan pemerataan jangkauan agar dapat mendukung kegiatan akademik mahasiswa secara lebih optimal,"['pengalaman', 'saya', 'menggunakan', 'wifi', 'kampus', 'umsu', 'memiliki', 'sisi', 'positif', 'dan', 'negatif', 'dari', 'sisi', 'positif', 'keberadaan', 'wifi', 'kampus', 'sangat', 'membantu', 'mahasiswa', 'dalam', 'menunjang', 'kegiatan', 'perkuliahan', 'seperti', 'mengakses', 'myclass', 'mencari', 'referensi', 'materi', 'dan', 'mengerjakan', 'tugas', 'secara', 'online', 'di', 'lingkungan', 'kampus', 'tanpa', 'harus', 'menggunakan', 'kuota', 'pribadi', 'namun', 'pengalaman', 'kurang', 'baik', 'yang', 'saya', 'rasakan', 'adalah', 'koneksi', 'wifi', 'kampus', 'sering', 'tidak', 'stabil', 'dan', 'kecepatannya', 'menurun', 'pada', 'jam', 'jam', 'sibuk', 'terutama', 'saat', 'banyak', 'mahasiswa', 'terhubung', 'secara', 'bersamaan', 'selain', 'itu', 'di', 'beberapa', 'area', 'kampus', 'sinyal', 'wifi', 'masih', 'lemah', 'atau', 'sulit', 'terhubung', 'sehingga', 'aktivitas', 'akademik', 'menjadi', 'terhambat', 'kondisi', 'ini', 'cukup', 'menyulitkan', 'ketika', 'mahasiswa', 'membutuhkan', 'akses', 'internet', 'yang', 'cepat', 'dan', 'stabil', 'secara', 'keseluruhan', 'wifi', 'kampus', 'umsu', 'sangat', 'bermanfaat', 'tetapi', 'perlu', 'adanya', 'peningkatan', 'dari', 'segi', 'kestabilan', 'jaringan', 'kecepatan', 'akses', 'dan', 'pemerataan', 'jangkauan', 'agar', 'dapat', 'mendukung', 'kegiatan', 'akademik', 'mahasiswa', 'secara', 'lebih', 'optimal']","['pengalaman', 'menggunakan', 'wifi', 'kampus', 'umsu', 'memiliki', 'sisi', 'positif', 'negatif', 'sisi', 'positif', 'keberadaan', 'wifi', 'kampus', 'membantu', 'mahasiswa', 'menunjang', 'kegiatan', 'perkuliahan', 'mengakses', 'myclass', 'mencari', 'referensi', 'materi', 'mengerjakan', 'tugas', 'secara', 'online', 'lingkungan', 'kampus', 'tanpa', 'menggunakan', 'kuota', 'pribadi', 'pengalaman', 'kurang', 'baik', 'rasakan', 'koneksi', 'wifi', 'kampus', 'sering', 'tidak', 'stabil', 'kecepatannya', 'menurun', 'jam', 'jam', 'sibuk', 'terutama', 'saat', 'mahasiswa', 'terhubung', 'secara', 'bersamaan', 'selain', 'area', 'kampus', 'sinyal', 'wifi', 'masih', 'lemah', 'sulit', 'terhubung', 'sehingga', 'aktivitas', 'akademik', 'terhambat', 'kondisi', 'cukup', 'menyulitkan', 'ketika', 'mahasiswa', 'membutuhkan', 'akses', 'internet', 'cepat', 'stabil', 'secara', 'keseluruhan', 'wifi', 'kampus', 'umsu', 'bermanfaat', 'perlu', 'adanya', 'peningkatan', 'segi', 'kestabilan', 'jaringan', 'kecepatan', 'akses', 'pemerataan', 'jangkauan', 'mendukung', 'kegiatan', 'akademik', 'mahasiswa', 'secara', 'optimal']","['pengalaman', 'menggunakan', 'wifi', 'kampus', 'umsu', 'memiliki', 'sisi', 'positif', 'negatif', 'sisi', 'positif', 'keberadaan', 'wifi', 'kampus', 'membantu', 'mahasiswa', 'menunjang', 'kegiatan', 'perkuliahan', 'mengakses', 'myclass', 'mencari', 'referensi', 'materi', 'mengerjakan', 'tugas', 'secara', 'online', 'lingkungan', 'kampus', 'tanpa', 'menggunakan', 'kuota', 'pribadi', 'pengalaman', 'kurang', 'baik', 'rasakan', 'koneksi', 'wifi', 'kampus', 'sering', 'tidak', 'stabil', 'kecepatannya', 'menurun', 'jam', 'jam', 'sibuk', 'terutama', 'saat', 'mahasiswa', 'terhubung', 'secara', 'bersamaan', 'selain', 'area', 'kampus', 'sinyal', 'wifi', 'masih', 'lemah', 'sulit', 'terhubung', 'sehingga', 'aktivitas', 'akademik', 'terhambat', 'kondisi', 'cukup', 'menyulitkan', 'ketika', 'mahasiswa', 'membutuhkan', 'akses', 'internet', 'cepat', 'stabil', 'secara', 'keseluruhan', 'wifi', 'kampus', 'umsu', 'bermanfaat', 'perlu', 'adanya', 'peningkatan', 'segi', 'kestabilan', 'jaringan', 'kecepatan', 'akses', 'pemerataan', 'jangkauan', 'mendukung', 'kegiatan', 'akademik', 'mahasiswa', 'secara', 'optimal']",pengalaman menggunakan wifi kampus umsu memiliki sisi positif negatif sisi positif keberadaan wifi kampus membantu mahasiswa menunjang kegiatan perkuliahan mengakses myclass mencari referensi materi mengerjakan tugas secara online lingkungan kampus tanpa menggunakan kuota pribadi pengalaman kurang baik rasakan koneksi wifi kampus sering tidak stabil kecepatannya menurun jam jam sibuk terutama saat mahasiswa terhubung secara bersamaan selain area kampus sinyal wifi masih lemah sulit terhubung sehingga aktivitas akademik terhambat kondisi cukup menyulitkan ketika mahasiswa membutuhkan akses internet cepat stabil secara keseluruhan wifi kampus umsu bermanfaat perlu adanya peningkatan segi kestabilan jaringan kecepatan akses pemerataan jangkauan mendukung kegiatan akademik mahasiswa secara optimal
033-04,09/01/2026 0:34:15,Helpdesk/Technical Support,"Saya belum pernah menggunakan layanan helpdesk atau technical support IT UMSU secara langsung, sehingga belum dapat memberikan pengalaman secara mendalam. Namun, berdasarkan informasi yang saya ketahui, layanan helpdesk IT UMSU disediakan untuk membantu mahasiswa ketika mengalami kendala teknis terkait sistem akademik dan teknologi informasi.
Ke depannya, saya berharap layanan helpdesk IT UMSU dapat diakses dengan mudah dan responsif apabila saya atau mahasiswa lain membutuhkan bantuan, sehingga permasalahan teknis dapat ditangani dengan cepat dan tidak mengganggu kegiatan akademik.",33,4,,saya belum pernah menggunakan layanan helpdesk atau technical support it umsu secara langsung sehingga belum dapat memberikan pengalaman secara mendalam namun berdasarkan informasi yang saya ketahui layanan helpdesk it umsu disediakan untuk membantu mahasiswa ketika mengalami kendala teknis terkait sistem akademik dan teknologi informasi ke depannya saya berharap layanan helpdesk it umsu dapat diakses dengan mudah dan responsif apabila saya atau mahasiswa lain membutuhkan bantuan sehingga permasalahan teknis dapat ditangani dengan cepat dan tidak mengganggu kegiatan akademik,"['saya', 'belum', 'pernah', 'menggunakan', 'layanan', 'helpdesk', 'atau', 'technical', 'support', 'it', 'umsu', 'secara', 'langsung', 'sehingga', 'belum', 'dapat', 'memberikan', 'pengalaman', 'secara', 'mendalam', 'namun', 'berdasarkan', 'informasi', 'yang', 'saya', 'ketahui', 'layanan', 'helpdesk', 'it', 'umsu', 'disediakan', 'untuk', 'membantu', 'mahasiswa', 'ketika', 'mengalami', 'kendala', 'teknis', 'terkait', 'sistem', 'akademik', 'dan', 'teknologi', 'informasi', 'ke', 'depannya', 'saya', 'berharap', 'layanan', 'helpdesk', 'it', 'umsu', 'dapat', 'diakses', 'dengan', 'mudah', 'dan', 'responsif', 'apabila', 'saya', 'atau', 'mahasiswa', 'lain', 'membutuhkan', 'bantuan', 'sehingga', 'permasalahan', 'teknis', 'dapat', 'ditangani', 'dengan', 'cepat', 'dan', 'tidak', 'mengganggu', 'kegiatan', 'akademik']","['belum', 'pernah', 'menggunakan', 'layanan', 'helpdesk', 'technical', 'support', 'it', 'umsu', 'secara', 'langsung', 'sehingga', 'belum', 'memberikan', 'pengalaman', 'secara', 'mendalam', 'berdasarkan', 'informasi', 'ketahui', 'layanan', 'helpdesk', 'it', 'umsu', 'disediakan', 'membantu', 'mahasiswa', 'ketika', 'mengalami', 'kendala', 'teknis', 'terkait', 'sistem', 'akademik', 'teknologi', 'informasi', 'depannya', 'berharap', 'layanan', 'helpdesk', 'it', 'umsu', 'diakses', 'mudah', 'responsif', 'apabila', 'mahasiswa', 'lain', 'membutuhkan', 'bantuan', 'sehingga', 'permasalahan', 'teknis', 'ditangani', 'cepat', 'tidak', 'mengganggu', 'kegiatan', 'akademik']","['belum', 'pernah', 'menggunakan', 'layanan', 'helpdesk', 'technical', 'support', 'it', 'umsu', 'secara', 'langsung', 'sehingga', 'belum', 'memberikan', 'pengalaman', 'secara', 'mendalam', 'berdasarkan', 'informasi', 'ketahui', 'layanan', 'helpdesk', 'it', 'umsu', 'disediakan', 'membantu', 'mahasiswa', 'ketika', 'mengalami', 'kendala', 'teknis', 'terkait', 'sistem', 'akademik', 'teknologi', 'informasi', 'depannya', 'berharap', 'layanan', 'helpdesk', 'it', 'umsu', 'diakses', 'mudah', 'responsif', 'apabila', 'mahasiswa', 'lain', 'membutuhkan', 'bantuan', 'sehingga', 'permasalahan', 'teknis', 'ditangani', 'cepat', 'tidak', 'mengganggu', 'kegiatan', 'akademik']",belum pernah menggunakan layanan helpdesk technical support it umsu secara langsung sehingga belum memberikan pengalaman secara mendalam berdasarkan informasi ketahui layanan helpdesk it umsu disediakan membantu mahasiswa ketika mengalami kendala teknis terkait sistem akademik teknologi informasi depannya berharap layanan helpdesk it umsu diakses mudah responsif apabila mahasiswa lain membutuhkan bantuan sehingga permasalahan teknis ditangani cepat tidak mengganggu kegiatan akademik
033-05,09/01/2026 0:34:15,Saran Peningkatan,"Saran saya untuk peningkatan layanan Sistem Informasi (SI) dan Teknologi Informasi (TI) UMSU adalah meningkatkan stabilitas dan kecepatan sistem, terutama pada portal akademik dan MyClass, agar tidak sering mengalami error saat diakses bersamaan. Selain itu, perlu dilakukan optimalisasi aplikasi di berbagai perangkat, khususnya Android, agar semua mahasiswa dapat menggunakan layanan dengan nyaman.
UMSU juga dapat meningkatkan kualitas jaringan WiFi kampus dengan memperluas jangkauan dan menjaga kestabilan koneksi di seluruh area kampus. Di samping itu, layanan helpdesk atau technical support IT diharapkan lebih responsif dan mudah diakses, misalnya dengan menyediakan panduan yang jelas atau sistem pelaporan online, sehingga mahasiswa dapat menyampaikan kendala dengan cepat dan mendapatkan solusi yang efektif.",33,5,,saran saya untuk peningkatan layanan sistem informasi si dan teknologi informasi ti umsu adalah meningkatkan stabilitas dan kecepatan sistem terutama pada portal akademik dan myclass agar tidak sering mengalami error saat diakses bersamaan selain itu perlu dilakukan optimalisasi aplikasi di berbagai perangkat khususnya android agar semua mahasiswa dapat menggunakan layanan dengan nyaman umsu juga dapat meningkatkan kualitas jaringan wifi kampus dengan memperluas jangkauan dan menjaga kestabilan koneksi di seluruh area kampus di samping itu layanan helpdesk atau technical support it diharapkan lebih responsif dan mudah diakses misalnya dengan menyediakan panduan yang jelas atau sistem pelaporan online sehingga mahasiswa dapat menyampaikan kendala dengan cepat dan mendapatkan solusi yang efektif,"['saran', 'saya', 'untuk', 'peningkatan', 'layanan', 'sistem', 'informasi', 'si', 'dan', 'teknologi', 'informasi', 'ti', 'umsu', 'adalah', 'meningkatkan', 'stabilitas', 'dan', 'kecepatan', 'sistem', 'terutama', 'pada', 'portal', 'akademik', 'dan', 'myclass', 'agar', 'tidak', 'sering', 'mengalami', 'error', 'saat', 'diakses', 'bersamaan', 'selain', 'itu', 'perlu', 'dilakukan', 'optimalisasi', 'aplikasi', 'di', 'berbagai', 'perangkat', 'khususnya', 'android', 'agar', 'semua', 'mahasiswa', 'dapat', 'menggunakan', 'layanan', 'dengan', 'nyaman', 'umsu', 'juga', 'dapat', 'meningkatkan', 'kualitas', 'jaringan', 'wifi', 'kampus', 'dengan', 'memperluas', 'jangkauan', 'dan', 'menjaga', 'kestabilan', 'koneksi', 'di', 'seluruh', 'area', 'kampus', 'di', 'samping', 'itu', 'layanan', 'helpdesk', 'atau', 'technical', 'support', 'it', 'diharapkan', 'lebih', 'responsif', 'dan', 'mudah', 'diakses', 'misalnya', 'dengan', 'menyediakan', 'panduan', 'yang', 'jelas', 'atau', 'sistem', 'pelaporan', 'online', 'sehingga', 'mahasiswa', 'dapat', 'menyampaikan', 'kendala', 'dengan', 'cepat', 'dan', 'mendapatkan', 'solusi', 'yang', 'efektif']","['saran', 'peningkatan', 'layanan', 'sistem', 'informasi', 'si', 'teknologi', 'informasi', 'ti', 'umsu', 'meningkatkan', 'stabilitas', 'kecepatan', 'sistem', 'terutama', 'portal', 'akademik', 'myclass', 'tidak', 'sering', 'mengalami', 'error', 'saat', 'diakses', 'bersamaan', 'selain', 'perlu', 'dilakukan', 'optimalisasi', 'aplikasi', 'berbagai', 'perangkat', 'khususnya', 'android', 'semua', 'mahasiswa', 'menggunakan', 'layanan', 'nyaman', 'umsu', 'meningkatkan', 'kualitas', 'jaringan', 'wifi', 'kampus', 'memperluas', 'jangkauan', 'menjaga', 'kestabilan', 'koneksi', 'seluruh', 'area', 'kampus', 'samping', 'layanan', 'helpdesk', 'technical', 'support', 'it', 'diharapkan', 'responsif', 'mudah', 'diakses', 'misalnya', 'menyediakan', 'panduan', 'jelas', 'sistem', 'pelaporan', 'online', 'sehingga', 'mahasiswa', 'menyampaikan', 'kendala', 'cepat', 'mendapatkan', 'solusi', 'efektif']","['saran', 'peningkatan', 'layanan', 'sistem', 'informasi', 'si', 'teknologi', 'informasi', 'ti', 'umsu', 'meningkatkan', 'stabilitas', 'kecepatan', 'sistem', 'terutama', 'portal', 'akademik', 'myclass', 'tidak', 'sering', 'mengalami', 'error', 'saat', 'diakses', 'bersamaan', 'selain', 'perlu', 'dilakukan', 'optimalisasi', 'aplikasi', 'berbagai', 'perangkat', 'khususnya', 'android', 'semua', 'mahasiswa', 'menggunakan', 'layanan', 'nyaman', 'umsu', 'meningkatkan', 'kualitas', 'jaringan', 'wifi', 'kampus', 'memperluas', 'jangkauan', 'menjaga', 'kestabilan', 'koneksi', 'seluruh', 'area', 'kampus', 'samping', 'layanan', 'helpdesk', 'technical', 'support', 'it', 'diharapkan', 'responsif', 'mudah', 'diakses', 'misalnya', 'menyediakan', 'panduan', 'jelas', 'sistem', 'pelaporan', 'online', 'sehingga', 'mahasiswa', 'menyampaikan', 'kendala', 'cepat', 'mendapatkan', 'solusi', 'efektif']",saran peningkatan layanan sistem informasi si teknologi informasi ti umsu meningkatkan stabilitas kecepatan sistem terutama portal akademik myclass tidak sering mengalami error saat diakses bersamaan selain perlu dilakukan optimalisasi aplikasi berbagai perangkat khususnya android semua mahasiswa menggunakan layanan nyaman umsu meningkatkan kualitas jaringan wifi kampus memperluas jangkauan menjaga kestabilan koneksi seluruh area kampus samping layanan helpdesk technical support it diharapkan responsif mudah diakses misalnya menyediakan panduan jelas sistem pelaporan online sehingga mahasiswa menyampaikan kendala cepat mendapatkan solusi efektif
034-01,09/01/2026 1:56:52,Portal Akademik (WEB),Tiap nekan sesuatu pasti balik lagi ke halaman homepage,34,1,,tiap nekan sesuatu pasti balik lagi ke halaman homepage,"['tiap', 'nekan', 'sesuatu', 'pasti', 'balik', 'lagi', 'ke', 'halaman', 'homepage']","['nekan', 'sesuatu', 'pasti', 'balik', 'halaman', 'homepage']","['nekan', 'sesuatu', 'pasti', 'balik', 'halaman', 'homepage']",nekan sesuatu pasti balik halaman homepage
034-02,09/01/2026 1:56:52,MyClass UMSU,"Terlalu berat aplikasi mobilenya, terpaksa harus dari web untuk membuka web nya",34,2,,terlalu berat aplikasi mobilenya terpaksa harus dari web untuk membuka web nya,"['terlalu', 'berat', 'aplikasi', 'mobilenya', 'terpaksa', 'harus', 'dari', 'web', 'untuk', 'membuka', 'web', 'nya']","['terlalu', 'berat', 'aplikasi', 'mobilenya', 'terpaksa', 'web', 'membuka', 'web']","['terlalu', 'berat', 'aplikasi', 'mobilenya', 'terpaksa', 'web', 'membuka', 'web']",terlalu berat aplikasi mobilenya terpaksa web membuka web
034-03,09/01/2026 1:56:52,WiFi Kampus,Ngelag,34,3,,ngelag,['ngelag'],['ngelag'],['ngelag'],ngelag
034-04,09/01/2026 1:56:52,Helpdesk/Technical Support,Belum pernah make,34,4,,belum pernah make,"['belum', 'pernah', 'make']","['belum', 'pernah', 'make']","['belum', 'pernah', 'make']",belum pernah make
035-01,09/01/2026 5:52:22,Portal Akademik (WEB),"Saat saya menggunakan portal tersebut servernya kadang sukak down sendiri, dan harus bolak balek gitu masuknya",35,1,,saat saya menggunakan portal tersebut servernya kadang sukak down sendiri dan harus bolak balek gitu masuknya,"['saat', 'saya', 'menggunakan', 'portal', 'tersebut', 'servernya', 'kadang', 'sukak', 'down', 'sendiri', 'dan', 'harus', 'bolak', 'balek', 'gitu', 'masuknya']","['saat', 'menggunakan', 'portal', 'tersebut', 'servernya', 'kadang', 'sukak', 'down', 'sendiri', 'bolak', 'balek', 'gitu', 'masuknya']","['saat', 'menggunakan', 'portal', 'tersebut', 'servernya', 'kadang', 'sukak', 'down', 'sendiri', 'bolak', 'balek', 'gitu', 'masuknya']",saat menggunakan portal tersebut servernya kadang sukak down sendiri bolak balek gitu masuknya
035-02,09/01/2026 5:52:22,MyClass UMSU,Untuk MyClass sejauh ini baik baik saja dan tidak ada kendala,35,2,,untuk myclass sejauh ini baik baik saja dan tidak ada kendala,"['untuk', 'myclass', 'sejauh', 'ini', 'baik', 'baik', 'saja', 'dan', 'tidak', 'ada', 'kendala']","['myclass', 'sejauh', 'baik', 'baik', 'tidak', 'ada', 'kendala']","['myclass', 'sejauh', 'baik', 'baik', 'tidak', 'ada', 'kendala']",myclass sejauh baik baik tidak ada kendala
035-03,09/01/2026 5:52:22,WiFi Kampus,"Untuk wifi kampus sejauh ini lancar saja, tapi terkadang dia sukak ngelag gitu, tpi itu jarang sih",35,3,,untuk wifi kampus sejauh ini lancar saja tapi terkadang dia sukak ngelag gitu tpi itu jarang sih,"['untuk', 'wifi', 'kampus', 'sejauh', 'ini', 'lancar', 'saja', 'tapi', 'terkadang', 'dia', 'sukak', 'ngelag', 'gitu', 'tpi', 'itu', 'jarang', 'sih']","['wifi', 'kampus', 'sejauh', 'lancar', 'terkadang', 'sukak', 'ngelag', 'gitu', 'tpi', 'jarang', 'sih']","['wifi', 'kampus', 'sejauh', 'lancar', 'terkadang', 'sukak', 'ngelag', 'gitu', 'tpi', 'jarang', 'sih']",wifi kampus sejauh lancar terkadang sukak ngelag gitu tpi jarang sih
035-04,09/01/2026 5:52:22,Helpdesk/Technical Support,"Kalau ini saya tidak tahu, krna saya gak pernah menghubungi layanan tersebut",35,4,,kalau ini saya tidak tahu krna saya gak pernah menghubungi layanan tersebut,"['kalau', 'ini', 'saya', 'tidak', 'tahu', 'krna', 'saya', 'gak', 'pernah', 'menghubungi', 'layanan', 'tersebut']","['kalau', 'tidak', 'tahu', 'krna', 'gak', 'pernah', 'menghubungi', 'layanan', 'tersebut']","['kalau', 'tidak', 'tahu', 'krna', 'gak', 'pernah', 'menghubungi', 'layanan', 'tersebut']",kalau tidak tahu krna gak pernah menghubungi layanan tersebut
035-05,09/01/2026 5:52:22,Saran Peningkatan,"Saran saya untuk portal UMSU di tingkatkan lagi biar gak capek bolak balek masuknya, dan untuk yang lainnya sudah oke.",35,5,,saran saya untuk portal umsu di tingkatkan lagi biar gak capek bolak balek masuknya dan untuk yang lainnya sudah oke,"['saran', 'saya', 'untuk', 'portal', 'umsu', 'di', 'tingkatkan', 'lagi', 'biar', 'gak', 'capek', 'bolak', 'balek', 'masuknya', 'dan', 'untuk', 'yang', 'lainnya', 'sudah', 'oke']","['saran', 'portal', 'umsu', 'tingkatkan', 'biar', 'gak', 'capek', 'bolak', 'balek', 'masuknya', 'lainnya', 'oke']","['saran', 'portal', 'umsu', 'tingkatkan', 'biar', 'gak', 'capek', 'bolak', 'balek', 'masuknya', 'lainnya', 'oke']",saran portal umsu tingkatkan biar gak capek bolak balek masuknya lainnya oke
036-01,09/01/2026 6:15:32,Portal Akademik (WEB),loadingnya lama dan ngelag,36,1,,loadingnya lama dan ngelag,"['loadingnya', 'lama', 'dan', 'ngelag']","['loadingnya', 'lama', 'ngelag']","['loadingnya', 'lama', 'ngelag']",loadingnya lama ngelag
036-02,09/01/2026 6:15:32,MyClass UMSU,sebanarnya sudah bagus namun masih serig loading lama jadi kadang membuat hectic,36,2,,sebanarnya sudah bagus namun masih serig loading lama jadi kadang membuat hectic,"['sebanarnya', 'sudah', 'bagus', 'namun', 'masih', 'serig', 'loading', 'lama', 'jadi', 'kadang', 'membuat', 'hectic']","['sebanarnya', 'bagus', 'masih', 'serig', 'loading', 'lama', 'jadi', 'kadang', 'membuat', 'hectic']","['sebanarnya', 'bagus', 'masih', 'serig', 'loading', 'lama', 'jadi', 'kadang', 'membuat', 'hectic']",sebanarnya bagus masih serig loading lama jadi kadang membuat hectic
036-03,09/01/2026 6:15:32,WiFi Kampus,wifi nya susah tersambung. banyak yang menggunkan kata sandi jadi sulit masuk,36,3,,wifi nya susah tersambung banyak yang menggunkan kata sandi jadi sulit masuk,"['wifi', 'nya', 'susah', 'tersambung', 'banyak', 'yang', 'menggunkan', 'kata', 'sandi', 'jadi', 'sulit', 'masuk']","['wifi', 'susah', 'tersambung', 'menggunkan', 'kata', 'sandi', 'jadi', 'sulit', 'masuk']","['wifi', 'susah', 'tersambung', 'menggunkan', 'kata', 'sandi', 'jadi', 'sulit', 'masuk']",wifi susah tersambung menggunkan kata sandi jadi sulit masuk
036-04,09/01/2026 6:15:32,Helpdesk/Technical Support,tidak ada,36,4,,tidak ada,"['tidak', 'ada']","['tidak', 'ada']","['tidak', 'ada']",tidak ada
036-05,09/01/2026 6:15:32,Saran Peningkatan,lebih fast lagi,36,5,,lebih fast lagi,"['lebih', 'fast', 'lagi']",['fast'],['fast'],fast
037-01,09/01/2026 6:38:50,Portal Akademik (WEB),"pengalaman baik saya menggunakan portal akademik yaitu fiturnya lengkap dan mudah diakses,untuk melihat data informasi dan profile pribadi juga cukup sederhana dan mudah untuk digunakan,hanya saja terkadang server sering terjadi error atau down di waktu tertentu",37,1,,pengalaman baik saya menggunakan portal akademik yaitu fiturnya lengkap dan mudah diakses untuk melihat data informasi dan profile pribadi juga cukup sederhana dan mudah untuk digunakan hanya saja terkadang server sering terjadi error atau down di waktu tertentu,"['pengalaman', 'baik', 'saya', 'menggunakan', 'portal', 'akademik', 'yaitu', 'fiturnya', 'lengkap', 'dan', 'mudah', 'diakses', 'untuk', 'melihat', 'data', 'informasi', 'dan', 'profile', 'pribadi', 'juga', 'cukup', 'sederhana', 'dan', 'mudah', 'untuk', 'digunakan', 'hanya', 'saja', 'terkadang', 'server', 'sering', 'terjadi', 'error', 'atau', 'down', 'di', 'waktu', 'tertentu']","['pengalaman', 'baik', 'menggunakan', 'portal', 'akademik', 'fiturnya', 'lengkap', 'mudah', 'diakses', 'melihat', 'data', 'informasi', 'profile', 'pribadi', 'cukup', 'sederhana', 'mudah', 'digunakan', 'terkadang', 'server', 'sering', 'terjadi', 'error', 'down', 'waktu', 'tertentu']","['pengalaman', 'baik', 'menggunakan', 'portal', 'akademik', 'fiturnya', 'lengkap', 'mudah', 'diakses', 'melihat', 'data', 'informasi', 'profile', 'pribadi', 'cukup', 'sederhana', 'mudah', 'digunakan', 'terkadang', 'server', 'sering', 'terjadi', 'error', 'down', 'waktu', 'tertentu']",pengalaman baik menggunakan portal akademik fiturnya lengkap mudah diakses melihat data informasi profile pribadi cukup sederhana mudah digunakan terkadang server sering terjadi error down waktu tertentu
037-02,09/01/2026 6:38:50,MyClass UMSU,"MyClass ini sangat bagus untuk tampilannya,mudah digunakan dan sangat mendukung dalam media pembelajaran di kampus,hanya saja ada beberapa yang perlu penyempurnaan lagi dibagian fitur tombol kembali nya karna di iphone sangat kesusahan untuk fitur kembali",37,2,,myclass ini sangat bagus untuk tampilannya mudah digunakan dan sangat mendukung dalam media pembelajaran di kampus hanya saja ada beberapa yang perlu penyempurnaan lagi dibagian fitur tombol kembali nya karna di iphone sangat kesusahan untuk fitur kembali,"['myclass', 'ini', 'sangat', 'bagus', 'untuk', 'tampilannya', 'mudah', 'digunakan', 'dan', 'sangat', 'mendukung', 'dalam', 'media', 'pembelajaran', 'di', 'kampus', 'hanya', 'saja', 'ada', 'beberapa', 'yang', 'perlu', 'penyempurnaan', 'lagi', 'dibagian', 'fitur', 'tombol', 'kembali', 'nya', 'karna', 'di', 'iphone', 'sangat', 'kesusahan', 'untuk', 'fitur', 'kembali']","['myclass', 'bagus', 'tampilannya', 'mudah', 'digunakan', 'mendukung', 'media', 'pembelajaran', 'kampus', 'ada', 'perlu', 'penyempurnaan', 'dibagian', 'fitur', 'tombol', 'kembali', 'karna', 'iphone', 'kesusahan', 'fitur', 'kembali']","['myclass', 'bagus', 'tampilannya', 'mudah', 'digunakan', 'mendukung', 'media', 'pembelajaran', 'kampus', 'ada', 'perlu', 'penyempurnaan', 'dibagian', 'fitur', 'tombol', 'kembali', 'karna', 'iphone', 'kesusahan', 'fitur', 'kembali']",myclass bagus tampilannya mudah digunakan mendukung media pembelajaran kampus ada perlu penyempurnaan dibagian fitur tombol kembali karna iphone kesusahan fitur kembali
037-03,09/01/2026 6:38:50,WiFi Kampus,"untuk saat ini wifi fikti umsu sangat buruk,jaringannya lambat,dan perlu diup lagi untuk kecepatan jaringannya,karna yang akses sangat banyak",37,3,,untuk saat ini wifi fikti umsu sangat buruk jaringannya lambat dan perlu diup lagi untuk kecepatan jaringannya karna yang akses sangat banyak,"['untuk', 'saat', 'ini', 'wifi', 'fikti', 'umsu', 'sangat', 'buruk', 'jaringannya', 'lambat', 'dan', 'perlu', 'diup', 'lagi', 'untuk', 'kecepatan', 'jaringannya', 'karna', 'yang', 'akses', 'sangat', 'banyak']","['saat', 'wifi', 'fikti', 'umsu', 'buruk', 'jaringannya', 'lambat', 'perlu', 'diup', 'kecepatan', 'jaringannya', 'karna', 'akses']","['saat', 'wifi', 'fikti', 'umsu', 'buruk', 'jaringannya', 'lambat', 'perlu', 'diup', 'kecepatan', 'jaringannya', 'karna', 'akses']",saat wifi fikti umsu buruk jaringannya lambat perlu diup kecepatan jaringannya karna akses
037-04,09/01/2026 6:38:50,Helpdesk/Technical Support,belum pernah menghubungi it support,37,4,,belum pernah menghubungi it support,"['belum', 'pernah', 'menghubungi', 'it', 'support']","['belum', 'pernah', 'menghubungi', 'it', 'support']","['belum', 'pernah', 'menghubungi', 'it', 'support']",belum pernah menghubungi it support
037-05,09/01/2026 6:38:50,Saran Peningkatan,belum ada,37,5,,belum ada,"['belum', 'ada']","['belum', 'ada']","['belum', 'ada']",belum ada
038-01,09/01/2026 6:46:26,Portal Akademik (WEB),Portalnya sering tidak menampilkan informasi apa-apa dan menampilkan error padahal sudah login dengan benar,38,1,,portalnya sering tidak menampilkan informasi apa apa dan menampilkan error padahal sudah login dengan benar,"['portalnya', 'sering', 'tidak', 'menampilkan', 'informasi', 'apa', 'apa', 'dan', 'menampilkan', 'error', 'padahal', 'sudah', 'login', 'dengan', 'benar']","['portalnya', 'sering', 'tidak', 'menampilkan', 'informasi', 'apa', 'apa', 'menampilkan', 'error', 'padahal', 'login', 'benar']","['portalnya', 'sering', 'tidak', 'menampilkan', 'informasi', 'apa', 'apa', 'menampilkan', 'error', 'padahal', 'login', 'benar']",portalnya sering tidak menampilkan informasi apa apa menampilkan error padahal login benar
038-02,09/01/2026 6:46:26,MyClass UMSU,MyClass cukup baik dan jarang ada masalah saat mengaksesnya,38,2,,myclass cukup baik dan jarang ada masalah saat mengaksesnya,"['myclass', 'cukup', 'baik', 'dan', 'jarang', 'ada', 'masalah', 'saat', 'mengaksesnya']","['myclass', 'cukup', 'baik', 'jarang', 'ada', 'masalah', 'saat', 'mengaksesnya']","['myclass', 'cukup', 'baik', 'jarang', 'ada', 'masalah', 'saat', 'mengaksesnya']",myclass cukup baik jarang ada masalah saat mengaksesnya
038-03,09/01/2026 6:46:26,WiFi Kampus,WiFi kampus UMSU lemot dan susah terhubung sehingga saya lebih sering menggunakan kuota pribadi untuk kebutuhan internet,38,3,,wifi kampus umsu lemot dan susah terhubung sehingga saya lebih sering menggunakan kuota pribadi untuk kebutuhan internet,"['wifi', 'kampus', 'umsu', 'lemot', 'dan', 'susah', 'terhubung', 'sehingga', 'saya', 'lebih', 'sering', 'menggunakan', 'kuota', 'pribadi', 'untuk', 'kebutuhan', 'internet']","['wifi', 'kampus', 'umsu', 'lemot', 'susah', 'terhubung', 'sehingga', 'sering', 'menggunakan', 'kuota', 'pribadi', 'kebutuhan', 'internet']","['wifi', 'kampus', 'umsu', 'lemot', 'susah', 'terhubung', 'sehingga', 'sering', 'menggunakan', 'kuota', 'pribadi', 'kebutuhan', 'internet']",wifi kampus umsu lemot susah terhubung sehingga sering menggunakan kuota pribadi kebutuhan internet
038-04,09/01/2026 6:46:26,Helpdesk/Technical Support,Saya pernah meminta email kampus lewat live chat dan direspon dengan cepat,38,4,,saya pernah meminta email kampus lewat live chat dan direspon dengan cepat,"['saya', 'pernah', 'meminta', 'email', 'kampus', 'lewat', 'live', 'chat', 'dan', 'direspon', 'dengan', 'cepat']","['pernah', 'meminta', 'email', 'kampus', 'lewat', 'live', 'chat', 'direspon', 'cepat']","['pernah', 'meminta', 'email', 'kampus', 'lewat', 'live', 'chat', 'direspon', 'cepat']",pernah meminta email kampus lewat live chat direspon cepat
038-05,09/01/2026 6:46:26,Saran Peningkatan,Memperhatikan feedback dan mengecek layanan secara berkala agar mengetahui kurangnya djmana,38,5,,memperhatikan feedback dan mengecek layanan secara berkala agar mengetahui kurangnya djmana,"['memperhatikan', 'feedback', 'dan', 'mengecek', 'layanan', 'secara', 'berkala', 'agar', 'mengetahui', 'kurangnya', 'djmana']","['memperhatikan', 'feedback', 'mengecek', 'layanan', 'secara', 'berkala', 'mengetahui', 'kurangnya', 'djmana']","['memperhatikan', 'feedback', 'mengecek', 'layanan', 'secara', 'berkala', 'mengetahui', 'kurangnya', 'djmana']",memperhatikan feedback mengecek layanan secara berkala mengetahui kurangnya djmana
039-01,09/01/2026 7:31:38,Portal Akademik (WEB),"pengalaman baik: memudahkan akses informasi akademik seperti KRS, KHS, jadwal kuliah, dan pengumuman lainnya.
pengalaman buruk: sering mengalami gangguan saat sibuk (pengisian KRS atau pengumuman nilai), sehingga akses menjadi lambat atau tidak bisa dibuka.",39,1,,pengalaman baik memudahkan akses informasi akademik seperti krs khs jadwal kuliah dan pengumuman lainnya pengalaman buruk sering mengalami gangguan saat sibuk pengisian krs atau pengumuman nilai sehingga akses menjadi lambat atau tidak bisa dibuka,"['pengalaman', 'baik', 'memudahkan', 'akses', 'informasi', 'akademik', 'seperti', 'krs', 'khs', 'jadwal', 'kuliah', 'dan', 'pengumuman', 'lainnya', 'pengalaman', 'buruk', 'sering', 'mengalami', 'gangguan', 'saat', 'sibuk', 'pengisian', 'krs', 'atau', 'pengumuman', 'nilai', 'sehingga', 'akses', 'menjadi', 'lambat', 'atau', 'tidak', 'bisa', 'dibuka']","['pengalaman', 'baik', 'memudahkan', 'akses', 'informasi', 'akademik', 'krs', 'khs', 'jadwal', 'kuliah', 'pengumuman', 'lainnya', 'pengalaman', 'buruk', 'sering', 'mengalami', 'gangguan', 'saat', 'sibuk', 'pengisian', 'krs', 'pengumuman', 'nilai', 'sehingga', 'akses', 'lambat', 'tidak', 'dibuka']","['pengalaman', 'baik', 'memudahkan', 'akses', 'informasi', 'akademik', 'krs', 'khs', 'jadwal', 'kuliah', 'pengumuman', 'lainnya', 'pengalaman', 'buruk', 'sering', 'mengalami', 'gangguan', 'saat', 'sibuk', 'pengisian', 'krs', 'pengumuman', 'nilai', 'sehingga', 'akses', 'lambat', 'tidak', 'dibuka']",pengalaman baik memudahkan akses informasi akademik krs khs jadwal kuliah pengumuman lainnya pengalaman buruk sering mengalami gangguan saat sibuk pengisian krs pengumuman nilai sehingga akses lambat tidak dibuka
039-02,09/01/2026 7:31:38,MyClass UMSU,"pengalaman baik: memudahkan proses pembelajaran karena materi, tugas, dan pengumuman dosen tersedia dalam satu platform.
pengalaman buruk: terkadang lambat atau sulit diakses saat banyak mahasiswa login bersamaan, sehingga pengumpulan tugas dan akses materi menjadi terhambat.",39,2,,pengalaman baik memudahkan proses pembelajaran karena materi tugas dan pengumuman dosen tersedia dalam satu platform pengalaman buruk terkadang lambat atau sulit diakses saat banyak mahasiswa login bersamaan sehingga pengumpulan tugas dan akses materi menjadi terhambat,"['pengalaman', 'baik', 'memudahkan', 'proses', 'pembelajaran', 'karena', 'materi', 'tugas', 'dan', 'pengumuman', 'dosen', 'tersedia', 'dalam', 'satu', 'platform', 'pengalaman', 'buruk', 'terkadang', 'lambat', 'atau', 'sulit', 'diakses', 'saat', 'banyak', 'mahasiswa', 'login', 'bersamaan', 'sehingga', 'pengumpulan', 'tugas', 'dan', 'akses', 'materi', 'menjadi', 'terhambat']","['pengalaman', 'baik', 'memudahkan', 'proses', 'pembelajaran', 'materi', 'tugas', 'pengumuman', 'dosen', 'tersedia', 'satu', 'platform', 'pengalaman', 'buruk', 'terkadang', 'lambat', 'sulit', 'diakses', 'saat', 'mahasiswa', 'login', 'bersamaan', 'sehingga', 'pengumpulan', 'tugas', 'akses', 'materi', 'terhambat']","['pengalaman', 'baik', 'memudahkan', 'proses', 'pembelajaran', 'materi', 'tugas', 'pengumuman', 'dosen', 'tersedia', 'satu', 'platform', 'pengalaman', 'buruk', 'terkadang', 'lambat', 'sulit', 'diakses', 'saat', 'mahasiswa', 'login', 'bersamaan', 'sehingga', 'pengumpulan', 'tugas', 'akses', 'materi', 'terhambat']",pengalaman baik memudahkan proses pembelajaran materi tugas pengumuman dosen tersedia satu platform pengalaman buruk terkadang lambat sulit diakses saat mahasiswa login bersamaan sehingga pengumpulan tugas akses materi terhambat
039-03,09/01/2026 7:31:38,WiFi Kampus,"Pengalaman Baik:
WiFi kampus UMSU membantu mahasiswa mengakses internet untuk keperluan akademik
Pengalaman Buruk:
Koneksi WiFi kampus UMSU sering tidak stabil dan lambat, terutama saat jam ramai, karena banyaknya pengguna yang terhubung secara bersamaan.",39,3,,pengalaman baik wifi kampus umsu membantu mahasiswa mengakses internet untuk keperluan akademik pengalaman buruk koneksi wifi kampus umsu sering tidak stabil dan lambat terutama saat jam ramai karena banyaknya pengguna yang terhubung secara bersamaan,"['pengalaman', 'baik', 'wifi', 'kampus', 'umsu', 'membantu', 'mahasiswa', 'mengakses', 'internet', 'untuk', 'keperluan', 'akademik', 'pengalaman', 'buruk', 'koneksi', 'wifi', 'kampus', 'umsu', 'sering', 'tidak', 'stabil', 'dan', 'lambat', 'terutama', 'saat', 'jam', 'ramai', 'karena', 'banyaknya', 'pengguna', 'yang', 'terhubung', 'secara', 'bersamaan']","['pengalaman', 'baik', 'wifi', 'kampus', 'umsu', 'membantu', 'mahasiswa', 'mengakses', 'internet', 'keperluan', 'akademik', 'pengalaman', 'buruk', 'koneksi', 'wifi', 'kampus', 'umsu', 'sering', 'tidak', 'stabil', 'lambat', 'terutama', 'saat', 'jam', 'ramai', 'banyaknya', 'pengguna', 'terhubung', 'secara', 'bersamaan']","['pengalaman', 'baik', 'wifi', 'kampus', 'umsu', 'membantu', 'mahasiswa', 'mengakses', 'internet', 'keperluan', 'akademik', 'pengalaman', 'buruk', 'koneksi', 'wifi', 'kampus', 'umsu', 'sering', 'tidak', 'stabil', 'lambat', 'terutama', 'saat', 'jam', 'ramai', 'banyaknya', 'pengguna', 'terhubung', 'secara', 'bersamaan']",pengalaman baik wifi kampus umsu membantu mahasiswa mengakses internet keperluan akademik pengalaman buruk koneksi wifi kampus umsu sering tidak stabil lambat terutama saat jam ramai banyaknya pengguna terhubung secara bersamaan
039-04,09/01/2026 7:31:38,Helpdesk/Technical Support,belum pernah menggunakan helpdesk/technical support it UMSU,39,4,,belum pernah menggunakan helpdesk technical support it umsu,"['belum', 'pernah', 'menggunakan', 'helpdesk', 'technical', 'support', 'it', 'umsu']","['belum', 'pernah', 'menggunakan', 'helpdesk', 'technical', 'support', 'it', 'umsu']","['belum', 'pernah', 'menggunakan', 'helpdesk', 'technical', 'support', 'it', 'umsu']",belum pernah menggunakan helpdesk technical support it umsu
039-05,09/01/2026 7:31:38,Saran Peningkatan,"Perlu peningkatan stabilitas jaringan dan sistem, serta layanan bantuan TI yang lebih responsif.",39,5,,perlu peningkatan stabilitas jaringan dan sistem serta layanan bantuan ti yang lebih responsif,"['perlu', 'peningkatan', 'stabilitas', 'jaringan', 'dan', 'sistem', 'serta', 'layanan', 'bantuan', 'ti', 'yang', 'lebih', 'responsif']","['perlu', 'peningkatan', 'stabilitas', 'jaringan', 'sistem', 'layanan', 'bantuan', 'ti', 'responsif']","['perlu', 'peningkatan', 'stabilitas', 'jaringan', 'sistem', 'layanan', 'bantuan', 'ti', 'responsif']",perlu peningkatan stabilitas jaringan sistem layanan bantuan ti responsif
040-01,09/01/2026 9:26:09,Portal Akademik (WEB),"Pengalaman baik, sih. Portal Akademik (WEB) ini lumayan gampang diakses dan fiturnya lengkap. Cuma kadang suka lemot atau down.",40,1,,pengalaman baik sih portal akademik web ini lumayan gampang diakses dan fiturnya lengkap cuma kadang suka lemot atau down,"['pengalaman', 'baik', 'sih', 'portal', 'akademik', 'web', 'ini', 'lumayan', 'gampang', 'diakses', 'dan', 'fiturnya', 'lengkap', 'cuma', 'kadang', 'suka', 'lemot', 'atau', 'down']","['pengalaman', 'baik', 'sih', 'portal', 'akademik', 'web', 'lumayan', 'gampang', 'diakses', 'fiturnya', 'lengkap', 'cuma', 'kadang', 'suka', 'lemot', 'down']","['pengalaman', 'baik', 'sih', 'portal', 'akademik', 'web', 'lumayan', 'gampang', 'diakses', 'fiturnya', 'lengkap', 'cuma', 'kadang', 'suka', 'lemot', 'down']",pengalaman baik sih portal akademik web lumayan gampang diakses fiturnya lengkap cuma kadang suka lemot down
040-02,09/01/2026 9:26:09,MyClass UMSU,"Pengalaman saya menggunakan MyClass UMSU cukup baik, karena bisa akses materi dan absen kelas online dengan gampang.",40,2,,pengalaman saya menggunakan myclass umsu cukup baik karena bisa akses materi dan absen kelas online dengan gampang,"['pengalaman', 'saya', 'menggunakan', 'myclass', 'umsu', 'cukup', 'baik', 'karena', 'bisa', 'akses', 'materi', 'dan', 'absen', 'kelas', 'online', 'dengan', 'gampang']","['pengalaman', 'menggunakan', 'myclass', 'umsu', 'cukup', 'baik', 'akses', 'materi', 'absen', 'kelas', 'online', 'gampang']","['pengalaman', 'menggunakan', 'myclass', 'umsu', 'cukup', 'baik', 'akses', 'materi', 'absen', 'kelas', 'online', 'gampang']",pengalaman menggunakan myclass umsu cukup baik akses materi absen kelas online gampang
040-03,09/01/2026 9:26:09,WiFi Kampus,"Pengalaman saya menggunakan WiFi kampus UMSU lumayan baik, bisa akses internet dengan cepat. Cuma kadang suka nggak terhubung.",40,3,,pengalaman saya menggunakan wifi kampus umsu lumayan baik bisa akses internet dengan cepat cuma kadang suka nggak terhubung,"['pengalaman', 'saya', 'menggunakan', 'wifi', 'kampus', 'umsu', 'lumayan', 'baik', 'bisa', 'akses', 'internet', 'dengan', 'cepat', 'cuma', 'kadang', 'suka', 'nggak', 'terhubung']","['pengalaman', 'menggunakan', 'wifi', 'kampus', 'umsu', 'lumayan', 'baik', 'akses', 'internet', 'cepat', 'cuma', 'kadang', 'suka', 'nggak', 'terhubung']","['pengalaman', 'menggunakan', 'wifi', 'kampus', 'umsu', 'lumayan', 'baik', 'akses', 'internet', 'cepat', 'cuma', 'kadang', 'suka', 'nggak', 'terhubung']",pengalaman menggunakan wifi kampus umsu lumayan baik akses internet cepat cuma kadang suka nggak terhubung
040-04,09/01/2026 9:26:09,Helpdesk/Technical Support,"Pengalaman saya menggunakan helpdesk/technical support IT UMSU lumayan baik, soalnya responnya cepat waktu saya lupa password akun. Mereka bantu reset password dengan cepat",40,4,,pengalaman saya menggunakan helpdesk technical support it umsu lumayan baik soalnya responnya cepat waktu saya lupa password akun mereka bantu reset password dengan cepat,"['pengalaman', 'saya', 'menggunakan', 'helpdesk', 'technical', 'support', 'it', 'umsu', 'lumayan', 'baik', 'soalnya', 'responnya', 'cepat', 'waktu', 'saya', 'lupa', 'password', 'akun', 'mereka', 'bantu', 'reset', 'password', 'dengan', 'cepat']","['pengalaman', 'menggunakan', 'helpdesk', 'technical', 'support', 'it', 'umsu', 'lumayan', 'baik', 'soalnya', 'responnya', 'cepat', 'waktu', 'lupa', 'password', 'akun', 'bantu', 'reset', 'password', 'cepat']","['pengalaman', 'menggunakan', 'helpdesk', 'technical', 'support', 'it', 'umsu', 'lumayan', 'baik', 'soalnya', 'responnya', 'cepat', 'waktu', 'lupa', 'password', 'akun', 'bantu', 'reset', 'password', 'cepat']",pengalaman menggunakan helpdesk technical support it umsu lumayan baik soalnya responnya cepat waktu lupa password akun bantu reset password cepat
040-05,09/01/2026 9:26:09,Saran Peningkatan,Sarannya perkuat infrastruktur IT biar sistemnya lebih stabil dan nggak suka down.,40,5,,sarannya perkuat infrastruktur it biar sistemnya lebih stabil dan nggak suka down,"['sarannya', 'perkuat', 'infrastruktur', 'it', 'biar', 'sistemnya', 'lebih', 'stabil', 'dan', 'nggak', 'suka', 'down']","['sarannya', 'perkuat', 'infrastruktur', 'it', 'biar', 'sistemnya', 'stabil', 'nggak', 'suka', 'down']","['sarannya', 'perkuat', 'infrastruktur', 'it', 'biar', 'sistemnya', 'stabil', 'nggak', 'suka', 'down']",sarannya perkuat infrastruktur it biar sistemnya stabil nggak suka down
041-01,09/01/2026 9:35:16,Portal Akademik (WEB),Layanan akademik mudah diakses tetapi terkadang adanya ganguan seperti tidak bisa login dll,41,1,,layanan akademik mudah diakses tetapi terkadang adanya ganguan seperti tidak bisa login dll,"['layanan', 'akademik', 'mudah', 'diakses', 'tetapi', 'terkadang', 'adanya', 'ganguan', 'seperti', 'tidak', 'bisa', 'login', 'dll']","['layanan', 'akademik', 'mudah', 'diakses', 'terkadang', 'adanya', 'ganguan', 'tidak', 'login', 'dll']","['layanan', 'akademik', 'mudah', 'diakses', 'terkadang', 'adanya', 'ganguan', 'tidak', 'login', 'dll']",layanan akademik mudah diakses terkadang adanya ganguan tidak login dll
041-02,09/01/2026 9:35:16,MyClass UMSU,Kami tidak menggunakan myclass dalam semester ini,41,2,,kami tidak menggunakan myclass dalam semester ini,"['kami', 'tidak', 'menggunakan', 'myclass', 'dalam', 'semester', 'ini']","['tidak', 'menggunakan', 'myclass', 'semester']","['tidak', 'menggunakan', 'myclass', 'semester']",tidak menggunakan myclass semester
041-03,09/01/2026 9:35:16,WiFi Kampus,Jaringan tidak stabil,41,3,,jaringan tidak stabil,"['jaringan', 'tidak', 'stabil']","['jaringan', 'tidak', 'stabil']","['jaringan', 'tidak', 'stabil']",jaringan tidak stabil
041-04,09/01/2026 9:35:16,Helpdesk/Technical Support,Tidak pernah,41,4,,tidak pernah,"['tidak', 'pernah']","['tidak', 'pernah']","['tidak', 'pernah']",tidak pernah
041-05,09/01/2026 9:35:16,Saran Peningkatan,Kedepanan layanan Umsu menjadi lebih baik,41,5,,kedepanan layanan umsu menjadi lebih baik,"['kedepanan', 'layanan', 'umsu', 'menjadi', 'lebih', 'baik']","['kedepanan', 'layanan', 'umsu', 'baik']","['kedepanan', 'layanan', 'umsu', 'baik']",kedepanan layanan umsu baik
042-01,09/01/2026 9:50:00,Portal Akademik (WEB),penggunaan layanan sistem dan teknologi informasi akademik umsu dapat saya gunakan dengan baik,42,1,,penggunaan layanan sistem dan teknologi informasi akademik umsu dapat saya gunakan dengan baik,"['penggunaan', 'layanan', 'sistem', 'dan', 'teknologi', 'informasi', 'akademik', 'umsu', 'dapat', 'saya', 'gunakan', 'dengan', 'baik']","['penggunaan', 'layanan', 'sistem', 'teknologi', 'informasi', 'akademik', 'umsu', 'gunakan', 'baik']","['penggunaan', 'layanan', 'sistem', 'teknologi', 'informasi', 'akademik', 'umsu', 'gunakan', 'baik']",penggunaan layanan sistem teknologi informasi akademik umsu gunakan baik
042-02,09/01/2026 9:50:00,MyClass UMSU,saya pernah ingin mengakses myclass tapi terlalu lama loading servernya.,42,2,,saya pernah ingin mengakses myclass tapi terlalu lama loading servernya,"['saya', 'pernah', 'ingin', 'mengakses', 'myclass', 'tapi', 'terlalu', 'lama', 'loading', 'servernya']","['pernah', 'ingin', 'mengakses', 'myclass', 'terlalu', 'lama', 'loading', 'servernya']","['pernah', 'ingin', 'mengakses', 'myclass', 'terlalu', 'lama', 'loading', 'servernya']",pernah ingin mengakses myclass terlalu lama loading servernya
042-03,09/01/2026 9:50:00,WiFi Kampus,terkadang wifinya lambat ketika diperlukan,42,3,,terkadang wifinya lambat ketika diperlukan,"['terkadang', 'wifinya', 'lambat', 'ketika', 'diperlukan']","['terkadang', 'wifinya', 'lambat', 'ketika', 'diperlukan']","['terkadang', 'wifinya', 'lambat', 'ketika', 'diperlukan']",terkadang wifinya lambat ketika diperlukan
042-04,09/01/2026 9:50:00,Helpdesk/Technical Support,saya belum pernah menghubungi helpdesk/teachical support it umsu,42,4,,saya belum pernah menghubungi helpdesk teachical support it umsu,"['saya', 'belum', 'pernah', 'menghubungi', 'helpdesk', 'teachical', 'support', 'it', 'umsu']","['belum', 'pernah', 'menghubungi', 'helpdesk', 'teachical', 'support', 'it', 'umsu']","['belum', 'pernah', 'menghubungi', 'helpdesk', 'teachical', 'support', 'it', 'umsu']",belum pernah menghubungi helpdesk teachical support it umsu
042-05,09/01/2026 9:50:00,Saran Peningkatan,"dipertahankan yang sudah membuat penggunya nyaman, dan ditingkatkan lagi layanannya",42,5,,dipertahankan yang sudah membuat penggunya nyaman dan ditingkatkan lagi layanannya,"['dipertahankan', 'yang', 'sudah', 'membuat', 'penggunya', 'nyaman', 'dan', 'ditingkatkan', 'lagi', 'layanannya']","['dipertahankan', 'membuat', 'penggunya', 'nyaman', 'ditingkatkan', 'layanannya']","['dipertahankan', 'membuat', 'penggunya', 'nyaman', 'ditingkatkan', 'layanannya']",dipertahankan membuat penggunya nyaman ditingkatkan layanannya
043-01,09/01/2026 10:09:27,Portal Akademik (WEB),selama menggunakan portal umsu/ myclass sejauh ini mudah digunakan tetapi terkadang suka tiba” logout dan harus login jadi memakan waktu,43,1,,selama menggunakan portal umsu myclass sejauh ini mudah digunakan tetapi terkadang suka tiba logout dan harus login jadi memakan waktu,"['selama', 'menggunakan', 'portal', 'umsu', 'myclass', 'sejauh', 'ini', 'mudah', 'digunakan', 'tetapi', 'terkadang', 'suka', 'tiba', 'logout', 'dan', 'harus', 'login', 'jadi', 'memakan', 'waktu']","['selama', 'menggunakan', 'portal', 'umsu', 'myclass', 'sejauh', 'mudah', 'digunakan', 'terkadang', 'suka', 'tiba', 'logout', 'login', 'jadi', 'memakan', 'waktu']","['selama', 'menggunakan', 'portal', 'umsu', 'myclass', 'sejauh', 'mudah', 'digunakan', 'terkadang', 'suka', 'tiba', 'logout', 'login', 'jadi', 'memakan', 'waktu']",selama menggunakan portal umsu myclass sejauh mudah digunakan terkadang suka tiba logout login jadi memakan waktu
043-02,09/01/2026 10:09:27,MyClass UMSU,sejauh ini menggunakan myclass sangat mudah,43,2,,sejauh ini menggunakan myclass sangat mudah,"['sejauh', 'ini', 'menggunakan', 'myclass', 'sangat', 'mudah']","['sejauh', 'menggunakan', 'myclass', 'mudah']","['sejauh', 'menggunakan', 'myclass', 'mudah']",sejauh menggunakan myclass mudah
043-03,09/01/2026 10:09:27,WiFi Kampus,"kalau saya memakai wifi di fikti, itu sangat baik mudah di koneksi kan dan jangkauannya juga luas tetapi kalau saya sedang ada perkuliahan di fai wifi sulit untuk digunakan. kadang bisa, kadang koneksi juga terputus dan jangkauannya tidak terlalu luas.",43,3,,kalau saya memakai wifi di fikti itu sangat baik mudah di koneksi kan dan jangkauannya juga luas tetapi kalau saya sedang ada perkuliahan di fai wifi sulit untuk digunakan kadang bisa kadang koneksi juga terputus dan jangkauannya tidak terlalu luas,"['kalau', 'saya', 'memakai', 'wifi', 'di', 'fikti', 'itu', 'sangat', 'baik', 'mudah', 'di', 'koneksi', 'kan', 'dan', 'jangkauannya', 'juga', 'luas', 'tetapi', 'kalau', 'saya', 'sedang', 'ada', 'perkuliahan', 'di', 'fai', 'wifi', 'sulit', 'untuk', 'digunakan', 'kadang', 'bisa', 'kadang', 'koneksi', 'juga', 'terputus', 'dan', 'jangkauannya', 'tidak', 'terlalu', 'luas']","['kalau', 'memakai', 'wifi', 'fikti', 'baik', 'mudah', 'koneksi', 'kan', 'jangkauannya', 'luas', 'kalau', 'sedang', 'ada', 'perkuliahan', 'fai', 'wifi', 'sulit', 'digunakan', 'kadang', 'kadang', 'koneksi', 'terputus', 'jangkauannya', 'tidak', 'terlalu', 'luas']","['kalau', 'memakai', 'wifi', 'fikti', 'baik', 'mudah', 'koneksi', 'kan', 'jangkauannya', 'luas', 'kalau', 'sedang', 'ada', 'perkuliahan', 'fai', 'wifi', 'sulit', 'digunakan', 'kadang', 'kadang', 'koneksi', 'terputus', 'jangkauannya', 'tidak', 'terlalu', 'luas']",kalau memakai wifi fikti baik mudah koneksi kan jangkauannya luas kalau sedang ada perkuliahan fai wifi sulit digunakan kadang kadang koneksi terputus jangkauannya tidak terlalu luas
043-04,09/01/2026 10:09:27,Helpdesk/Technical Support,saya pernsh menguhubungi helpdesk umsu untuk reset password portal dan e-learning respon mereka sangat cepat dan solutif,43,4,,saya pernsh menguhubungi helpdesk umsu untuk reset password portal dan e learning respon mereka sangat cepat dan solutif,"['saya', 'pernsh', 'menguhubungi', 'helpdesk', 'umsu', 'untuk', 'reset', 'password', 'portal', 'dan', 'learning', 'respon', 'mereka', 'sangat', 'cepat', 'dan', 'solutif']","['pernsh', 'menguhubungi', 'helpdesk', 'umsu', 'reset', 'password', 'portal', 'learning', 'respon', 'cepat', 'solutif']","['pernsh', 'menguhubungi', 'helpdesk', 'umsu', 'reset', 'password', 'portal', 'learning', 'respon', 'cepat', 'solutif']",pernsh menguhubungi helpdesk umsu reset password portal learning respon cepat solutif
043-05,09/01/2026 10:09:27,Saran Peningkatan,untuk kualitas layanan yg sudah oke boleh dipertahankan dan untuk layanan yg kurang boleh ditingkatkan lagi untuk mendukung aktivitas perkuliahan,43,5,,untuk kualitas layanan yg sudah oke boleh dipertahankan dan untuk layanan yg kurang boleh ditingkatkan lagi untuk mendukung aktivitas perkuliahan,"['untuk', 'kualitas', 'layanan', 'yg', 'sudah', 'oke', 'boleh', 'dipertahankan', 'dan', 'untuk', 'layanan', 'yg', 'kurang', 'boleh', 'ditingkatkan', 'lagi', 'untuk', 'mendukung', 'aktivitas', 'perkuliahan']","['kualitas', 'layanan', 'yg', 'oke', 'boleh', 'dipertahankan', 'layanan', 'yg', 'kurang', 'boleh', 'ditingkatkan', 'mendukung', 'aktivitas', 'perkuliahan']","['kualitas', 'layanan', 'yg', 'oke', 'boleh', 'dipertahankan', 'layanan', 'yg', 'kurang', 'boleh', 'ditingkatkan', 'mendukung', 'aktivitas', 'perkuliahan']",kualitas layanan yg oke boleh dipertahankan layanan yg kurang boleh ditingkatkan mendukung aktivitas perkuliahan
044-01,09/01/2026 10:28:50,Portal Akademik (WEB),"untuk kecepatan akses saya rasa sudah cukup baik, masalahnya hanya sering ke logout sendiri ketika pertama kali login",44,1,,untuk kecepatan akses saya rasa sudah cukup baik masalahnya hanya sering ke logout sendiri ketika pertama kali login,"['untuk', 'kecepatan', 'akses', 'saya', 'rasa', 'sudah', 'cukup', 'baik', 'masalahnya', 'hanya', 'sering', 'ke', 'logout', 'sendiri', 'ketika', 'pertama', 'kali', 'login']","['kecepatan', 'akses', 'rasa', 'cukup', 'baik', 'masalahnya', 'sering', 'logout', 'sendiri', 'ketika', 'pertama', 'kali', 'login']","['kecepatan', 'akses', 'rasa', 'cukup', 'baik', 'masalahnya', 'sering', 'logout', 'sendiri', 'ketika', 'pertama', 'kali', 'login']",kecepatan akses rasa cukup baik masalahnya sering logout sendiri ketika pertama kali login
044-02,09/01/2026 10:28:50,MyClass UMSU,"myclass umsu saya rasa lebih baik dari elearning sebelumnya. Hanya saja mungkin bisa untuk page utama ketika login, bisa di arahkan ke dashboard seperti elearning dulu",44,2,,myclass umsu saya rasa lebih baik dari elearning sebelumnya hanya saja mungkin bisa untuk page utama ketika login bisa di arahkan ke dashboard seperti elearning dulu,"['myclass', 'umsu', 'saya', 'rasa', 'lebih', 'baik', 'dari', 'elearning', 'sebelumnya', 'hanya', 'saja', 'mungkin', 'bisa', 'untuk', 'page', 'utama', 'ketika', 'login', 'bisa', 'di', 'arahkan', 'ke', 'dashboard', 'seperti', 'elearning', 'dulu']","['myclass', 'umsu', 'rasa', 'baik', 'elearning', 'sebelumnya', 'mungkin', 'page', 'utama', 'ketika', 'login', 'arahkan', 'dashboard', 'elearning', 'dulu']","['myclass', 'umsu', 'rasa', 'baik', 'elearning', 'sebelumnya', 'mungkin', 'page', 'utama', 'ketika', 'login', 'arahkan', 'dashboard', 'elearning', 'dulu']",myclass umsu rasa baik elearning sebelumnya mungkin page utama ketika login arahkan dashboard elearning dulu
044-03,09/01/2026 10:28:50,WiFi Kampus,"untuk wifi FIKTI gedung G udah cukup mumpuni untuk kebutuhan akademik, mungkin ketika terlalu banyak yang pakai bisa lag. Untuk WiFi FAI gedung F agak di ganti la itu",44,3,,untuk wifi fikti gedung g udah cukup mumpuni untuk kebutuhan akademik mungkin ketika terlalu banyak yang pakai bisa lag untuk wifi fai gedung f agak di ganti la itu,"['untuk', 'wifi', 'fikti', 'gedung', 'udah', 'cukup', 'mumpuni', 'untuk', 'kebutuhan', 'akademik', 'mungkin', 'ketika', 'terlalu', 'banyak', 'yang', 'pakai', 'bisa', 'lag', 'untuk', 'wifi', 'fai', 'gedung', 'agak', 'di', 'ganti', 'la', 'itu']","['wifi', 'fikti', 'gedung', 'udah', 'cukup', 'mumpuni', 'kebutuhan', 'akademik', 'mungkin', 'ketika', 'terlalu', 'pakai', 'lag', 'wifi', 'fai', 'gedung', 'agak', 'ganti', 'la']","['wifi', 'fikti', 'gedung', 'udah', 'cukup', 'mumpuni', 'kebutuhan', 'akademik', 'mungkin', 'ketika', 'terlalu', 'pakai', 'lag', 'wifi', 'fai', 'gedung', 'agak', 'ganti', 'la']",wifi fikti gedung udah cukup mumpuni kebutuhan akademik mungkin ketika terlalu pakai lag wifi fai gedung agak ganti la
044-04,09/01/2026 10:28:50,Helpdesk/Technical Support,"tidak 1 bulan lalu, tapi saya pernah menghubungkan layanan technical support IT UMSU dan pernah juga ke ruangannya, mereka menyambut dan mengarahkan dengan ramah dan baik. Dan live chat ketika meminta akun email universitas pun juga responnya sangat cepat dan di bimbing sampai tuntas.",44,4,,tidak bulan lalu tapi saya pernah menghubungkan layanan technical support it umsu dan pernah juga ke ruangannya mereka menyambut dan mengarahkan dengan ramah dan baik dan live chat ketika meminta akun email universitas pun juga responnya sangat cepat dan di bimbing sampai tuntas,"['tidak', 'bulan', 'lalu', 'tapi', 'saya', 'pernah', 'menghubungkan', 'layanan', 'technical', 'support', 'it', 'umsu', 'dan', 'pernah', 'juga', 'ke', 'ruangannya', 'mereka', 'menyambut', 'dan', 'mengarahkan', 'dengan', 'ramah', 'dan', 'baik', 'dan', 'live', 'chat', 'ketika', 'meminta', 'akun', 'email', 'universitas', 'pun', 'juga', 'responnya', 'sangat', 'cepat', 'dan', 'di', 'bimbing', 'sampai', 'tuntas']","['tidak', 'bulan', 'lalu', 'pernah', 'menghubungkan', 'layanan', 'technical', 'support', 'it', 'umsu', 'pernah', 'ruangannya', 'menyambut', 'mengarahkan', 'ramah', 'baik', 'live', 'chat', 'ketika', 'meminta', 'akun', 'email', 'universitas', 'responnya', 'cepat', 'bimbing', 'sampai', 'tuntas']","['tidak', 'bulan', 'lalu', 'pernah', 'menghubungkan', 'layanan', 'technical', 'support', 'it', 'umsu', 'pernah', 'ruangannya', 'menyambut', 'mengarahkan', 'ramah', 'baik', 'live', 'chat', 'ketika', 'meminta', 'akun', 'email', 'universitas', 'responnya', 'cepat', 'bimbing', 'sampai', 'tuntas']",tidak bulan lalu pernah menghubungkan layanan technical support it umsu pernah ruangannya menyambut mengarahkan ramah baik live chat ketika meminta akun email universitas responnya cepat bimbing sampai tuntas
044-05,09/01/2026 10:28:50,Saran Peningkatan,"sarannya mungkin pertahanin kinerja yang selama ini, karena menurutku sangat oke dan para mahasiswa juga terbantu sekali, dan tidak takut untuk berdiskusi dengan mereka karena pelayanannya ramah. Mungkin butuh perbaikan pada website portal umsu melalui web bisa di upgrade seperti elearning yang menjadi myclass",44,5,,sarannya mungkin pertahanin kinerja yang selama ini karena menurutku sangat oke dan para mahasiswa juga terbantu sekali dan tidak takut untuk berdiskusi dengan mereka karena pelayanannya ramah mungkin butuh perbaikan pada website portal umsu melalui web bisa di upgrade seperti elearning yang menjadi myclass,"['sarannya', 'mungkin', 'pertahanin', 'kinerja', 'yang', 'selama', 'ini', 'karena', 'menurutku', 'sangat', 'oke', 'dan', 'para', 'mahasiswa', 'juga', 'terbantu', 'sekali', 'dan', 'tidak', 'takut', 'untuk', 'berdiskusi', 'dengan', 'mereka', 'karena', 'pelayanannya', 'ramah', 'mungkin', 'butuh', 'perbaikan', 'pada', 'website', 'portal', 'umsu', 'melalui', 'web', 'bisa', 'di', 'upgrade', 'seperti', 'elearning', 'yang', 'menjadi', 'myclass']","['sarannya', 'mungkin', 'pertahanin', 'kinerja', 'selama', 'menurutku', 'oke', 'mahasiswa', 'terbantu', 'sekali', 'tidak', 'takut', 'berdiskusi', 'pelayanannya', 'ramah', 'mungkin', 'butuh', 'perbaikan', 'website', 'portal', 'umsu', 'melalui', 'web', 'upgrade', 'elearning', 'myclass']","['sarannya', 'mungkin', 'pertahanin', 'kinerja', 'selama', 'menurutku', 'oke', 'mahasiswa', 'terbantu', 'sekali', 'tidak', 'takut', 'berdiskusi', 'pelayanannya', 'ramah', 'mungkin', 'butuh', 'perbaikan', 'website', 'portal', 'umsu', 'melalui', 'web', 'upgrade', 'elearning', 'myclass']",sarannya mungkin pertahanin kinerja selama menurutku oke mahasiswa terbantu sekali tidak takut berdiskusi pelayanannya ramah mungkin butuh perbaikan website portal umsu melalui web upgrade elearning myclass
045-01,09/01/2026 10:36:45,Portal Akademik (WEB),"Pengalaman saya menggunakan Portal Akademik (WEB) cukup baik, karena fitur seperti KRS, KHS, dan jadwal kuliah mudah diakses dalam satu tempat. Namun, ada pengalaman kurang nyaman saat portal lambat atau sulit diakses pada jam sibuk (misalnya saat pengisian KRS), sehingga proses menjadi lebih lama dan perlu mencoba berulang kali.",45,1,,pengalaman saya menggunakan portal akademik web cukup baik karena fitur seperti krs khs dan jadwal kuliah mudah diakses dalam satu tempat namun ada pengalaman kurang nyaman saat portal lambat atau sulit diakses pada jam sibuk misalnya saat pengisian krs sehingga proses menjadi lebih lama dan perlu mencoba berulang kali,"['pengalaman', 'saya', 'menggunakan', 'portal', 'akademik', 'web', 'cukup', 'baik', 'karena', 'fitur', 'seperti', 'krs', 'khs', 'dan', 'jadwal', 'kuliah', 'mudah', 'diakses', 'dalam', 'satu', 'tempat', 'namun', 'ada', 'pengalaman', 'kurang', 'nyaman', 'saat', 'portal', 'lambat', 'atau', 'sulit', 'diakses', 'pada', 'jam', 'sibuk', 'misalnya', 'saat', 'pengisian', 'krs', 'sehingga', 'proses', 'menjadi', 'lebih', 'lama', 'dan', 'perlu', 'mencoba', 'berulang', 'kali']","['pengalaman', 'menggunakan', 'portal', 'akademik', 'web', 'cukup', 'baik', 'fitur', 'krs', 'khs', 'jadwal', 'kuliah', 'mudah', 'diakses', 'satu', 'tempat', 'ada', 'pengalaman', 'kurang', 'nyaman', 'saat', 'portal', 'lambat', 'sulit', 'diakses', 'jam', 'sibuk', 'misalnya', 'saat', 'pengisian', 'krs', 'sehingga', 'proses', 'lama', 'perlu', 'mencoba', 'berulang', 'kali']","['pengalaman', 'menggunakan', 'portal', 'akademik', 'web', 'cukup', 'baik', 'fitur', 'krs', 'khs', 'jadwal', 'kuliah', 'mudah', 'diakses', 'satu', 'tempat', 'ada', 'pengalaman', 'kurang', 'nyaman', 'saat', 'portal', 'lambat', 'sulit', 'diakses', 'jam', 'sibuk', 'misalnya', 'saat', 'pengisian', 'krs', 'sehingga', 'proses', 'lama', 'perlu', 'mencoba', 'berulang', 'kali']",pengalaman menggunakan portal akademik web cukup baik fitur krs khs jadwal kuliah mudah diakses satu tempat ada pengalaman kurang nyaman saat portal lambat sulit diakses jam sibuk misalnya saat pengisian krs sehingga proses lama perlu mencoba berulang kali
045-02,09/01/2026 10:36:45,MyClass UMSU,"Pengalaman saya menggunakan MyClass UMSU cukup baik karena memudahkan akses materi kuliah, pengumpulan tugas, dan melihat pengumuman dari dosen dalam satu platform. Namun, terkadang muncul kendala teknis seperti laman yang lambat dibuka atau error saat mengunggah tugas, terutama ketika banyak mahasiswa mengakses secara bersamaan.",45,2,,pengalaman saya menggunakan myclass umsu cukup baik karena memudahkan akses materi kuliah pengumpulan tugas dan melihat pengumuman dari dosen dalam satu platform namun terkadang muncul kendala teknis seperti laman yang lambat dibuka atau error saat mengunggah tugas terutama ketika banyak mahasiswa mengakses secara bersamaan,"['pengalaman', 'saya', 'menggunakan', 'myclass', 'umsu', 'cukup', 'baik', 'karena', 'memudahkan', 'akses', 'materi', 'kuliah', 'pengumpulan', 'tugas', 'dan', 'melihat', 'pengumuman', 'dari', 'dosen', 'dalam', 'satu', 'platform', 'namun', 'terkadang', 'muncul', 'kendala', 'teknis', 'seperti', 'laman', 'yang', 'lambat', 'dibuka', 'atau', 'error', 'saat', 'mengunggah', 'tugas', 'terutama', 'ketika', 'banyak', 'mahasiswa', 'mengakses', 'secara', 'bersamaan']","['pengalaman', 'menggunakan', 'myclass', 'umsu', 'cukup', 'baik', 'memudahkan', 'akses', 'materi', 'kuliah', 'pengumpulan', 'tugas', 'melihat', 'pengumuman', 'dosen', 'satu', 'platform', 'terkadang', 'muncul', 'kendala', 'teknis', 'laman', 'lambat', 'dibuka', 'error', 'saat', 'mengunggah', 'tugas', 'terutama', 'ketika', 'mahasiswa', 'mengakses', 'secara', 'bersamaan']","['pengalaman', 'menggunakan', 'myclass', 'umsu', 'cukup', 'baik', 'memudahkan', 'akses', 'materi', 'kuliah', 'pengumpulan', 'tugas', 'melihat', 'pengumuman', 'dosen', 'satu', 'platform', 'terkadang', 'muncul', 'kendala', 'teknis', 'laman', 'lambat', 'dibuka', 'error', 'saat', 'mengunggah', 'tugas', 'terutama', 'ketika', 'mahasiswa', 'mengakses', 'secara', 'bersamaan']",pengalaman menggunakan myclass umsu cukup baik memudahkan akses materi kuliah pengumpulan tugas melihat pengumuman dosen satu platform terkadang muncul kendala teknis laman lambat dibuka error saat mengunggah tugas terutama ketika mahasiswa mengakses secara bersamaan
045-03,09/01/2026 10:36:45,WiFi Kampus,"Pada waktu tertentu koneksi menjadi lambat atau tidak stabil, terutama di area yang ramai",45,3,,pada waktu tertentu koneksi menjadi lambat atau tidak stabil terutama di area yang ramai,"['pada', 'waktu', 'tertentu', 'koneksi', 'menjadi', 'lambat', 'atau', 'tidak', 'stabil', 'terutama', 'di', 'area', 'yang', 'ramai']","['waktu', 'tertentu', 'koneksi', 'lambat', 'tidak', 'stabil', 'terutama', 'area', 'ramai']","['waktu', 'tertentu', 'koneksi', 'lambat', 'tidak', 'stabil', 'terutama', 'area', 'ramai']",waktu tertentu koneksi lambat tidak stabil terutama area ramai
045-04,09/01/2026 10:36:45,Helpdesk/Technical Support,"Pengalaman saya menggunakan helpdesk/technical support IT UMSU cukup baik, karena petugas responsif dan membantu ketika saya mengalami kendala login pada MyClass/Portal Akademik.",45,4,,pengalaman saya menggunakan helpdesk technical support it umsu cukup baik karena petugas responsif dan membantu ketika saya mengalami kendala login pada myclass portal akademik,"['pengalaman', 'saya', 'menggunakan', 'helpdesk', 'technical', 'support', 'it', 'umsu', 'cukup', 'baik', 'karena', 'petugas', 'responsif', 'dan', 'membantu', 'ketika', 'saya', 'mengalami', 'kendala', 'login', 'pada', 'myclass', 'portal', 'akademik']","['pengalaman', 'menggunakan', 'helpdesk', 'technical', 'support', 'it', 'umsu', 'cukup', 'baik', 'petugas', 'responsif', 'membantu', 'ketika', 'mengalami', 'kendala', 'login', 'myclass', 'portal', 'akademik']","['pengalaman', 'menggunakan', 'helpdesk', 'technical', 'support', 'it', 'umsu', 'cukup', 'baik', 'petugas', 'responsif', 'membantu', 'ketika', 'mengalami', 'kendala', 'login', 'myclass', 'portal', 'akademik']",pengalaman menggunakan helpdesk technical support it umsu cukup baik petugas responsif membantu ketika mengalami kendala login myclass portal akademik
045-05,09/01/2026 10:36:45,Saran Peningkatan,"Saran saya untuk peningkatan layanan SI & TI UMSU adalah meningkatkan stabilitas dan kapasitas server, terutama pada jam sibuk seperti pengisian KRS dan pengumpulan tugas, agar sistem tidak lambat atau error.",45,5,,saran saya untuk peningkatan layanan si ti umsu adalah meningkatkan stabilitas dan kapasitas server terutama pada jam sibuk seperti pengisian krs dan pengumpulan tugas agar sistem tidak lambat atau error,"['saran', 'saya', 'untuk', 'peningkatan', 'layanan', 'si', 'ti', 'umsu', 'adalah', 'meningkatkan', 'stabilitas', 'dan', 'kapasitas', 'server', 'terutama', 'pada', 'jam', 'sibuk', 'seperti', 'pengisian', 'krs', 'dan', 'pengumpulan', 'tugas', 'agar', 'sistem', 'tidak', 'lambat', 'atau', 'error']","['saran', 'peningkatan', 'layanan', 'si', 'ti', 'umsu', 'meningkatkan', 'stabilitas', 'kapasitas', 'server', 'terutama', 'jam', 'sibuk', 'pengisian', 'krs', 'pengumpulan', 'tugas', 'sistem', 'tidak', 'lambat', 'error']","['saran', 'peningkatan', 'layanan', 'si', 'ti', 'umsu', 'meningkatkan', 'stabilitas', 'kapasitas', 'server', 'terutama', 'jam', 'sibuk', 'pengisian', 'krs', 'pengumpulan', 'tugas', 'sistem', 'tidak', 'lambat', 'error']",saran peningkatan layanan si ti umsu meningkatkan stabilitas kapasitas server terutama jam sibuk pengisian krs pengumpulan tugas sistem tidak lambat error
046-01,09/01/2026 11:51:25,Portal Akademik (WEB),"Webnya jarang diketahui, apalagi sama anak semester 1. Terus loginnya bikin bingung kalo masih awal awal. Bagusnya ada pelatihan sih buat gunainnya, atau kalo ada link tutorialnya, baiknya di share. Meskipun mahasiswa bisa search sendiri ya, tapi alangkah baiknya si share aja.",46,1,,webnya jarang diketahui apalagi sama anak semester terus loginnya bikin bingung kalo masih awal awal bagusnya ada pelatihan sih buat gunainnya atau kalo ada link tutorialnya baiknya di share meskipun mahasiswa bisa search sendiri ya tapi alangkah baiknya si share aja,"['webnya', 'jarang', 'diketahui', 'apalagi', 'sama', 'anak', 'semester', 'terus', 'loginnya', 'bikin', 'bingung', 'kalo', 'masih', 'awal', 'awal', 'bagusnya', 'ada', 'pelatihan', 'sih', 'buat', 'gunainnya', 'atau', 'kalo', 'ada', 'link', 'tutorialnya', 'baiknya', 'di', 'share', 'meskipun', 'mahasiswa', 'bisa', 'search', 'sendiri', 'ya', 'tapi', 'alangkah', 'baiknya', 'si', 'share', 'aja']","['webnya', 'jarang', 'diketahui', 'apalagi', 'sama', 'anak', 'semester', 'terus', 'loginnya', 'bikin', 'bingung', 'kalo', 'masih', 'awal', 'awal', 'bagusnya', 'ada', 'pelatihan', 'sih', 'buat', 'gunainnya', 'kalo', 'ada', 'link', 'tutorialnya', 'baiknya', 'share', 'meskipun', 'mahasiswa', 'search', 'sendiri', 'ya', 'alangkah', 'baiknya', 'si', 'share', 'aja']","['webnya', 'jarang', 'diketahui', 'apalagi', 'sama', 'anak', 'semester', 'terus', 'loginnya', 'bikin', 'bingung', 'kalo', 'masih', 'awal', 'awal', 'bagusnya', 'ada', 'pelatihan', 'sih', 'buat', 'gunainnya', 'kalo', 'ada', 'link', 'tutorialnya', 'baiknya', 'share', 'meskipun', 'mahasiswa', 'search', 'sendiri', 'ya', 'alangkah', 'baiknya', 'si', 'share', 'aja']",webnya jarang diketahui apalagi sama anak semester terus loginnya bikin bingung kalo masih awal awal bagusnya ada pelatihan sih buat gunainnya kalo ada link tutorialnya baiknya share meskipun mahasiswa search sendiri ya alangkah baiknya si share aja
046-02,09/01/2026 11:51:25,MyClass UMSU,"Kadang loading dari aplikasinya lama, aku pikir jaringanku yang ga bagus, ternyata yang lain juga gitu. Akhirnya,buka lewat web aja deh. Terus, dulu gabisa download materi myclass lewat aplikasi, harus lewat web baru bisa download materi. Tapi sekarang udah bisa kok.",46,2,,kadang loading dari aplikasinya lama aku pikir jaringanku yang ga bagus ternyata yang lain juga gitu akhirnya buka lewat web aja deh terus dulu gabisa download materi myclass lewat aplikasi harus lewat web baru bisa download materi tapi sekarang udah bisa kok,"['kadang', 'loading', 'dari', 'aplikasinya', 'lama', 'aku', 'pikir', 'jaringanku', 'yang', 'ga', 'bagus', 'ternyata', 'yang', 'lain', 'juga', 'gitu', 'akhirnya', 'buka', 'lewat', 'web', 'aja', 'deh', 'terus', 'dulu', 'gabisa', 'download', 'materi', 'myclass', 'lewat', 'aplikasi', 'harus', 'lewat', 'web', 'baru', 'bisa', 'download', 'materi', 'tapi', 'sekarang', 'udah', 'bisa', 'kok']","['kadang', 'loading', 'aplikasinya', 'lama', 'pikir', 'jaringanku', 'ga', 'bagus', 'ternyata', 'lain', 'gitu', 'akhirnya', 'buka', 'lewat', 'web', 'aja', 'deh', 'terus', 'dulu', 'gabisa', 'download', 'materi', 'myclass', 'lewat', 'aplikasi', 'lewat', 'web', 'baru', 'download', 'materi', 'sekarang', 'udah', 'kok']","['kadang', 'loading', 'aplikasinya', 'lama', 'pikir', 'jaringanku', 'ga', 'bagus', 'ternyata', 'lain', 'gitu', 'akhirnya', 'buka', 'lewat', 'web', 'aja', 'deh', 'terus', 'dulu', 'gabisa', 'download', 'materi', 'myclass', 'lewat', 'aplikasi', 'lewat', 'web', 'baru', 'download', 'materi', 'sekarang', 'udah', 'kok']",kadang loading aplikasinya lama pikir jaringanku ga bagus ternyata lain gitu akhirnya buka lewat web aja deh terus dulu gabisa download materi myclass lewat aplikasi lewat web baru download materi sekarang udah kok
046-03,09/01/2026 11:51:25,WiFi Kampus,"Kalok ganti password bilangin di grup lahh, jangan di tempel aja. Gapapa sih sebenernya, biar ada komplain aja.",46,3,,kalok ganti password bilangin di grup lahh jangan di tempel aja gapapa sih sebenernya biar ada komplain aja,"['kalok', 'ganti', 'password', 'bilangin', 'di', 'grup', 'lahh', 'jangan', 'di', 'tempel', 'aja', 'gapapa', 'sih', 'sebenernya', 'biar', 'ada', 'komplain', 'aja']","['kalok', 'ganti', 'password', 'bilangin', 'grup', 'lahh', 'jangan', 'tempel', 'aja', 'gapapa', 'sih', 'sebenernya', 'biar', 'ada', 'komplain', 'aja']","['kalok', 'ganti', 'password', 'bilangin', 'grup', 'lahh', 'jangan', 'tempel', 'aja', 'gapapa', 'sih', 'sebenernya', 'biar', 'ada', 'komplain', 'aja']",kalok ganti password bilangin grup lahh jangan tempel aja gapapa sih sebenernya biar ada komplain aja
046-04,09/01/2026 11:51:25,Helpdesk/Technical Support,Gapernah ngehubungin,46,4,,gapernah ngehubungin,"['gapernah', 'ngehubungin']","['gapernah', 'ngehubungin']","['gapernah', 'ngehubungin']",gapernah ngehubungin
046-05,09/01/2026 11:51:25,Saran Peningkatan,"Banyak banyak di share tutorial penggunaannya, kalo servernya lagi down, dikabarin ya.",46,5,,banyak banyak di share tutorial penggunaannya kalo servernya lagi down dikabarin ya,"['banyak', 'banyak', 'di', 'share', 'tutorial', 'penggunaannya', 'kalo', 'servernya', 'lagi', 'down', 'dikabarin', 'ya']","['share', 'tutorial', 'penggunaannya', 'kalo', 'servernya', 'down', 'dikabarin', 'ya']","['share', 'tutorial', 'penggunaannya', 'kalo', 'servernya', 'down', 'dikabarin', 'ya']",share tutorial penggunaannya kalo servernya down dikabarin ya
047-01,13/01/2026 12:32:09,Portal Akademik (WEB),lemott,47,1,,lemott,['lemott'],['lemott'],['lemott'],lemott
047-02,13/01/2026 12:32:09,MyClass UMSU,lemot,47,2,,lemot,['lemot'],['lemot'],['lemot'],lemot
047-03,13/01/2026 12:32:09,WiFi Kampus,"lemott, di pertanian jg ga semua kelas wifi nya lancar",47,3,,lemott di pertanian jg ga semua kelas wifi nya lancar,"['lemott', 'di', 'pertanian', 'jg', 'ga', 'semua', 'kelas', 'wifi', 'nya', 'lancar']","['lemott', 'pertanian', 'jg', 'ga', 'semua', 'kelas', 'wifi', 'lancar']","['lemott', 'pertanian', 'jg', 'ga', 'semua', 'kelas', 'wifi', 'lancar']",lemott pertanian jg ga semua kelas wifi lancar
047-04,13/01/2026 12:32:09,Helpdesk/Technical Support,lemot,47,4,,lemot,['lemot'],['lemot'],['lemot'],lemot
047-05,13/01/2026 12:32:09,Saran Peningkatan,tingkatkan lagi,47,5,,tingkatkan lagi,"['tingkatkan', 'lagi']",['tingkatkan'],['tingkatkan'],tingkatkan
048-01,28/01/2026 21:12:15,Portal Akademik (WEB),"buruk nya pas login di portal 
baik nyaa mudah dipahamin",48,1,,buruk nya pas login di portal baik nyaa mudah dipahamin,"['buruk', 'nya', 'pas', 'login', 'di', 'portal', 'baik', 'nyaa', 'mudah', 'dipahamin']","['buruk', 'pas', 'login', 'portal', 'baik', 'nyaa', 'mudah', 'dipahamin']","['buruk', 'pas', 'login', 'portal', 'baik', 'nyaa', 'mudah', 'dipahamin']",buruk pas login portal baik nyaa mudah dipahamin
048-02,28/01/2026 21:12:15,MyClass UMSU,"baik nya mudah diakses
buruknya kenapa harus login ulang di myclalss",48,2,,baik nya mudah diakses buruknya kenapa harus login ulang di myclalss,"['baik', 'nya', 'mudah', 'diakses', 'buruknya', 'kenapa', 'harus', 'login', 'ulang', 'di', 'myclalss']","['baik', 'mudah', 'diakses', 'buruknya', 'kenapa', 'login', 'ulang', 'myclalss']","['baik', 'mudah', 'diakses', 'buruknya', 'kenapa', 'login', 'ulang', 'myclalss']",baik mudah diakses buruknya kenapa login ulang myclalss
048-03,28/01/2026 21:12:15,WiFi Kampus,"baiknya tidak lag
buruknya timbul muncul wifinya",48,3,,baiknya tidak lag buruknya timbul muncul wifinya,"['baiknya', 'tidak', 'lag', 'buruknya', 'timbul', 'muncul', 'wifinya']","['baiknya', 'tidak', 'lag', 'buruknya', 'timbul', 'muncul', 'wifinya']","['baiknya', 'tidak', 'lag', 'buruknya', 'timbul', 'muncul', 'wifinya']",baiknya tidak lag buruknya timbul muncul wifinya
048-05,28/01/2026 21:12:15,Saran Peningkatan,akses ke myclas nya diperbaikin lagi,48,5,,akses ke myclas nya diperbaikin lagi,"['akses', 'ke', 'myclas', 'nya', 'diperbaikin', 'lagi']","['akses', 'myclas', 'diperbaikin']","['akses', 'myclas', 'diperbaikin']",akses myclas diperbaikin
049-01,28/01/2026 21:33:39,Portal Akademik (WEB),Pertama kali saya masuk ke portal umsu itu server down parah mungkin karna banyak mahasiswa baru jadi down mungkin,49,1,,pertama kali saya masuk ke portal umsu itu server down parah mungkin karna banyak mahasiswa baru jadi down mungkin,"['pertama', 'kali', 'saya', 'masuk', 'ke', 'portal', 'umsu', 'itu', 'server', 'down', 'parah', 'mungkin', 'karna', 'banyak', 'mahasiswa', 'baru', 'jadi', 'down', 'mungkin']","['pertama', 'kali', 'masuk', 'portal', 'umsu', 'server', 'down', 'parah', 'mungkin', 'karna', 'mahasiswa', 'baru', 'jadi', 'down', 'mungkin']","['pertama', 'kali', 'masuk', 'portal', 'umsu', 'server', 'down', 'parah', 'mungkin', 'karna', 'mahasiswa', 'baru', 'jadi', 'down', 'mungkin']",pertama kali masuk portal umsu server down parah mungkin karna mahasiswa baru jadi down mungkin
049-02,28/01/2026 21:33:39,MyClass UMSU,Normal normal aja,49,2,,normal normal aja,"['normal', 'normal', 'aja']","['normal', 'normal', 'aja']","['normal', 'normal', 'aja']",normal normal aja
049-03,28/01/2026 21:33:39,WiFi Kampus,Tidak ada selama ini bagus bagus aja,49,3,,tidak ada selama ini bagus bagus aja,"['tidak', 'ada', 'selama', 'ini', 'bagus', 'bagus', 'aja']","['tidak', 'ada', 'selama', 'bagus', 'bagus', 'aja']","['tidak', 'ada', 'selama', 'bagus', 'bagus', 'aja']",tidak ada selama bagus bagus aja
049-04,28/01/2026 21:33:39,Helpdesk/Technical Support,Saya tidak tau karna ga perna pakai mungkin bagus2 aja kali,49,4,,saya tidak tau karna ga perna pakai mungkin bagus aja kali,"['saya', 'tidak', 'tau', 'karna', 'ga', 'perna', 'pakai', 'mungkin', 'bagus', 'aja', 'kali']","['tidak', 'tau', 'karna', 'ga', 'perna', 'pakai', 'mungkin', 'bagus', 'aja', 'kali']","['tidak', 'tau', 'karna', 'ga', 'perna', 'pakai', 'mungkin', 'bagus', 'aja', 'kali']",tidak tau karna ga perna pakai mungkin bagus aja kali
049-05,28/01/2026 21:33:39,Saran Peningkatan,Tolong perbaiki agar tidak down saat masuk pembelajaran baru,49,5,,tolong perbaiki agar tidak down saat masuk pembelajaran baru,"['tolong', 'perbaiki', 'agar', 'tidak', 'down', 'saat', 'masuk', 'pembelajaran', 'baru']","['tolong', 'perbaiki', 'tidak', 'down', 'saat', 'masuk', 'pembelajaran', 'baru']","['tolong', 'perbaiki', 'tidak', 'down', 'saat', 'masuk', 'pembelajaran', 'baru']",tolong perbaiki tidak down saat masuk pembelajaran baru
050-01,28/01/2026 21:39:03,Portal Akademik (WEB),Agak lag aja,50,1,,agak lag aja,"['agak', 'lag', 'aja']","['agak', 'lag', 'aja']","['agak', 'lag', 'aja']",agak lag aja
050-02,28/01/2026 21:39:03,MyClass UMSU,Agak lag aja,50,2,,agak lag aja,"['agak', 'lag', 'aja']","['agak', 'lag', 'aja']","['agak', 'lag', 'aja']",agak lag aja
050-03,28/01/2026 21:39:03,WiFi Kampus,Agak lag,50,3,,agak lag,"['agak', 'lag']","['agak', 'lag']","['agak', 'lag']",agak lag
050-04,28/01/2026 21:39:03,Helpdesk/Technical Support,Belun pernah menggunakan,50,4,,belun pernah menggunakan,"['belun', 'pernah', 'menggunakan']","['belun', 'pernah', 'menggunakan']","['belun', 'pernah', 'menggunakan']",belun pernah menggunakan
050-05,28/01/2026 21:39:03,Saran Peningkatan,Respon lebih cepat,50,5,,respon lebih cepat,"['respon', 'lebih', 'cepat']","['respon', 'cepat']","['respon', 'cepat']",respon cepat
051-01,28/01/2026 21:47:06,Portal Akademik (WEB),"Baiknya itu kalau yg dari web itu lengkap apa aja bisa dibuat terkait dengan perkuliahan ya
Contohnya itu: mau nyari KRS,KHS dan pembayaran terkait untuk kuliah itu ada semua lengkap

Tapi buruknya itu kalau udh login pas mau akses sesuatu malaah balik ke laman login
Contohnya nih ya: aku mau akses ke bagian pembayaran wajib dri web itu kadang klau udh dipilih bagian itu kadang tuh webnya balik lagi ke laman login gitu",51,1,,baiknya itu kalau yg dari web itu lengkap apa aja bisa dibuat terkait dengan perkuliahan ya contohnya itu mau nyari krs khs dan pembayaran terkait untuk kuliah itu ada semua lengkap tapi buruknya itu kalau udh login pas mau akses sesuatu malaah balik ke laman login contohnya nih ya aku mau akses ke bagian pembayaran wajib dri web itu kadang klau udh dipilih bagian itu kadang tuh webnya balik lagi ke laman login gitu,"['baiknya', 'itu', 'kalau', 'yg', 'dari', 'web', 'itu', 'lengkap', 'apa', 'aja', 'bisa', 'dibuat', 'terkait', 'dengan', 'perkuliahan', 'ya', 'contohnya', 'itu', 'mau', 'nyari', 'krs', 'khs', 'dan', 'pembayaran', 'terkait', 'untuk', 'kuliah', 'itu', 'ada', 'semua', 'lengkap', 'tapi', 'buruknya', 'itu', 'kalau', 'udh', 'login', 'pas', 'mau', 'akses', 'sesuatu', 'malaah', 'balik', 'ke', 'laman', 'login', 'contohnya', 'nih', 'ya', 'aku', 'mau', 'akses', 'ke', 'bagian', 'pembayaran', 'wajib', 'dri', 'web', 'itu', 'kadang', 'klau', 'udh', 'dipilih', 'bagian', 'itu', 'kadang', 'tuh', 'webnya', 'balik', 'lagi', 'ke', 'laman', 'login', 'gitu']","['baiknya', 'kalau', 'yg', 'web', 'lengkap', 'apa', 'aja', 'dibuat', 'terkait', 'perkuliahan', 'ya', 'contohnya', 'mau', 'nyari', 'krs', 'khs', 'pembayaran', 'terkait', 'kuliah', 'ada', 'semua', 'lengkap', 'buruknya', 'kalau', 'udh', 'login', 'pas', 'mau', 'akses', 'sesuatu', 'malaah', 'balik', 'laman', 'login', 'contohnya', 'nih', 'ya', 'mau', 'akses', 'bagian', 'pembayaran', 'wajib', 'dri', 'web', 'kadang', 'klau', 'udh', 'dipilih', 'bagian', 'kadang', 'tuh', 'webnya', 'balik', 'laman', 'login', 'gitu']","['baiknya', 'kalau', 'yg', 'web', 'lengkap', 'apa', 'aja', 'dibuat', 'terkait', 'perkuliahan', 'ya', 'contohnya', 'mau', 'nyari', 'krs', 'khs', 'pembayaran', 'terkait', 'kuliah', 'ada', 'semua', 'lengkap', 'buruknya', 'kalau', 'udh', 'login', 'pas', 'mau', 'akses', 'sesuatu', 'malaah', 'balik', 'laman', 'login', 'contohnya', 'nih', 'ya', 'mau', 'akses', 'bagian', 'pembayaran', 'wajib', 'dri', 'web', 'kadang', 'klau', 'udh', 'dipilih', 'bagian', 'kadang', 'tuh', 'webnya', 'balik', 'laman', 'login', 'gitu']",baiknya kalau yg web lengkap apa aja dibuat terkait perkuliahan ya contohnya mau nyari krs khs pembayaran terkait kuliah ada semua lengkap buruknya kalau udh login pas mau akses sesuatu malaah balik laman login contohnya nih ya mau akses bagian pembayaran wajib dri web kadang klau udh dipilih bagian kadang tuh webnya balik laman login gitu
051-02,28/01/2026 21:47:06,MyClass UMSU,"Baiknya itu ya, myclass itu dh kek versi ke-2 dari e-learning karna dari visualnya itu enak dilihat dan rapi tapi,
Buruknya itu, agak asing untuk nyari maatkul kaarna lebih rapi itu kaadang sulit untuk nyari matkul yg mu diambil",51,2,,baiknya itu ya myclass itu dh kek versi ke dari e learning karna dari visualnya itu enak dilihat dan rapi tapi buruknya itu agak asing untuk nyari maatkul kaarna lebih rapi itu kaadang sulit untuk nyari matkul yg mu diambil,"['baiknya', 'itu', 'ya', 'myclass', 'itu', 'dh', 'kek', 'versi', 'ke', 'dari', 'learning', 'karna', 'dari', 'visualnya', 'itu', 'enak', 'dilihat', 'dan', 'rapi', 'tapi', 'buruknya', 'itu', 'agak', 'asing', 'untuk', 'nyari', 'maatkul', 'kaarna', 'lebih', 'rapi', 'itu', 'kaadang', 'sulit', 'untuk', 'nyari', 'matkul', 'yg', 'mu', 'diambil']","['baiknya', 'ya', 'myclass', 'dh', 'kek', 'versi', 'learning', 'karna', 'visualnya', 'enak', 'dilihat', 'rapi', 'buruknya', 'agak', 'asing', 'nyari', 'maatkul', 'kaarna', 'rapi', 'kaadang', 'sulit', 'nyari', 'matkul', 'yg', 'diambil']","['baiknya', 'ya', 'myclass', 'dh', 'kek', 'versi', 'learning', 'karna', 'visualnya', 'enak', 'dilihat', 'rapi', 'buruknya', 'agak', 'asing', 'nyari', 'maatkul', 'kaarna', 'rapi', 'kaadang', 'sulit', 'nyari', 'matkul', 'yg', 'diambil']",baiknya ya myclass dh kek versi learning karna visualnya enak dilihat rapi buruknya agak asing nyari maatkul kaarna rapi kaadang sulit nyari matkul yg diambil
051-03,28/01/2026 21:47:06,WiFi Kampus,"Enaknya itu wifinya bagus, kencang no debat dan mudah diakses kaarna semua mahasiswa diberikn akses untuk itu
Ga enaknya itu pas agak jauh dri wilayah kampus seperti di belakang gerbang atau pun dihalaaman kampus, itu signal full namun jaaringan kaadanng masuk kaadang ga gitu",51,3,,enaknya itu wifinya bagus kencang no debat dan mudah diakses kaarna semua mahasiswa diberikn akses untuk itu ga enaknya itu pas agak jauh dri wilayah kampus seperti di belakang gerbang atau pun dihalaaman kampus itu signal full namun jaaringan kaadanng masuk kaadang ga gitu,"['enaknya', 'itu', 'wifinya', 'bagus', 'kencang', 'no', 'debat', 'dan', 'mudah', 'diakses', 'kaarna', 'semua', 'mahasiswa', 'diberikn', 'akses', 'untuk', 'itu', 'ga', 'enaknya', 'itu', 'pas', 'agak', 'jauh', 'dri', 'wilayah', 'kampus', 'seperti', 'di', 'belakang', 'gerbang', 'atau', 'pun', 'dihalaaman', 'kampus', 'itu', 'signal', 'full', 'namun', 'jaaringan', 'kaadanng', 'masuk', 'kaadang', 'ga', 'gitu']","['enaknya', 'wifinya', 'bagus', 'kencang', 'no', 'debat', 'mudah', 'diakses', 'kaarna', 'semua', 'mahasiswa', 'diberikn', 'akses', 'ga', 'enaknya', 'pas', 'agak', 'jauh', 'dri', 'wilayah', 'kampus', 'belakang', 'gerbang', 'dihalaaman', 'kampus', 'signal', 'full', 'jaaringan', 'kaadanng', 'masuk', 'kaadang', 'ga', 'gitu']","['enaknya', 'wifinya', 'bagus', 'kencang', 'no', 'debat', 'mudah', 'diakses', 'kaarna', 'semua', 'mahasiswa', 'diberikn', 'akses', 'ga', 'enaknya', 'pas', 'agak', 'jauh', 'dri', 'wilayah', 'kampus', 'belakang', 'gerbang', 'dihalaaman', 'kampus', 'signal', 'full', 'jaaringan', 'kaadanng', 'masuk', 'kaadang', 'ga', 'gitu']",enaknya wifinya bagus kencang no debat mudah diakses kaarna semua mahasiswa diberikn akses ga enaknya pas agak jauh dri wilayah kampus belakang gerbang dihalaaman kampus signal full jaaringan kaadanng masuk kaadang ga gitu
051-04,28/01/2026 21:47:06,Helpdesk/Technical Support,Baik buruknya saya kurang tau kaarna jarang saya ketahui juga,51,4,,baik buruknya saya kurang tau kaarna jarang saya ketahui juga,"['baik', 'buruknya', 'saya', 'kurang', 'tau', 'kaarna', 'jarang', 'saya', 'ketahui', 'juga']","['baik', 'buruknya', 'kurang', 'tau', 'kaarna', 'jarang', 'ketahui']","['baik', 'buruknya', 'kurang', 'tau', 'kaarna', 'jarang', 'ketahui']",baik buruknya kurang tau kaarna jarang ketahui
051-05,28/01/2026 21:47:06,Saran Peningkatan,Wifi nya sih yg harusnya karna diera skrng wifi itu penting banget,51,5,,wifi nya sih yg harusnya karna diera skrng wifi itu penting banget,"['wifi', 'nya', 'sih', 'yg', 'harusnya', 'karna', 'diera', 'skrng', 'wifi', 'itu', 'penting', 'banget']","['wifi', 'sih', 'yg', 'harusnya', 'karna', 'diera', 'skrng', 'wifi', 'penting', 'banget']","['wifi', 'sih', 'yg', 'harusnya', 'karna', 'diera', 'skrng', 'wifi', 'penting', 'banget']",wifi sih yg harusnya karna diera skrng wifi penting banget
052-01,28/01/2026 21:49:13,Portal Akademik (WEB),"Saya kadang susah untuk login, server down dll",52,1,,saya kadang susah untuk login server down dll,"['saya', 'kadang', 'susah', 'untuk', 'login', 'server', 'down', 'dll']","['kadang', 'susah', 'login', 'server', 'down', 'dll']","['kadang', 'susah', 'login', 'server', 'down', 'dll']",kadang susah login server down dll
052-03,28/01/2026 21:49:13,WiFi Kampus,Susah untuk masuk wifi kampus walaupun sudah tau kata sandi yang benar,52,3,,susah untuk masuk wifi kampus walaupun sudah tau kata sandi yang benar,"['susah', 'untuk', 'masuk', 'wifi', 'kampus', 'walaupun', 'sudah', 'tau', 'kata', 'sandi', 'yang', 'benar']","['susah', 'masuk', 'wifi', 'kampus', 'tau', 'kata', 'sandi', 'benar']","['susah', 'masuk', 'wifi', 'kampus', 'tau', 'kata', 'sandi', 'benar']",susah masuk wifi kampus tau kata sandi benar
053-01,28/01/2026 21:49:17,Portal Akademik (WEB),Selama menggunakan tidak ada kendala kecuali server down atau tidak dapat di akses,53,1,,selama menggunakan tidak ada kendala kecuali server down atau tidak dapat di akses,"['selama', 'menggunakan', 'tidak', 'ada', 'kendala', 'kecuali', 'server', 'down', 'atau', 'tidak', 'dapat', 'di', 'akses']","['selama', 'menggunakan', 'tidak', 'ada', 'kendala', 'kecuali', 'server', 'down', 'tidak', 'akses']","['selama', 'menggunakan', 'tidak', 'ada', 'kendala', 'kecuali', 'server', 'down', 'tidak', 'akses']",selama menggunakan tidak ada kendala kecuali server down tidak akses
053-02,28/01/2026 21:49:17,MyClass UMSU,Sejauh ini tidak ada kendala dalam penggunaan bagi saya,53,2,,sejauh ini tidak ada kendala dalam penggunaan bagi saya,"['sejauh', 'ini', 'tidak', 'ada', 'kendala', 'dalam', 'penggunaan', 'bagi', 'saya']","['sejauh', 'tidak', 'ada', 'kendala', 'penggunaan']","['sejauh', 'tidak', 'ada', 'kendala', 'penggunaan']",sejauh tidak ada kendala penggunaan
053-03,28/01/2026 21:49:17,WiFi Kampus,Wifi nya lumayan,53,3,,wifi nya lumayan,"['wifi', 'nya', 'lumayan']","['wifi', 'lumayan']","['wifi', 'lumayan']",wifi lumayan
053-04,28/01/2026 21:49:17,Helpdesk/Technical Support,Lumayan cepat responnya,53,4,,lumayan cepat responnya,"['lumayan', 'cepat', 'responnya']","['lumayan', 'cepat', 'responnya']","['lumayan', 'cepat', 'responnya']",lumayan cepat responnya
053-05,28/01/2026 21:49:17,Saran Peningkatan,Pelayanan secara offline nya aja lebih di perlancar,53,5,,pelayanan secara offline nya aja lebih di perlancar,"['pelayanan', 'secara', 'offline', 'nya', 'aja', 'lebih', 'di', 'perlancar']","['pelayanan', 'secara', 'offline', 'aja', 'perlancar']","['pelayanan', 'secara', 'offline', 'aja', 'perlancar']",pelayanan secara offline aja perlancar
054-01,28/01/2026 21:50:34,Portal Akademik (WEB),waktu server time out terlalu cepat sehingga harus login ulang padahal hanya ditinggal sebentar,54,1,,waktu server time out terlalu cepat sehingga harus login ulang padahal hanya ditinggal sebentar,"['waktu', 'server', 'time', 'out', 'terlalu', 'cepat', 'sehingga', 'harus', 'login', 'ulang', 'padahal', 'hanya', 'ditinggal', 'sebentar']","['waktu', 'server', 'time', 'out', 'terlalu', 'cepat', 'sehingga', 'login', 'ulang', 'padahal', 'ditinggal', 'sebentar']","['waktu', 'server', 'time', 'out', 'terlalu', 'cepat', 'sehingga', 'login', 'ulang', 'padahal', 'ditinggal', 'sebentar']",waktu server time out terlalu cepat sehingga login ulang padahal ditinggal sebentar
055-01,28/01/2026 21:51:29,Portal Akademik (WEB),Portal akademik mudah diakses tetapi kadang servernya down jadi tidak bisa dibuka,55,1,,portal akademik mudah diakses tetapi kadang servernya down jadi tidak bisa dibuka,"['portal', 'akademik', 'mudah', 'diakses', 'tetapi', 'kadang', 'servernya', 'down', 'jadi', 'tidak', 'bisa', 'dibuka']","['portal', 'akademik', 'mudah', 'diakses', 'kadang', 'servernya', 'down', 'jadi', 'tidak', 'dibuka']","['portal', 'akademik', 'mudah', 'diakses', 'kadang', 'servernya', 'down', 'jadi', 'tidak', 'dibuka']",portal akademik mudah diakses kadang servernya down jadi tidak dibuka
055-02,28/01/2026 21:51:29,MyClass UMSU,My class mudah di akses dan materi materi yg diberi dosen dpt di akses di myclass,55,2,,my class mudah di akses dan materi materi yg diberi dosen dpt di akses di myclass,"['my', 'class', 'mudah', 'di', 'akses', 'dan', 'materi', 'materi', 'yg', 'diberi', 'dosen', 'dpt', 'di', 'akses', 'di', 'myclass']","['my', 'class', 'mudah', 'akses', 'materi', 'materi', 'yg', 'diberi', 'dosen', 'dpt', 'akses', 'myclass']","['my', 'class', 'mudah', 'akses', 'materi', 'materi', 'yg', 'diberi', 'dosen', 'dpt', 'akses', 'myclass']",my class mudah akses materi materi yg diberi dosen dpt akses myclass
055-03,28/01/2026 21:51:29,WiFi Kampus,Wifi kampus lancar,55,3,,wifi kampus lancar,"['wifi', 'kampus', 'lancar']","['wifi', 'kampus', 'lancar']","['wifi', 'kampus', 'lancar']",wifi kampus lancar
056-01,28/01/2026 21:55:58,Portal Akademik (WEB),baiknya mudah digunakan buruknya kadang keluar sendiri jadi harus login ulang,56,1,,baiknya mudah digunakan buruknya kadang keluar sendiri jadi harus login ulang,"['baiknya', 'mudah', 'digunakan', 'buruknya', 'kadang', 'keluar', 'sendiri', 'jadi', 'harus', 'login', 'ulang']","['baiknya', 'mudah', 'digunakan', 'buruknya', 'kadang', 'keluar', 'sendiri', 'jadi', 'login', 'ulang']","['baiknya', 'mudah', 'digunakan', 'buruknya', 'kadang', 'keluar', 'sendiri', 'jadi', 'login', 'ulang']",baiknya mudah digunakan buruknya kadang keluar sendiri jadi login ulang
056-02,28/01/2026 21:55:58,MyClass UMSU,"baiknya mudah diakses, buruknya kadang server eror sehingga kadang keluar sendiri dari myclass sehingga harus login ulang.",56,2,,baiknya mudah diakses buruknya kadang server eror sehingga kadang keluar sendiri dari myclass sehingga harus login ulang,"['baiknya', 'mudah', 'diakses', 'buruknya', 'kadang', 'server', 'eror', 'sehingga', 'kadang', 'keluar', 'sendiri', 'dari', 'myclass', 'sehingga', 'harus', 'login', 'ulang']","['baiknya', 'mudah', 'diakses', 'buruknya', 'kadang', 'server', 'eror', 'sehingga', 'kadang', 'keluar', 'sendiri', 'myclass', 'sehingga', 'login', 'ulang']","['baiknya', 'mudah', 'diakses', 'buruknya', 'kadang', 'server', 'eror', 'sehingga', 'kadang', 'keluar', 'sendiri', 'myclass', 'sehingga', 'login', 'ulang']",baiknya mudah diakses buruknya kadang server eror sehingga kadang keluar sendiri myclass sehingga login ulang
056-03,28/01/2026 21:55:58,WiFi Kampus,"wifi kampus mudah diakses dimana saja sehingga mempermudah mahasiswa ketika di kampus, minusnya mungkin kadang ngelag karena banyak yang pakai.",56,3,,wifi kampus mudah diakses dimana saja sehingga mempermudah mahasiswa ketika di kampus minusnya mungkin kadang ngelag karena banyak yang pakai,"['wifi', 'kampus', 'mudah', 'diakses', 'dimana', 'saja', 'sehingga', 'mempermudah', 'mahasiswa', 'ketika', 'di', 'kampus', 'minusnya', 'mungkin', 'kadang', 'ngelag', 'karena', 'banyak', 'yang', 'pakai']","['wifi', 'kampus', 'mudah', 'diakses', 'dimana', 'sehingga', 'mempermudah', 'mahasiswa', 'ketika', 'kampus', 'minusnya', 'mungkin', 'kadang', 'ngelag', 'pakai']","['wifi', 'kampus', 'mudah', 'diakses', 'dimana', 'sehingga', 'mempermudah', 'mahasiswa', 'ketika', 'kampus', 'minusnya', 'mungkin', 'kadang', 'ngelag', 'pakai']",wifi kampus mudah diakses dimana sehingga mempermudah mahasiswa ketika kampus minusnya mungkin kadang ngelag pakai
056-04,28/01/2026 21:55:58,Helpdesk/Technical Support,baiknya mereka merespon dengan cepat,56,4,,baiknya mereka merespon dengan cepat,"['baiknya', 'mereka', 'merespon', 'dengan', 'cepat']","['baiknya', 'merespon', 'cepat']","['baiknya', 'merespon', 'cepat']",baiknya merespon cepat
056-05,28/01/2026 21:55:58,Saran Peningkatan,menjadi lebih baik lagi.,56,5,,menjadi lebih baik lagi,"['menjadi', 'lebih', 'baik', 'lagi']",['baik'],['baik'],baik
057-03,28/01/2026 21:57:38,WiFi Kampus,"baik, membantu disaat kuota habis",57,3,,baik membantu disaat kuota habis,"['baik', 'membantu', 'disaat', 'kuota', 'habis']","['baik', 'membantu', 'disaat', 'kuota', 'habis']","['baik', 'membantu', 'disaat', 'kuota', 'habis']",baik membantu disaat kuota habis
057-04,28/01/2026 21:57:38,Helpdesk/Technical Support,tidak pernah menggunakan,57,4,,tidak pernah menggunakan,"['tidak', 'pernah', 'menggunakan']","['tidak', 'pernah', 'menggunakan']","['tidak', 'pernah', 'menggunakan']",tidak pernah menggunakan
058-01,28/01/2026 21:58:33,Portal Akademik (WEB),"baik, portal akademik jika dibuka dari google sering eror saat ingin membuka menu contohnya saat ingin melihat nilai",58,1,,baik portal akademik jika dibuka dari google sering eror saat ingin membuka menu contohnya saat ingin melihat nilai,"['baik', 'portal', 'akademik', 'jika', 'dibuka', 'dari', 'google', 'sering', 'eror', 'saat', 'ingin', 'membuka', 'menu', 'contohnya', 'saat', 'ingin', 'melihat', 'nilai']","['baik', 'portal', 'akademik', 'dibuka', 'google', 'sering', 'eror', 'saat', 'ingin', 'membuka', 'menu', 'contohnya', 'saat', 'ingin', 'melihat', 'nilai']","['baik', 'portal', 'akademik', 'dibuka', 'google', 'sering', 'eror', 'saat', 'ingin', 'membuka', 'menu', 'contohnya', 'saat', 'ingin', 'melihat', 'nilai']",baik portal akademik dibuka google sering eror saat ingin membuka menu contohnya saat ingin melihat nilai
058-02,28/01/2026 21:58:33,MyClass UMSU,"baik, my class mudah dipahami",58,2,,baik my class mudah dipahami,"['baik', 'my', 'class', 'mudah', 'dipahami']","['baik', 'my', 'class', 'mudah', 'dipahami']","['baik', 'my', 'class', 'mudah', 'dipahami']",baik my class mudah dipahami
058-03,28/01/2026 21:58:33,WiFi Kampus,jaringan sering lemot mungkin karena terlalu banyak yang make,58,3,,jaringan sering lemot mungkin karena terlalu banyak yang make,"['jaringan', 'sering', 'lemot', 'mungkin', 'karena', 'terlalu', 'banyak', 'yang', 'make']","['jaringan', 'sering', 'lemot', 'mungkin', 'terlalu', 'make']","['jaringan', 'sering', 'lemot', 'mungkin', 'terlalu', 'make']",jaringan sering lemot mungkin terlalu make
058-04,28/01/2026 21:58:33,Helpdesk/Technical Support,layanan nya baik,58,4,,layanan nya baik,"['layanan', 'nya', 'baik']","['layanan', 'baik']","['layanan', 'baik']",layanan baik
058-05,28/01/2026 21:58:33,Saran Peningkatan,layanan si dan ti sudah cukup baik,58,5,,layanan si dan ti sudah cukup baik,"['layanan', 'si', 'dan', 'ti', 'sudah', 'cukup', 'baik']","['layanan', 'si', 'ti', 'cukup', 'baik']","['layanan', 'si', 'ti', 'cukup', 'baik']",layanan si ti cukup baik
059-01,28/01/2026 22:00:12,Portal Akademik (WEB),disaat mau login menu pembayaran atau menu lainnya kadang error,59,1,,disaat mau login menu pembayaran atau menu lainnya kadang error,"['disaat', 'mau', 'login', 'menu', 'pembayaran', 'atau', 'menu', 'lainnya', 'kadang', 'error']","['disaat', 'mau', 'login', 'menu', 'pembayaran', 'menu', 'lainnya', 'kadang', 'error']","['disaat', 'mau', 'login', 'menu', 'pembayaran', 'menu', 'lainnya', 'kadang', 'error']",disaat mau login menu pembayaran menu lainnya kadang error
059-02,28/01/2026 22:00:12,MyClass UMSU,"aman, baik",59,2,,aman baik,"['aman', 'baik']","['aman', 'baik']","['aman', 'baik']",aman baik
059-03,28/01/2026 22:00:12,WiFi Kampus,kadang ngelaggg,59,3,,kadang ngelaggg,"['kadang', 'ngelaggg']","['kadang', 'ngelaggg']","['kadang', 'ngelaggg']",kadang ngelaggg
059-04,28/01/2026 22:00:12,Helpdesk/Technical Support,"tidak pernah mengalami kendala, jadi kurang paham🙏",59,4,,tidak pernah mengalami kendala jadi kurang paham,"['tidak', 'pernah', 'mengalami', 'kendala', 'jadi', 'kurang', 'paham']","['tidak', 'pernah', 'mengalami', 'kendala', 'jadi', 'kurang', 'paham']","['tidak', 'pernah', 'mengalami', 'kendala', 'jadi', 'kurang', 'paham']",tidak pernah mengalami kendala jadi kurang paham
059-05,28/01/2026 22:00:12,Saran Peningkatan,semoga makin baik,59,5,,semoga makin baik,"['semoga', 'makin', 'baik']","['semoga', 'makin', 'baik']","['semoga', 'makin', 'baik']",semoga makin baik
060-01,28/01/2026 22:09:09,Portal Akademik (WEB),sejauh ini sangat baik tapi sering bermasalah pada saat login sering terjadi error,60,1,,sejauh ini sangat baik tapi sering bermasalah pada saat login sering terjadi error,"['sejauh', 'ini', 'sangat', 'baik', 'tapi', 'sering', 'bermasalah', 'pada', 'saat', 'login', 'sering', 'terjadi', 'error']","['sejauh', 'baik', 'sering', 'bermasalah', 'saat', 'login', 'sering', 'terjadi', 'error']","['sejauh', 'baik', 'sering', 'bermasalah', 'saat', 'login', 'sering', 'terjadi', 'error']",sejauh baik sering bermasalah saat login sering terjadi error
060-02,28/01/2026 22:09:09,MyClass UMSU,baik tidak ada kendala sama sekali,60,2,,baik tidak ada kendala sama sekali,"['baik', 'tidak', 'ada', 'kendala', 'sama', 'sekali']","['baik', 'tidak', 'ada', 'kendala', 'sama', 'sekali']","['baik', 'tidak', 'ada', 'kendala', 'sama', 'sekali']",baik tidak ada kendala sama sekali
060-03,28/01/2026 22:09:09,WiFi Kampus,pengalaman saya tentang wifi kampus masi kurang bagus kalo untuk lantai 6 dan 7,60,3,,pengalaman saya tentang wifi kampus masi kurang bagus kalo untuk lantai dan,"['pengalaman', 'saya', 'tentang', 'wifi', 'kampus', 'masi', 'kurang', 'bagus', 'kalo', 'untuk', 'lantai', 'dan']","['pengalaman', 'wifi', 'kampus', 'masi', 'kurang', 'bagus', 'kalo', 'lantai']","['pengalaman', 'wifi', 'kampus', 'masi', 'kurang', 'bagus', 'kalo', 'lantai']",pengalaman wifi kampus masi kurang bagus kalo lantai
060-04,28/01/2026 22:09:09,Helpdesk/Technical Support,"baik dan responnya cepat, contohnya ketika lupa sandi untuk my class",60,4,,baik dan responnya cepat contohnya ketika lupa sandi untuk my class,"['baik', 'dan', 'responnya', 'cepat', 'contohnya', 'ketika', 'lupa', 'sandi', 'untuk', 'my', 'class']","['baik', 'responnya', 'cepat', 'contohnya', 'ketika', 'lupa', 'sandi', 'my', 'class']","['baik', 'responnya', 'cepat', 'contohnya', 'ketika', 'lupa', 'sandi', 'my', 'class']",baik responnya cepat contohnya ketika lupa sandi my class
060-05,28/01/2026 22:09:09,Saran Peningkatan,"Meningkatkan stabilitas dan kecepatan sistem SI & TI, terutama saat jam sibuk seperti pengisian KRS atau akses portal akademik, karena sering terjadi lambat/error yang menghambat aktivitas mahasiswa",60,5,,meningkatkan stabilitas dan kecepatan sistem si ti terutama saat jam sibuk seperti pengisian krs atau akses portal akademik karena sering terjadi lambat error yang menghambat aktivitas mahasiswa,"['meningkatkan', 'stabilitas', 'dan', 'kecepatan', 'sistem', 'si', 'ti', 'terutama', 'saat', 'jam', 'sibuk', 'seperti', 'pengisian', 'krs', 'atau', 'akses', 'portal', 'akademik', 'karena', 'sering', 'terjadi', 'lambat', 'error', 'yang', 'menghambat', 'aktivitas', 'mahasiswa']","['meningkatkan', 'stabilitas', 'kecepatan', 'sistem', 'si', 'ti', 'terutama', 'saat', 'jam', 'sibuk', 'pengisian', 'krs', 'akses', 'portal', 'akademik', 'sering', 'terjadi', 'lambat', 'error', 'menghambat', 'aktivitas', 'mahasiswa']","['meningkatkan', 'stabilitas', 'kecepatan', 'sistem', 'si', 'ti', 'terutama', 'saat', 'jam', 'sibuk', 'pengisian', 'krs', 'akses', 'portal', 'akademik', 'sering', 'terjadi', 'lambat', 'error', 'menghambat', 'aktivitas', 'mahasiswa']",meningkatkan stabilitas kecepatan sistem si ti terutama saat jam sibuk pengisian krs akses portal akademik sering terjadi lambat error menghambat aktivitas mahasiswa
061-01,28/01/2026 22:11:04,Portal Akademik (WEB),Saat saya menggunakan web lebih sering error,61,1,,saat saya menggunakan web lebih sering error,"['saat', 'saya', 'menggunakan', 'web', 'lebih', 'sering', 'error']","['saat', 'menggunakan', 'web', 'sering', 'error']","['saat', 'menggunakan', 'web', 'sering', 'error']",saat menggunakan web sering error
061-02,28/01/2026 22:11:04,MyClass UMSU,Mempermudah saya dalam pembelajaran,61,2,,mempermudah saya dalam pembelajaran,"['mempermudah', 'saya', 'dalam', 'pembelajaran']","['mempermudah', 'pembelajaran']","['mempermudah', 'pembelajaran']",mempermudah pembelajaran
061-03,28/01/2026 22:11:04,WiFi Kampus,Saat saya menggunakan wifi terkadang lama connect dan jaringannya tidak stabil,61,3,,saat saya menggunakan wifi terkadang lama connect dan jaringannya tidak stabil,"['saat', 'saya', 'menggunakan', 'wifi', 'terkadang', 'lama', 'connect', 'dan', 'jaringannya', 'tidak', 'stabil']","['saat', 'menggunakan', 'wifi', 'terkadang', 'lama', 'connect', 'jaringannya', 'tidak', 'stabil']","['saat', 'menggunakan', 'wifi', 'terkadang', 'lama', 'connect', 'jaringannya', 'tidak', 'stabil']",saat menggunakan wifi terkadang lama connect jaringannya tidak stabil
061-04,28/01/2026 22:11:04,Helpdesk/Technical Support,Responnya cepat,61,4,,responnya cepat,"['responnya', 'cepat']","['responnya', 'cepat']","['responnya', 'cepat']",responnya cepat
061-05,28/01/2026 22:11:04,Saran Peningkatan,Sarannya semoga dapat diperbaiki sehingga untuk masuk web tidak error,61,5,,sarannya semoga dapat diperbaiki sehingga untuk masuk web tidak error,"['sarannya', 'semoga', 'dapat', 'diperbaiki', 'sehingga', 'untuk', 'masuk', 'web', 'tidak', 'error']","['sarannya', 'semoga', 'diperbaiki', 'sehingga', 'masuk', 'web', 'tidak', 'error']","['sarannya', 'semoga', 'diperbaiki', 'sehingga', 'masuk', 'web', 'tidak', 'error']",sarannya semoga diperbaiki sehingga masuk web tidak error
062-01,28/01/2026 22:15:52,Portal Akademik (WEB),"Burik, masih banyak celah keamanan nya. Banyak bug",62,1,,burik masih banyak celah keamanan nya banyak bug,"['burik', 'masih', 'banyak', 'celah', 'keamanan', 'nya', 'banyak', 'bug']","['burik', 'masih', 'celah', 'keamanan', 'bug']","['burik', 'masih', 'celah', 'keamanan', 'bug']",burik masih celah keamanan bug
062-02,28/01/2026 22:15:52,MyClass UMSU,Belum pernah pake. Tapi berdasarkan CVE dan version yang digunakan ada indikasi celah keamanan role,62,2,,belum pernah pake tapi berdasarkan cve dan version yang digunakan ada indikasi celah keamanan role,"['belum', 'pernah', 'pake', 'tapi', 'berdasarkan', 'cve', 'dan', 'version', 'yang', 'digunakan', 'ada', 'indikasi', 'celah', 'keamanan', 'role']","['belum', 'pernah', 'pake', 'berdasarkan', 'cve', 'version', 'digunakan', 'ada', 'indikasi', 'celah', 'keamanan', 'role']","['belum', 'pernah', 'pake', 'berdasarkan', 'cve', 'version', 'digunakan', 'ada', 'indikasi', 'celah', 'keamanan', 'role']",belum pernah pake berdasarkan cve version digunakan ada indikasi celah keamanan role
062-03,28/01/2026 22:15:52,WiFi Kampus,"Boleh lah, cuman hal yang biasa saya dapatkan jika banyak user menggunakan. Jadi ngelag/traffic dikarenakan banyak pengguna yang terhubung.",62,3,,boleh lah cuman hal yang biasa saya dapatkan jika banyak user menggunakan jadi ngelag traffic dikarenakan banyak pengguna yang terhubung,"['boleh', 'lah', 'cuman', 'hal', 'yang', 'biasa', 'saya', 'dapatkan', 'jika', 'banyak', 'user', 'menggunakan', 'jadi', 'ngelag', 'traffic', 'dikarenakan', 'banyak', 'pengguna', 'yang', 'terhubung']","['boleh', 'cuman', 'hal', 'biasa', 'dapatkan', 'user', 'menggunakan', 'jadi', 'ngelag', 'traffic', 'dikarenakan', 'pengguna', 'terhubung']","['boleh', 'cuman', 'hal', 'biasa', 'dapatkan', 'user', 'menggunakan', 'jadi', 'ngelag', 'traffic', 'dikarenakan', 'pengguna', 'terhubung']",boleh cuman hal biasa dapatkan user menggunakan jadi ngelag traffic dikarenakan pengguna terhubung
062-04,28/01/2026 22:15:52,Helpdesk/Technical Support,Better lah pelayanan nya,62,4,,better lah pelayanan nya,"['better', 'lah', 'pelayanan', 'nya']","['better', 'pelayanan']","['better', 'pelayanan']",better pelayanan
062-05,28/01/2026 22:15:52,Saran Peningkatan,Terlalu cuek ketika report keamanan wkwkwk,62,5,,terlalu cuek ketika report keamanan wkwkwk,"['terlalu', 'cuek', 'ketika', 'report', 'keamanan', 'wkwkwk']","['terlalu', 'cuek', 'ketika', 'report', 'keamanan', 'wkwkwk']","['terlalu', 'cuek', 'ketika', 'report', 'keamanan', 'wkwkwk']",terlalu cuek ketika report keamanan wkwkwk
063-01,28/01/2026 22:22:48,Portal Akademik (WEB),sejauh ini saat saya ini menggunakan portal tidak ada kendala sedikit pun,63,1,,sejauh ini saat saya ini menggunakan portal tidak ada kendala sedikit pun,"['sejauh', 'ini', 'saat', 'saya', 'ini', 'menggunakan', 'portal', 'tidak', 'ada', 'kendala', 'sedikit', 'pun']","['sejauh', 'saat', 'menggunakan', 'portal', 'tidak', 'ada', 'kendala']","['sejauh', 'saat', 'menggunakan', 'portal', 'tidak', 'ada', 'kendala']",sejauh saat menggunakan portal tidak ada kendala
063-02,28/01/2026 22:22:48,MyClass UMSU,saat saya ingin menggunakan myclass untuk absen kadang saya mengalami loading yang agak lama pdhl internet saya tidak lag saya harus menunggu beberapa menit untuk memilih mata kuliah yang akan diabsenkan/materi yang sudah disediakan,63,2,,saat saya ingin menggunakan myclass untuk absen kadang saya mengalami loading yang agak lama pdhl internet saya tidak lag saya harus menunggu beberapa menit untuk memilih mata kuliah yang akan diabsenkan materi yang sudah disediakan,"['saat', 'saya', 'ingin', 'menggunakan', 'myclass', 'untuk', 'absen', 'kadang', 'saya', 'mengalami', 'loading', 'yang', 'agak', 'lama', 'pdhl', 'internet', 'saya', 'tidak', 'lag', 'saya', 'harus', 'menunggu', 'beberapa', 'menit', 'untuk', 'memilih', 'mata', 'kuliah', 'yang', 'akan', 'diabsenkan', 'materi', 'yang', 'sudah', 'disediakan']","['saat', 'ingin', 'menggunakan', 'myclass', 'absen', 'kadang', 'mengalami', 'loading', 'agak', 'lama', 'pdhl', 'internet', 'tidak', 'lag', 'menunggu', 'menit', 'memilih', 'mata', 'kuliah', 'diabsenkan', 'materi', 'disediakan']","['saat', 'ingin', 'menggunakan', 'myclass', 'absen', 'kadang', 'mengalami', 'loading', 'agak', 'lama', 'pdhl', 'internet', 'tidak', 'lag', 'menunggu', 'menit', 'memilih', 'mata', 'kuliah', 'diabsenkan', 'materi', 'disediakan']",saat ingin menggunakan myclass absen kadang mengalami loading agak lama pdhl internet tidak lag menunggu menit memilih mata kuliah diabsenkan materi disediakan
063-03,28/01/2026 22:22:48,WiFi Kampus,tetapi sering sekali wifi nya ngelag mungkin dikarenakan banyak yang memakai wifi tersebut,63,3,,tetapi sering sekali wifi nya ngelag mungkin dikarenakan banyak yang memakai wifi tersebut,"['tetapi', 'sering', 'sekali', 'wifi', 'nya', 'ngelag', 'mungkin', 'dikarenakan', 'banyak', 'yang', 'memakai', 'wifi', 'tersebut']","['sering', 'sekali', 'wifi', 'ngelag', 'mungkin', 'dikarenakan', 'memakai', 'wifi', 'tersebut']","['sering', 'sekali', 'wifi', 'ngelag', 'mungkin', 'dikarenakan', 'memakai', 'wifi', 'tersebut']",sering sekali wifi ngelag mungkin dikarenakan memakai wifi tersebut
063-04,28/01/2026 22:22:48,Helpdesk/Technical Support,belum pernah memakai helpdesk karena sejauh ini tidak ada kendala,63,4,,belum pernah memakai helpdesk karena sejauh ini tidak ada kendala,"['belum', 'pernah', 'memakai', 'helpdesk', 'karena', 'sejauh', 'ini', 'tidak', 'ada', 'kendala']","['belum', 'pernah', 'memakai', 'helpdesk', 'sejauh', 'tidak', 'ada', 'kendala']","['belum', 'pernah', 'memakai', 'helpdesk', 'sejauh', 'tidak', 'ada', 'kendala']",belum pernah memakai helpdesk sejauh tidak ada kendala
063-05,28/01/2026 22:22:48,Saran Peningkatan,saran saya mohon ditingkatkan lagi wifi yang ada di gedung SI&TI,63,5,,saran saya mohon ditingkatkan lagi wifi yang ada di gedung si ti,"['saran', 'saya', 'mohon', 'ditingkatkan', 'lagi', 'wifi', 'yang', 'ada', 'di', 'gedung', 'si', 'ti']","['saran', 'mohon', 'ditingkatkan', 'wifi', 'ada', 'gedung', 'si', 'ti']","['saran', 'mohon', 'ditingkatkan', 'wifi', 'ada', 'gedung', 'si', 'ti']",saran mohon ditingkatkan wifi ada gedung si ti
064-01,28/01/2026 22:31:41,Portal Akademik (WEB),"sejauh ini baik sih ya, cuma sesekali ada kendala, kaya error, waktu login terus mau cari krs atau khs, tiba tiba ke log out gt, but so far so good lah",64,1,,sejauh ini baik sih ya cuma sesekali ada kendala kaya error waktu login terus mau cari krs atau khs tiba tiba ke log out gt but so far so good lah,"['sejauh', 'ini', 'baik', 'sih', 'ya', 'cuma', 'sesekali', 'ada', 'kendala', 'kaya', 'error', 'waktu', 'login', 'terus', 'mau', 'cari', 'krs', 'atau', 'khs', 'tiba', 'tiba', 'ke', 'log', 'out', 'gt', 'but', 'so', 'far', 'so', 'good', 'lah']","['sejauh', 'baik', 'sih', 'ya', 'cuma', 'sesekali', 'ada', 'kendala', 'kaya', 'error', 'waktu', 'login', 'terus', 'mau', 'cari', 'krs', 'khs', 'tiba', 'tiba', 'log', 'out', 'gt', 'but', 'so', 'far', 'so', 'good']","['sejauh', 'baik', 'sih', 'ya', 'cuma', 'sesekali', 'ada', 'kendala', 'kaya', 'error', 'waktu', 'login', 'terus', 'mau', 'cari', 'krs', 'khs', 'tiba', 'tiba', 'log', 'out', 'gt', 'but', 'so', 'far', 'so', 'good']",sejauh baik sih ya cuma sesekali ada kendala kaya error waktu login terus mau cari krs khs tiba tiba log out gt but so far so good
064-02,28/01/2026 22:31:41,MyClass UMSU,"jujur ya, antara aku yg kudet atau gmn, tp baru ini dengar myclass biasanya pake e-learning sih, apakah ini sama? cm istilah ny yg beda skrng? dan fyi aku semester ini ikut exchange jd ga ngikuti pembelajaran UMSU",64,2,,jujur ya antara aku yg kudet atau gmn tp baru ini dengar myclass biasanya pake e learning sih apakah ini sama cm istilah ny yg beda skrng dan fyi aku semester ini ikut exchange jd ga ngikuti pembelajaran umsu,"['jujur', 'ya', 'antara', 'aku', 'yg', 'kudet', 'atau', 'gmn', 'tp', 'baru', 'ini', 'dengar', 'myclass', 'biasanya', 'pake', 'learning', 'sih', 'apakah', 'ini', 'sama', 'cm', 'istilah', 'ny', 'yg', 'beda', 'skrng', 'dan', 'fyi', 'aku', 'semester', 'ini', 'ikut', 'exchange', 'jd', 'ga', 'ngikuti', 'pembelajaran', 'umsu']","['jujur', 'ya', 'yg', 'kudet', 'gmn', 'tp', 'baru', 'dengar', 'myclass', 'biasanya', 'pake', 'learning', 'sih', 'apakah', 'sama', 'cm', 'istilah', 'ny', 'yg', 'beda', 'skrng', 'fyi', 'semester', 'ikut', 'exchange', 'jd', 'ga', 'ngikuti', 'pembelajaran', 'umsu']","['jujur', 'ya', 'yg', 'kudet', 'gmn', 'tp', 'baru', 'dengar', 'myclass', 'biasanya', 'pake', 'learning', 'sih', 'apakah', 'sama', 'cm', 'istilah', 'ny', 'yg', 'beda', 'skrng', 'fyi', 'semester', 'ikut', 'exchange', 'jd', 'ga', 'ngikuti', 'pembelajaran', 'umsu']",jujur ya yg kudet gmn tp baru dengar myclass biasanya pake learning sih apakah sama cm istilah ny yg beda skrng fyi semester ikut exchange jd ga ngikuti pembelajaran umsu
064-03,28/01/2026 22:31:41,WiFi Kampus,"nah ini yg paling sering sy gunain, ngebantu kali, gacor, cm saran aja kalo bisa koneksi ny bisa agak jauhan dikit hehe",64,3,,nah ini yg paling sering sy gunain ngebantu kali gacor cm saran aja kalo bisa koneksi ny bisa agak jauhan dikit hehe,"['nah', 'ini', 'yg', 'paling', 'sering', 'sy', 'gunain', 'ngebantu', 'kali', 'gacor', 'cm', 'saran', 'aja', 'kalo', 'bisa', 'koneksi', 'ny', 'bisa', 'agak', 'jauhan', 'dikit', 'hehe']","['nah', 'yg', 'paling', 'sering', 'sy', 'gunain', 'ngebantu', 'kali', 'gacor', 'cm', 'saran', 'aja', 'kalo', 'koneksi', 'ny', 'agak', 'jauhan', 'dikit', 'hehe']","['nah', 'yg', 'paling', 'sering', 'sy', 'gunain', 'ngebantu', 'kali', 'gacor', 'cm', 'saran', 'aja', 'kalo', 'koneksi', 'ny', 'agak', 'jauhan', 'dikit', 'hehe']",nah yg paling sering sy gunain ngebantu kali gacor cm saran aja kalo koneksi ny agak jauhan dikit hehe
064-04,28/01/2026 22:31:41,Helpdesk/Technical Support,"pernah lupa sandi portal, dan lngsng di selesain masalahnya saat itu jg, good job",64,4,,pernah lupa sandi portal dan lngsng di selesain masalahnya saat itu jg good job,"['pernah', 'lupa', 'sandi', 'portal', 'dan', 'lngsng', 'di', 'selesain', 'masalahnya', 'saat', 'itu', 'jg', 'good', 'job']","['pernah', 'lupa', 'sandi', 'portal', 'lngsng', 'selesain', 'masalahnya', 'saat', 'jg', 'good', 'job']","['pernah', 'lupa', 'sandi', 'portal', 'lngsng', 'selesain', 'masalahnya', 'saat', 'jg', 'good', 'job']",pernah lupa sandi portal lngsng selesain masalahnya saat jg good job
064-05,28/01/2026 22:31:41,Saran Peningkatan,"pertahankan yang sudah ada, cm kalo bisa perbaiki beberapa aspek yg masih kurang, seperti yg saya ketik di sebelumnya",64,5,,pertahankan yang sudah ada cm kalo bisa perbaiki beberapa aspek yg masih kurang seperti yg saya ketik di sebelumnya,"['pertahankan', 'yang', 'sudah', 'ada', 'cm', 'kalo', 'bisa', 'perbaiki', 'beberapa', 'aspek', 'yg', 'masih', 'kurang', 'seperti', 'yg', 'saya', 'ketik', 'di', 'sebelumnya']","['pertahankan', 'ada', 'cm', 'kalo', 'perbaiki', 'aspek', 'yg', 'masih', 'kurang', 'yg', 'ketik', 'sebelumnya']","['pertahankan', 'ada', 'cm', 'kalo', 'perbaiki', 'aspek', 'yg', 'masih', 'kurang', 'yg', 'ketik', 'sebelumnya']",pertahankan ada cm kalo perbaiki aspek yg masih kurang yg ketik sebelumnya
065-01,28/01/2026 22:32:18,Portal Akademik (WEB),Saat pengisian KRS kadang tidak bisa login ke portal,65,1,,saat pengisian krs kadang tidak bisa login ke portal,"['saat', 'pengisian', 'krs', 'kadang', 'tidak', 'bisa', 'login', 'ke', 'portal']","['saat', 'pengisian', 'krs', 'kadang', 'tidak', 'login', 'portal']","['saat', 'pengisian', 'krs', 'kadang', 'tidak', 'login', 'portal']",saat pengisian krs kadang tidak login portal
065-02,28/01/2026 22:32:18,MyClass UMSU,Lebih mudah untuk masuk ke Myclass sesuai matkul,65,2,,lebih mudah untuk masuk ke myclass sesuai matkul,"['lebih', 'mudah', 'untuk', 'masuk', 'ke', 'myclass', 'sesuai', 'matkul']","['mudah', 'masuk', 'myclass', 'sesuai', 'matkul']","['mudah', 'masuk', 'myclass', 'sesuai', 'matkul']",mudah masuk myclass sesuai matkul
065-03,28/01/2026 22:32:18,WiFi Kampus,Terkadang tidak ada jaringan dari WiFi nya,65,3,,terkadang tidak ada jaringan dari wifi nya,"['terkadang', 'tidak', 'ada', 'jaringan', 'dari', 'wifi', 'nya']","['terkadang', 'tidak', 'ada', 'jaringan', 'wifi']","['terkadang', 'tidak', 'ada', 'jaringan', 'wifi']",terkadang tidak ada jaringan wifi
065-04,28/01/2026 22:32:18,Helpdesk/Technical Support,Saat ini saya belum pernah menggunakan support IT,65,4,,saat ini saya belum pernah menggunakan support it,"['saat', 'ini', 'saya', 'belum', 'pernah', 'menggunakan', 'support', 'it']","['saat', 'belum', 'pernah', 'menggunakan', 'support', 'it']","['saat', 'belum', 'pernah', 'menggunakan', 'support', 'it']",saat belum pernah menggunakan support it
065-05,28/01/2026 22:32:18,Saran Peningkatan,Tidak ada,65,5,,tidak ada,"['tidak', 'ada']","['tidak', 'ada']","['tidak', 'ada']",tidak ada
066-01,28/01/2026 22:33:16,Portal Akademik (WEB),Keren,66,1,,keren,['keren'],['keren'],['keren'],keren
066-02,28/01/2026 22:33:16,MyClass UMSU,Keren tapi lambat,66,2,,keren tapi lambat,"['keren', 'tapi', 'lambat']","['keren', 'lambat']","['keren', 'lambat']",keren lambat
066-03,28/01/2026 22:33:16,WiFi Kampus,Kere,66,3,,kere,['kere'],['kere'],['kere'],kere
066-04,28/01/2026 22:33:16,Helpdesk/Technical Support,Keren,66,4,,keren,['keren'],['keren'],['keren'],keren
066-05,28/01/2026 22:33:16,Saran Peningkatan,Pakai google atau cara lama,66,5,,pakai google atau cara lama,"['pakai', 'google', 'atau', 'cara', 'lama']","['pakai', 'google', 'cara', 'lama']","['pakai', 'google', 'cara', 'lama']",pakai google cara lama
067-01,28/01/2026 22:33:39,Portal Akademik (WEB),ketika login sering tibatiba log out sendiri dan harus login ulang. itu mengganggu😥,67,1,,ketika login sering tibatiba log out sendiri dan harus login ulang itu mengganggu,"['ketika', 'login', 'sering', 'tibatiba', 'log', 'out', 'sendiri', 'dan', 'harus', 'login', 'ulang', 'itu', 'mengganggu']","['ketika', 'login', 'sering', 'tibatiba', 'log', 'out', 'sendiri', 'login', 'ulang', 'mengganggu']","['ketika', 'login', 'sering', 'tibatiba', 'log', 'out', 'sendiri', 'login', 'ulang', 'mengganggu']",ketika login sering tibatiba log out sendiri login ulang mengganggu
067-02,28/01/2026 22:33:39,MyClass UMSU,myclass simple & mudah ketika tidak sedang eror,67,2,,myclass simple mudah ketika tidak sedang eror,"['myclass', 'simple', 'mudah', 'ketika', 'tidak', 'sedang', 'eror']","['myclass', 'simple', 'mudah', 'ketika', 'tidak', 'sedang', 'eror']","['myclass', 'simple', 'mudah', 'ketika', 'tidak', 'sedang', 'eror']",myclass simple mudah ketika tidak sedang eror
067-03,28/01/2026 22:33:39,WiFi Kampus,"wifi susah dijangkau, dan koneksinya kurang stabil.",67,3,,wifi susah dijangkau dan koneksinya kurang stabil,"['wifi', 'susah', 'dijangkau', 'dan', 'koneksinya', 'kurang', 'stabil']","['wifi', 'susah', 'dijangkau', 'koneksinya', 'kurang', 'stabil']","['wifi', 'susah', 'dijangkau', 'koneksinya', 'kurang', 'stabil']",wifi susah dijangkau koneksinya kurang stabil
067-04,28/01/2026 22:33:39,Helpdesk/Technical Support,baik aja,67,4,,baik aja,"['baik', 'aja']","['baik', 'aja']","['baik', 'aja']",baik aja
067-05,28/01/2026 22:33:39,Saran Peningkatan,Mohon merespons dengan cepat🙏🏻,67,5,,mohon merespons dengan cepat,"['mohon', 'merespons', 'dengan', 'cepat']","['mohon', 'merespons', 'cepat']","['mohon', 'merespons', 'cepat']",mohon merespons cepat
068-01,28/01/2026 22:36:14,Portal Akademik (WEB),Sangat Baik karena fitur yang digunakan sangat mudah dipahami,68,1,,sangat baik karena fitur yang digunakan sangat mudah dipahami,"['sangat', 'baik', 'karena', 'fitur', 'yang', 'digunakan', 'sangat', 'mudah', 'dipahami']","['baik', 'fitur', 'digunakan', 'mudah', 'dipahami']","['baik', 'fitur', 'digunakan', 'mudah', 'dipahami']",baik fitur digunakan mudah dipahami
068-02,28/01/2026 22:36:14,MyClass UMSU,baik dengan apk yang mudah digunakan,68,2,,baik dengan apk yang mudah digunakan,"['baik', 'dengan', 'apk', 'yang', 'mudah', 'digunakan']","['baik', 'apk', 'mudah', 'digunakan']","['baik', 'apk', 'mudah', 'digunakan']",baik apk mudah digunakan
068-03,28/01/2026 22:36:14,WiFi Kampus,jarang memakai wifi kampus karena sandi yang tidak tahu dan beberapa titik yang tidak bisa dijangkau,68,3,,jarang memakai wifi kampus karena sandi yang tidak tahu dan beberapa titik yang tidak bisa dijangkau,"['jarang', 'memakai', 'wifi', 'kampus', 'karena', 'sandi', 'yang', 'tidak', 'tahu', 'dan', 'beberapa', 'titik', 'yang', 'tidak', 'bisa', 'dijangkau']","['jarang', 'memakai', 'wifi', 'kampus', 'sandi', 'tidak', 'tahu', 'titik', 'tidak', 'dijangkau']","['jarang', 'memakai', 'wifi', 'kampus', 'sandi', 'tidak', 'tahu', 'titik', 'tidak', 'dijangkau']",jarang memakai wifi kampus sandi tidak tahu titik tidak dijangkau
068-04,28/01/2026 22:36:14,Helpdesk/Technical Support,Saya jarang menggunakan nya,68,4,,saya jarang menggunakan nya,"['saya', 'jarang', 'menggunakan', 'nya']","['jarang', 'menggunakan']","['jarang', 'menggunakan']",jarang menggunakan
068-05,28/01/2026 22:36:14,Saran Peningkatan,Lebih meminimalisir gangguan jaringan yang ada,68,5,,lebih meminimalisir gangguan jaringan yang ada,"['lebih', 'meminimalisir', 'gangguan', 'jaringan', 'yang', 'ada']","['meminimalisir', 'gangguan', 'jaringan', 'ada']","['meminimalisir', 'gangguan', 'jaringan', 'ada']",meminimalisir gangguan jaringan ada
069-01,28/01/2026 22:36:14,Portal Akademik (WEB),"pengalaman saya menggunakan portal cukup baik karena memudahkan akses KRS dan jadwal, meskipun terkadang lambat saat banyak pengguna mengakses bersamaan.",69,1,,pengalaman saya menggunakan portal cukup baik karena memudahkan akses krs dan jadwal meskipun terkadang lambat saat banyak pengguna mengakses bersamaan,"['pengalaman', 'saya', 'menggunakan', 'portal', 'cukup', 'baik', 'karena', 'memudahkan', 'akses', 'krs', 'dan', 'jadwal', 'meskipun', 'terkadang', 'lambat', 'saat', 'banyak', 'pengguna', 'mengakses', 'bersamaan']","['pengalaman', 'menggunakan', 'portal', 'cukup', 'baik', 'memudahkan', 'akses', 'krs', 'jadwal', 'meskipun', 'terkadang', 'lambat', 'saat', 'pengguna', 'mengakses', 'bersamaan']","['pengalaman', 'menggunakan', 'portal', 'cukup', 'baik', 'memudahkan', 'akses', 'krs', 'jadwal', 'meskipun', 'terkadang', 'lambat', 'saat', 'pengguna', 'mengakses', 'bersamaan']",pengalaman menggunakan portal cukup baik memudahkan akses krs jadwal meskipun terkadang lambat saat pengguna mengakses bersamaan
069-02,28/01/2026 22:36:14,MyClass UMSU,"pengalaman saya menggunakan MyClass UMSU cukup baik karena memudahkan akses materi dan pengumpulan tugas, meski kadang loading lama.",69,2,,pengalaman saya menggunakan myclass umsu cukup baik karena memudahkan akses materi dan pengumpulan tugas meski kadang loading lama,"['pengalaman', 'saya', 'menggunakan', 'myclass', 'umsu', 'cukup', 'baik', 'karena', 'memudahkan', 'akses', 'materi', 'dan', 'pengumpulan', 'tugas', 'meski', 'kadang', 'loading', 'lama']","['pengalaman', 'menggunakan', 'myclass', 'umsu', 'cukup', 'baik', 'memudahkan', 'akses', 'materi', 'pengumpulan', 'tugas', 'kadang', 'loading', 'lama']","['pengalaman', 'menggunakan', 'myclass', 'umsu', 'cukup', 'baik', 'memudahkan', 'akses', 'materi', 'pengumpulan', 'tugas', 'kadang', 'loading', 'lama']",pengalaman menggunakan myclass umsu cukup baik memudahkan akses materi pengumpulan tugas kadang loading lama
069-03,28/01/2026 22:36:14,WiFi Kampus,pengalaman saya menggunakan WiFi kampus cukup baik dan stabil karena koneksinya lancar saat digunakan untuk akses materi kuliah dan tugas.,69,3,,pengalaman saya menggunakan wifi kampus cukup baik dan stabil karena koneksinya lancar saat digunakan untuk akses materi kuliah dan tugas,"['pengalaman', 'saya', 'menggunakan', 'wifi', 'kampus', 'cukup', 'baik', 'dan', 'stabil', 'karena', 'koneksinya', 'lancar', 'saat', 'digunakan', 'untuk', 'akses', 'materi', 'kuliah', 'dan', 'tugas']","['pengalaman', 'menggunakan', 'wifi', 'kampus', 'cukup', 'baik', 'stabil', 'koneksinya', 'lancar', 'saat', 'digunakan', 'akses', 'materi', 'kuliah', 'tugas']","['pengalaman', 'menggunakan', 'wifi', 'kampus', 'cukup', 'baik', 'stabil', 'koneksinya', 'lancar', 'saat', 'digunakan', 'akses', 'materi', 'kuliah', 'tugas']",pengalaman menggunakan wifi kampus cukup baik stabil koneksinya lancar saat digunakan akses materi kuliah tugas
069-04,28/01/2026 22:36:14,Helpdesk/Technical Support,saya belum pernah menggunakan helpdesk/technical support IT UMSU dikarenakan belum ada kendala.,69,4,,saya belum pernah menggunakan helpdesk technical support it umsu dikarenakan belum ada kendala,"['saya', 'belum', 'pernah', 'menggunakan', 'helpdesk', 'technical', 'support', 'it', 'umsu', 'dikarenakan', 'belum', 'ada', 'kendala']","['belum', 'pernah', 'menggunakan', 'helpdesk', 'technical', 'support', 'it', 'umsu', 'dikarenakan', 'belum', 'ada', 'kendala']","['belum', 'pernah', 'menggunakan', 'helpdesk', 'technical', 'support', 'it', 'umsu', 'dikarenakan', 'belum', 'ada', 'kendala']",belum pernah menggunakan helpdesk technical support it umsu dikarenakan belum ada kendala
069-05,28/01/2026 22:36:14,Saran Peningkatan,layanan SI & TI UMSU sebaiknya meningkatkan stabilitas server dan kecepatan akses agar sistem tetap lancar saat jam sibuk.,69,5,,layanan si ti umsu sebaiknya meningkatkan stabilitas server dan kecepatan akses agar sistem tetap lancar saat jam sibuk,"['layanan', 'si', 'ti', 'umsu', 'sebaiknya', 'meningkatkan', 'stabilitas', 'server', 'dan', 'kecepatan', 'akses', 'agar', 'sistem', 'tetap', 'lancar', 'saat', 'jam', 'sibuk']","['layanan', 'si', 'ti', 'umsu', 'sebaiknya', 'meningkatkan', 'stabilitas', 'server', 'kecepatan', 'akses', 'sistem', 'tetap', 'lancar', 'saat', 'jam', 'sibuk']","['layanan', 'si', 'ti', 'umsu', 'sebaiknya', 'meningkatkan', 'stabilitas', 'server', 'kecepatan', 'akses', 'sistem', 'tetap', 'lancar', 'saat', 'jam', 'sibuk']",layanan si ti umsu sebaiknya meningkatkan stabilitas server kecepatan akses sistem tetap lancar saat jam sibuk
070-01,28/01/2026 22:52:20,Portal Akademik (WEB),"sering kesulitan untuk login, contohnya salah pasword, padahal pasword yg dimasukan telah benar dan harus dicoba berkali-kali baru bisa masuk keportal",70,1,,sering kesulitan untuk login contohnya salah pasword padahal pasword yg dimasukan telah benar dan harus dicoba berkali kali baru bisa masuk keportal,"['sering', 'kesulitan', 'untuk', 'login', 'contohnya', 'salah', 'pasword', 'padahal', 'pasword', 'yg', 'dimasukan', 'telah', 'benar', 'dan', 'harus', 'dicoba', 'berkali', 'kali', 'baru', 'bisa', 'masuk', 'keportal']","['sering', 'kesulitan', 'login', 'contohnya', 'salah', 'pasword', 'padahal', 'pasword', 'yg', 'dimasukan', 'benar', 'dicoba', 'berkali', 'kali', 'baru', 'masuk', 'keportal']","['sering', 'kesulitan', 'login', 'contohnya', 'salah', 'pasword', 'padahal', 'pasword', 'yg', 'dimasukan', 'benar', 'dicoba', 'berkali', 'kali', 'baru', 'masuk', 'keportal']",sering kesulitan login contohnya salah pasword padahal pasword yg dimasukan benar dicoba berkali kali baru masuk keportal
070-02,28/01/2026 22:52:20,MyClass UMSU,selama perkuliahan tidak menggunakan myclass,70,2,,selama perkuliahan tidak menggunakan myclass,"['selama', 'perkuliahan', 'tidak', 'menggunakan', 'myclass']","['selama', 'perkuliahan', 'tidak', 'menggunakan', 'myclass']","['selama', 'perkuliahan', 'tidak', 'menggunakan', 'myclass']",selama perkuliahan tidak menggunakan myclass
070-03,28/01/2026 22:52:20,WiFi Kampus,"wifi sering disconnect sendiri, mungkin karna penggunanya terlalu banyak",70,3,,wifi sering disconnect sendiri mungkin karna penggunanya terlalu banyak,"['wifi', 'sering', 'disconnect', 'sendiri', 'mungkin', 'karna', 'penggunanya', 'terlalu', 'banyak']","['wifi', 'sering', 'disconnect', 'sendiri', 'mungkin', 'karna', 'penggunanya', 'terlalu']","['wifi', 'sering', 'disconnect', 'sendiri', 'mungkin', 'karna', 'penggunanya', 'terlalu']",wifi sering disconnect sendiri mungkin karna penggunanya terlalu
070-04,28/01/2026 22:52:20,Helpdesk/Technical Support,Tidak pernah menghubungi layanan bantuan,70,4,,tidak pernah menghubungi layanan bantuan,"['tidak', 'pernah', 'menghubungi', 'layanan', 'bantuan']","['tidak', 'pernah', 'menghubungi', 'layanan', 'bantuan']","['tidak', 'pernah', 'menghubungi', 'layanan', 'bantuan']",tidak pernah menghubungi layanan bantuan
070-05,28/01/2026 22:52:20,Saran Peningkatan,Tidak pernah menghubungi layanan bantuan,70,5,,tidak pernah menghubungi layanan bantuan,"['tidak', 'pernah', 'menghubungi', 'layanan', 'bantuan']","['tidak', 'pernah', 'menghubungi', 'layanan', 'bantuan']","['tidak', 'pernah', 'menghubungi', 'layanan', 'bantuan']",tidak pernah menghubungi layanan bantuan
071-01,28/01/2026 22:53:30,Portal Akademik (WEB),pengalaman buruk saya eror saat login,71,1,,pengalaman buruk saya eror saat login,"['pengalaman', 'buruk', 'saya', 'eror', 'saat', 'login']","['pengalaman', 'buruk', 'eror', 'saat', 'login']","['pengalaman', 'buruk', 'eror', 'saat', 'login']",pengalaman buruk eror saat login
071-02,28/01/2026 22:53:30,MyClass UMSU,pengalaman buruk saya sering eror saat login ke web contohnya saat mau absen,71,2,,pengalaman buruk saya sering eror saat login ke web contohnya saat mau absen,"['pengalaman', 'buruk', 'saya', 'sering', 'eror', 'saat', 'login', 'ke', 'web', 'contohnya', 'saat', 'mau', 'absen']","['pengalaman', 'buruk', 'sering', 'eror', 'saat', 'login', 'web', 'contohnya', 'saat', 'mau', 'absen']","['pengalaman', 'buruk', 'sering', 'eror', 'saat', 'login', 'web', 'contohnya', 'saat', 'mau', 'absen']",pengalaman buruk sering eror saat login web contohnya saat mau absen
071-03,28/01/2026 22:53:30,WiFi Kampus,saya puas karena mudah terhubungan dan stabil,71,3,,saya puas karena mudah terhubungan dan stabil,"['saya', 'puas', 'karena', 'mudah', 'terhubungan', 'dan', 'stabil']","['puas', 'mudah', 'terhubungan', 'stabil']","['puas', 'mudah', 'terhubungan', 'stabil']",puas mudah terhubungan stabil
071-04,28/01/2026 22:53:30,Helpdesk/Technical Support,saya tidak pernah menghubungi layanan bantuan technical IT UMSU,71,4,,saya tidak pernah menghubungi layanan bantuan technical it umsu,"['saya', 'tidak', 'pernah', 'menghubungi', 'layanan', 'bantuan', 'technical', 'it', 'umsu']","['tidak', 'pernah', 'menghubungi', 'layanan', 'bantuan', 'technical', 'it', 'umsu']","['tidak', 'pernah', 'menghubungi', 'layanan', 'bantuan', 'technical', 'it', 'umsu']",tidak pernah menghubungi layanan bantuan technical it umsu
071-05,28/01/2026 22:53:30,Saran Peningkatan,tidak ada,71,5,,tidak ada,"['tidak', 'ada']","['tidak', 'ada']","['tidak', 'ada']",tidak ada
072-01,28/01/2026 22:54:11,Portal Akademik (WEB),"Terkadang sering eror, misalnya ketika membuka bagian tagihan pembayaran, saat di klik malah kembali ke menu log in.",72,1,,terkadang sering eror misalnya ketika membuka bagian tagihan pembayaran saat di klik malah kembali ke menu log in,"['terkadang', 'sering', 'eror', 'misalnya', 'ketika', 'membuka', 'bagian', 'tagihan', 'pembayaran', 'saat', 'di', 'klik', 'malah', 'kembali', 'ke', 'menu', 'log', 'in']","['terkadang', 'sering', 'eror', 'misalnya', 'ketika', 'membuka', 'bagian', 'tagihan', 'pembayaran', 'saat', 'klik', 'malah', 'kembali', 'menu', 'log', 'in']","['terkadang', 'sering', 'eror', 'misalnya', 'ketika', 'membuka', 'bagian', 'tagihan', 'pembayaran', 'saat', 'klik', 'malah', 'kembali', 'menu', 'log', 'in']",terkadang sering eror misalnya ketika membuka bagian tagihan pembayaran saat klik malah kembali menu log in
072-02,28/01/2026 22:54:11,MyClass UMSU,"Aplikasi baru (MyClass) menurut saya sudah lebih baik dari sebelumnya, sudah jarang terjadi eror dan kesulitan (stuck loading) saat log in.",72,2,,aplikasi baru myclass menurut saya sudah lebih baik dari sebelumnya sudah jarang terjadi eror dan kesulitan stuck loading saat log in,"['aplikasi', 'baru', 'myclass', 'menurut', 'saya', 'sudah', 'lebih', 'baik', 'dari', 'sebelumnya', 'sudah', 'jarang', 'terjadi', 'eror', 'dan', 'kesulitan', 'stuck', 'loading', 'saat', 'log', 'in']","['aplikasi', 'baru', 'myclass', 'menurut', 'baik', 'sebelumnya', 'jarang', 'terjadi', 'eror', 'kesulitan', 'stuck', 'loading', 'saat', 'log', 'in']","['aplikasi', 'baru', 'myclass', 'menurut', 'baik', 'sebelumnya', 'jarang', 'terjadi', 'eror', 'kesulitan', 'stuck', 'loading', 'saat', 'log', 'in']",aplikasi baru myclass menurut baik sebelumnya jarang terjadi eror kesulitan stuck loading saat log in
072-03,28/01/2026 22:54:11,WiFi Kampus,"Menurut saya sudah baik, terdapat banyak wifi dilingkungan kampus, jadi wifi bisa di akses di seluruhnya.",72,3,,menurut saya sudah baik terdapat banyak wifi dilingkungan kampus jadi wifi bisa di akses di seluruhnya,"['menurut', 'saya', 'sudah', 'baik', 'terdapat', 'banyak', 'wifi', 'dilingkungan', 'kampus', 'jadi', 'wifi', 'bisa', 'di', 'akses', 'di', 'seluruhnya']","['menurut', 'baik', 'terdapat', 'wifi', 'dilingkungan', 'kampus', 'jadi', 'wifi', 'akses', 'seluruhnya']","['menurut', 'baik', 'terdapat', 'wifi', 'dilingkungan', 'kampus', 'jadi', 'wifi', 'akses', 'seluruhnya']",menurut baik terdapat wifi dilingkungan kampus jadi wifi akses seluruhnya
072-05,28/01/2026 22:54:11,Saran Peningkatan,"Saya berharap layanan terus di perhatikan agar semakin optimal, dan eror semakin jarang terjadi.",72,5,,saya berharap layanan terus di perhatikan agar semakin optimal dan eror semakin jarang terjadi,"['saya', 'berharap', 'layanan', 'terus', 'di', 'perhatikan', 'agar', 'semakin', 'optimal', 'dan', 'eror', 'semakin', 'jarang', 'terjadi']","['berharap', 'layanan', 'terus', 'perhatikan', 'semakin', 'optimal', 'eror', 'semakin', 'jarang', 'terjadi']","['berharap', 'layanan', 'terus', 'perhatikan', 'semakin', 'optimal', 'eror', 'semakin', 'jarang', 'terjadi']",berharap layanan terus perhatikan semakin optimal eror semakin jarang terjadi
073-01,28/01/2026 22:56:18,Portal Akademik (WEB),"pengalaman saat menggunakan portal akademik sangat baik, walaupun kadang saat login suka ke log out sendiri, tapi keseluruhan sangat baik untuk urusan perkuliahan seperti isi krs dan lihat khs",73,1,,pengalaman saat menggunakan portal akademik sangat baik walaupun kadang saat login suka ke log out sendiri tapi keseluruhan sangat baik untuk urusan perkuliahan seperti isi krs dan lihat khs,"['pengalaman', 'saat', 'menggunakan', 'portal', 'akademik', 'sangat', 'baik', 'walaupun', 'kadang', 'saat', 'login', 'suka', 'ke', 'log', 'out', 'sendiri', 'tapi', 'keseluruhan', 'sangat', 'baik', 'untuk', 'urusan', 'perkuliahan', 'seperti', 'isi', 'krs', 'dan', 'lihat', 'khs']","['pengalaman', 'saat', 'menggunakan', 'portal', 'akademik', 'baik', 'kadang', 'saat', 'login', 'suka', 'log', 'out', 'sendiri', 'keseluruhan', 'baik', 'urusan', 'perkuliahan', 'isi', 'krs', 'lihat', 'khs']","['pengalaman', 'saat', 'menggunakan', 'portal', 'akademik', 'baik', 'kadang', 'saat', 'login', 'suka', 'log', 'out', 'sendiri', 'keseluruhan', 'baik', 'urusan', 'perkuliahan', 'isi', 'krs', 'lihat', 'khs']",pengalaman saat menggunakan portal akademik baik kadang saat login suka log out sendiri keseluruhan baik urusan perkuliahan isi krs lihat khs
073-02,28/01/2026 22:56:18,MyClass UMSU,"sangat baik ui dan ux, mudah di pahami tidak membuat bingung saat menggunakannya melihat tugas,materi,absen sangat gampang di akses",73,2,,sangat baik ui dan ux mudah di pahami tidak membuat bingung saat menggunakannya melihat tugas materi absen sangat gampang di akses,"['sangat', 'baik', 'ui', 'dan', 'ux', 'mudah', 'di', 'pahami', 'tidak', 'membuat', 'bingung', 'saat', 'menggunakannya', 'melihat', 'tugas', 'materi', 'absen', 'sangat', 'gampang', 'di', 'akses']","['baik', 'ui', 'ux', 'mudah', 'pahami', 'tidak', 'membuat', 'bingung', 'saat', 'menggunakannya', 'melihat', 'tugas', 'materi', 'absen', 'gampang', 'akses']","['baik', 'ui', 'ux', 'mudah', 'pahami', 'tidak', 'membuat', 'bingung', 'saat', 'menggunakannya', 'melihat', 'tugas', 'materi', 'absen', 'gampang', 'akses']",baik ui ux mudah pahami tidak membuat bingung saat menggunakannya melihat tugas materi absen gampang akses
073-03,28/01/2026 22:56:18,WiFi Kampus,"keseluruhan sangat baik, walaupun kadang kecepatan lambat tapi mungkin karena banyak di akses orang dalam waktu bersamaan",73,3,,keseluruhan sangat baik walaupun kadang kecepatan lambat tapi mungkin karena banyak di akses orang dalam waktu bersamaan,"['keseluruhan', 'sangat', 'baik', 'walaupun', 'kadang', 'kecepatan', 'lambat', 'tapi', 'mungkin', 'karena', 'banyak', 'di', 'akses', 'orang', 'dalam', 'waktu', 'bersamaan']","['keseluruhan', 'baik', 'kadang', 'kecepatan', 'lambat', 'mungkin', 'akses', 'orang', 'waktu', 'bersamaan']","['keseluruhan', 'baik', 'kadang', 'kecepatan', 'lambat', 'mungkin', 'akses', 'orang', 'waktu', 'bersamaan']",keseluruhan baik kadang kecepatan lambat mungkin akses orang waktu bersamaan
073-04,28/01/2026 22:56:18,Helpdesk/Technical Support,untuk techinal support saya tidak berkomentar karena ga pernah menggunakan layanannya,73,4,,untuk techinal support saya tidak berkomentar karena ga pernah menggunakan layanannya,"['untuk', 'techinal', 'support', 'saya', 'tidak', 'berkomentar', 'karena', 'ga', 'pernah', 'menggunakan', 'layanannya']","['techinal', 'support', 'tidak', 'berkomentar', 'ga', 'pernah', 'menggunakan', 'layanannya']","['techinal', 'support', 'tidak', 'berkomentar', 'ga', 'pernah', 'menggunakan', 'layanannya']",techinal support tidak berkomentar ga pernah menggunakan layanannya
073-05,28/01/2026 22:56:18,Saran Peningkatan,"secara keseluruhan, layanan SI dan TI sangat baik portal selalu bisa di akses kapan pun myclass juga sangat baik dalam membantu perkuliahan",73,5,,secara keseluruhan layanan si dan ti sangat baik portal selalu bisa di akses kapan pun myclass juga sangat baik dalam membantu perkuliahan,"['secara', 'keseluruhan', 'layanan', 'si', 'dan', 'ti', 'sangat', 'baik', 'portal', 'selalu', 'bisa', 'di', 'akses', 'kapan', 'pun', 'myclass', 'juga', 'sangat', 'baik', 'dalam', 'membantu', 'perkuliahan']","['secara', 'keseluruhan', 'layanan', 'si', 'ti', 'baik', 'portal', 'selalu', 'akses', 'kapan', 'myclass', 'baik', 'membantu', 'perkuliahan']","['secara', 'keseluruhan', 'layanan', 'si', 'ti', 'baik', 'portal', 'selalu', 'akses', 'kapan', 'myclass', 'baik', 'membantu', 'perkuliahan']",secara keseluruhan layanan si ti baik portal selalu akses kapan myclass baik membantu perkuliahan
074-01,28/01/2026 22:59:23,Portal Akademik (WEB),"Web nya sangat membantu , tetapi terkadang sering down",74,1,,web nya sangat membantu tetapi terkadang sering down,"['web', 'nya', 'sangat', 'membantu', 'tetapi', 'terkadang', 'sering', 'down']","['web', 'membantu', 'terkadang', 'sering', 'down']","['web', 'membantu', 'terkadang', 'sering', 'down']",web membantu terkadang sering down
074-02,28/01/2026 22:59:23,MyClass UMSU,Tidak ada,74,2,,tidak ada,"['tidak', 'ada']","['tidak', 'ada']","['tidak', 'ada']",tidak ada
074-03,28/01/2026 22:59:23,WiFi Kampus,Tidak ada,74,3,,tidak ada,"['tidak', 'ada']","['tidak', 'ada']","['tidak', 'ada']",tidak ada
074-04,28/01/2026 22:59:23,Helpdesk/Technical Support,Tidak ada,74,4,,tidak ada,"['tidak', 'ada']","['tidak', 'ada']","['tidak', 'ada']",tidak ada
074-05,28/01/2026 22:59:23,Saran Peningkatan,Supaya tidak sering erorr,74,5,,supaya tidak sering erorr,"['supaya', 'tidak', 'sering', 'erorr']","['tidak', 'sering', 'erorr']","['tidak', 'sering', 'erorr']",tidak sering erorr
075-01,28/01/2026 23:03:10,Portal Akademik (WEB),selalu sering login ulang,75,1,,selalu sering login ulang,"['selalu', 'sering', 'login', 'ulang']","['selalu', 'sering', 'login', 'ulang']","['selalu', 'sering', 'login', 'ulang']",selalu sering login ulang
075-02,28/01/2026 23:03:10,MyClass UMSU,terlalu ribet tata letak untuk materi belajarnya,75,2,,terlalu ribet tata letak untuk materi belajarnya,"['terlalu', 'ribet', 'tata', 'letak', 'untuk', 'materi', 'belajarnya']","['terlalu', 'ribet', 'tata', 'letak', 'materi', 'belajarnya']","['terlalu', 'ribet', 'tata', 'letak', 'materi', 'belajarnya']",terlalu ribet tata letak materi belajarnya
075-03,28/01/2026 23:03:10,WiFi Kampus,tidak stabil,75,3,,tidak stabil,"['tidak', 'stabil']","['tidak', 'stabil']","['tidak', 'stabil']",tidak stabil
076-01,28/01/2026 23:04:53,Portal Akademik (WEB),"terkadang eror saat di akses, contohnya loading lama",76,1,,terkadang eror saat di akses contohnya loading lama,"['terkadang', 'eror', 'saat', 'di', 'akses', 'contohnya', 'loading', 'lama']","['terkadang', 'eror', 'saat', 'akses', 'contohnya', 'loading', 'lama']","['terkadang', 'eror', 'saat', 'akses', 'contohnya', 'loading', 'lama']",terkadang eror saat akses contohnya loading lama
076-02,28/01/2026 23:04:53,MyClass UMSU,myclas terkadang mengalami eror jika ingin mengirim tugas harus membuka dari web (google),76,2,,myclas terkadang mengalami eror jika ingin mengirim tugas harus membuka dari web google,"['myclas', 'terkadang', 'mengalami', 'eror', 'jika', 'ingin', 'mengirim', 'tugas', 'harus', 'membuka', 'dari', 'web', 'google']","['myclas', 'terkadang', 'mengalami', 'eror', 'ingin', 'mengirim', 'tugas', 'membuka', 'web', 'google']","['myclas', 'terkadang', 'mengalami', 'eror', 'ingin', 'mengirim', 'tugas', 'membuka', 'web', 'google']",myclas terkadang mengalami eror ingin mengirim tugas membuka web google
076-03,28/01/2026 23:04:53,WiFi Kampus,wifi kampus umsu sering ngelag/logout,76,3,,wifi kampus umsu sering ngelag logout,"['wifi', 'kampus', 'umsu', 'sering', 'ngelag', 'logout']","['wifi', 'kampus', 'umsu', 'sering', 'ngelag', 'logout']","['wifi', 'kampus', 'umsu', 'sering', 'ngelag', 'logout']",wifi kampus umsu sering ngelag logout
076-04,28/01/2026 23:04:53,Helpdesk/Technical Support,tidak pernah menggunakan,76,4,,tidak pernah menggunakan,"['tidak', 'pernah', 'menggunakan']","['tidak', 'pernah', 'menggunakan']","['tidak', 'pernah', 'menggunakan']",tidak pernah menggunakan
077-01,28/01/2026 23:07:21,Portal Akademik (WEB),ribet kalo nyari kelas,77,1,,ribet kalo nyari kelas,"['ribet', 'kalo', 'nyari', 'kelas']","['ribet', 'kalo', 'nyari', 'kelas']","['ribet', 'kalo', 'nyari', 'kelas']",ribet kalo nyari kelas
077-02,28/01/2026 23:07:21,MyClass UMSU,gatau lupa,77,2,,gatau lupa,"['gatau', 'lupa']","['gatau', 'lupa']","['gatau', 'lupa']",gatau lupa
077-03,28/01/2026 23:07:21,WiFi Kampus,gapernah pake,77,3,,gapernah pake,"['gapernah', 'pake']","['gapernah', 'pake']","['gapernah', 'pake']",gapernah pake
077-04,28/01/2026 23:07:21,Helpdesk/Technical Support,gatau gapernah,77,4,,gatau gapernah,"['gatau', 'gapernah']","['gatau', 'gapernah']","['gatau', 'gapernah']",gatau gapernah
077-05,28/01/2026 23:07:21,Saran Peningkatan,terserah ajaa,77,5,,terserah ajaa,"['terserah', 'ajaa']","['terserah', 'ajaa']","['terserah', 'ajaa']",terserah ajaa
078-01,29/01/2026 0:33:11,Portal Akademik (WEB),sering ke login ulang ketika digunakan,78,1,,sering ke login ulang ketika digunakan,"['sering', 'ke', 'login', 'ulang', 'ketika', 'digunakan']","['sering', 'login', 'ulang', 'ketika', 'digunakan']","['sering', 'login', 'ulang', 'ketika', 'digunakan']",sering login ulang ketika digunakan
078-02,29/01/2026 0:33:11,MyClass UMSU,tidak ada kendala,78,2,,tidak ada kendala,"['tidak', 'ada', 'kendala']","['tidak', 'ada', 'kendala']","['tidak', 'ada', 'kendala']",tidak ada kendala
078-03,29/01/2026 0:33:11,WiFi Kampus,jaringan kurang stabil saat digunakan(wifi lantai 6 fikti),78,3,,jaringan kurang stabil saat digunakan wifi lantai fikti,"['jaringan', 'kurang', 'stabil', 'saat', 'digunakan', 'wifi', 'lantai', 'fikti']","['jaringan', 'kurang', 'stabil', 'saat', 'digunakan', 'wifi', 'lantai', 'fikti']","['jaringan', 'kurang', 'stabil', 'saat', 'digunakan', 'wifi', 'lantai', 'fikti']",jaringan kurang stabil saat digunakan wifi lantai fikti
078-04,29/01/2026 0:33:11,Helpdesk/Technical Support,tidak pernah melapor,78,4,,tidak pernah melapor,"['tidak', 'pernah', 'melapor']","['tidak', 'pernah', 'melapor']","['tidak', 'pernah', 'melapor']",tidak pernah melapor
078-05,29/01/2026 0:33:11,Saran Peningkatan,tidak ada kekurangan,78,5,,tidak ada kekurangan,"['tidak', 'ada', 'kekurangan']","['tidak', 'ada', 'kekurangan']","['tidak', 'ada', 'kekurangan']",tidak ada kekurangan
079-01,29/01/2026 4:53:52,Portal Akademik (WEB),web umsu sangat baik cuma terkadang suka nge down server nya saat masuk dan login tiba-tiba keluar lagi gk bisa,79,1,,web umsu sangat baik cuma terkadang suka nge down server nya saat masuk dan login tiba tiba keluar lagi gk bisa,"['web', 'umsu', 'sangat', 'baik', 'cuma', 'terkadang', 'suka', 'nge', 'down', 'server', 'nya', 'saat', 'masuk', 'dan', 'login', 'tiba', 'tiba', 'keluar', 'lagi', 'gk', 'bisa']","['web', 'umsu', 'baik', 'cuma', 'terkadang', 'suka', 'nge', 'down', 'server', 'saat', 'masuk', 'login', 'tiba', 'tiba', 'keluar', 'gk']","['web', 'umsu', 'baik', 'cuma', 'terkadang', 'suka', 'nge', 'down', 'server', 'saat', 'masuk', 'login', 'tiba', 'tiba', 'keluar', 'gk']",web umsu baik cuma terkadang suka nge down server saat masuk login tiba tiba keluar gk
079-02,29/01/2026 4:53:52,MyClass UMSU,my class saya jarang pakai cuma bagus,79,2,,my class saya jarang pakai cuma bagus,"['my', 'class', 'saya', 'jarang', 'pakai', 'cuma', 'bagus']","['my', 'class', 'jarang', 'pakai', 'cuma', 'bagus']","['my', 'class', 'jarang', 'pakai', 'cuma', 'bagus']",my class jarang pakai cuma bagus
079-03,29/01/2026 4:53:52,WiFi Kampus,wifi nya bagus cuma jaringan nya kadang suka hilang,79,3,,wifi nya bagus cuma jaringan nya kadang suka hilang,"['wifi', 'nya', 'bagus', 'cuma', 'jaringan', 'nya', 'kadang', 'suka', 'hilang']","['wifi', 'bagus', 'cuma', 'jaringan', 'kadang', 'suka', 'hilang']","['wifi', 'bagus', 'cuma', 'jaringan', 'kadang', 'suka', 'hilang']",wifi bagus cuma jaringan kadang suka hilang
079-04,29/01/2026 4:53:52,Helpdesk/Technical Support,bagus,79,4,,bagus,['bagus'],['bagus'],['bagus'],bagus
079-05,29/01/2026 4:53:52,Saran Peningkatan,bagus,79,5,,bagus,['bagus'],['bagus'],['bagus'],bagus
080-01,29/01/2026 5:57:38,Portal Akademik (WEB),Portal mudah di pahami tetapi terkadang server harus login 2 x akibat sistem server yang kurang kuat,80,1,,portal mudah di pahami tetapi terkadang server harus login x akibat sistem server yang kurang kuat,"['portal', 'mudah', 'di', 'pahami', 'tetapi', 'terkadang', 'server', 'harus', 'login', 'akibat', 'sistem', 'server', 'yang', 'kurang', 'kuat']","['portal', 'mudah', 'pahami', 'terkadang', 'server', 'login', 'akibat', 'sistem', 'server', 'kurang', 'kuat']","['portal', 'mudah', 'pahami', 'terkadang', 'server', 'login', 'akibat', 'sistem', 'server', 'kurang', 'kuat']",portal mudah pahami terkadang server login akibat sistem server kurang kuat
080-02,29/01/2026 5:57:38,MyClass UMSU,Saya jarang pakai my class untuk pembelajaran akibat kurang mengetahui secara rinci cara penggunaan nya .,80,2,,saya jarang pakai my class untuk pembelajaran akibat kurang mengetahui secara rinci cara penggunaan nya,"['saya', 'jarang', 'pakai', 'my', 'class', 'untuk', 'pembelajaran', 'akibat', 'kurang', 'mengetahui', 'secara', 'rinci', 'cara', 'penggunaan', 'nya']","['jarang', 'pakai', 'my', 'class', 'pembelajaran', 'akibat', 'kurang', 'mengetahui', 'secara', 'rinci', 'cara', 'penggunaan']","['jarang', 'pakai', 'my', 'class', 'pembelajaran', 'akibat', 'kurang', 'mengetahui', 'secara', 'rinci', 'cara', 'penggunaan']",jarang pakai my class pembelajaran akibat kurang mengetahui secara rinci cara penggunaan
080-03,29/01/2026 5:57:38,WiFi Kampus,"Saat saya di kampus selalu menggunakan WiFi dan itu sangat membantu , secara jaringan sangat memadai untun membantu aktivitas akademik saya",80,3,,saat saya di kampus selalu menggunakan wifi dan itu sangat membantu secara jaringan sangat memadai untun membantu aktivitas akademik saya,"['saat', 'saya', 'di', 'kampus', 'selalu', 'menggunakan', 'wifi', 'dan', 'itu', 'sangat', 'membantu', 'secara', 'jaringan', 'sangat', 'memadai', 'untun', 'membantu', 'aktivitas', 'akademik', 'saya']","['saat', 'kampus', 'selalu', 'menggunakan', 'wifi', 'membantu', 'secara', 'jaringan', 'memadai', 'untun', 'membantu', 'aktivitas', 'akademik']","['saat', 'kampus', 'selalu', 'menggunakan', 'wifi', 'membantu', 'secara', 'jaringan', 'memadai', 'untun', 'membantu', 'aktivitas', 'akademik']",saat kampus selalu menggunakan wifi membantu secara jaringan memadai untun membantu aktivitas akademik
080-04,29/01/2026 5:57:38,Helpdesk/Technical Support,"Membantu saya dalam menanyakan terkait permasalahan akademik saya , contoh nya di saat saya lupa username atau sandi akun akademik saya",80,4,,membantu saya dalam menanyakan terkait permasalahan akademik saya contoh nya di saat saya lupa username atau sandi akun akademik saya,"['membantu', 'saya', 'dalam', 'menanyakan', 'terkait', 'permasalahan', 'akademik', 'saya', 'contoh', 'nya', 'di', 'saat', 'saya', 'lupa', 'username', 'atau', 'sandi', 'akun', 'akademik', 'saya']","['membantu', 'menanyakan', 'terkait', 'permasalahan', 'akademik', 'contoh', 'saat', 'lupa', 'username', 'sandi', 'akun', 'akademik']","['membantu', 'menanyakan', 'terkait', 'permasalahan', 'akademik', 'contoh', 'saat', 'lupa', 'username', 'sandi', 'akun', 'akademik']",membantu menanyakan terkait permasalahan akademik contoh saat lupa username sandi akun akademik
080-05,29/01/2026 5:57:38,Saran Peningkatan,Bagus aja,80,5,,bagus aja,"['bagus', 'aja']","['bagus', 'aja']","['bagus', 'aja']",bagus aja
081-01,29/01/2026 6:40:20,Portal Akademik (WEB),seringnya masalah yang buat males buka portal tu karena servernya down dan ngelag kalau login,81,1,,seringnya masalah yang buat males buka portal tu karena servernya down dan ngelag kalau login,"['seringnya', 'masalah', 'yang', 'buat', 'males', 'buka', 'portal', 'tu', 'karena', 'servernya', 'down', 'dan', 'ngelag', 'kalau', 'login']","['seringnya', 'masalah', 'buat', 'males', 'buka', 'portal', 'tu', 'servernya', 'down', 'ngelag', 'kalau', 'login']","['seringnya', 'masalah', 'buat', 'males', 'buka', 'portal', 'tu', 'servernya', 'down', 'ngelag', 'kalau', 'login']",seringnya masalah buat males buka portal tu servernya down ngelag kalau login
081-02,29/01/2026 6:40:20,MyClass UMSU,jujur aku lebih suka tampilan Elearning UMSU yang lama daripada MyClass yang sekarang,81,2,,jujur aku lebih suka tampilan elearning umsu yang lama daripada myclass yang sekarang,"['jujur', 'aku', 'lebih', 'suka', 'tampilan', 'elearning', 'umsu', 'yang', 'lama', 'daripada', 'myclass', 'yang', 'sekarang']","['jujur', 'suka', 'tampilan', 'elearning', 'umsu', 'lama', 'daripada', 'myclass', 'sekarang']","['jujur', 'suka', 'tampilan', 'elearning', 'umsu', 'lama', 'daripada', 'myclass', 'sekarang']",jujur suka tampilan elearning umsu lama daripada myclass sekarang
081-03,29/01/2026 6:40:20,WiFi Kampus,kalau uda di lantai 3 atau 4 wifi tu mulai gaada wujudnya wkwk,81,3,,kalau uda di lantai atau wifi tu mulai gaada wujudnya wkwk,"['kalau', 'uda', 'di', 'lantai', 'atau', 'wifi', 'tu', 'mulai', 'gaada', 'wujudnya', 'wkwk']","['kalau', 'uda', 'lantai', 'wifi', 'tu', 'mulai', 'gaada', 'wujudnya', 'wkwk']","['kalau', 'uda', 'lantai', 'wifi', 'tu', 'mulai', 'gaada', 'wujudnya', 'wkwk']",kalau uda lantai wifi tu mulai gaada wujudnya wkwk
081-04,29/01/2026 6:40:20,Helpdesk/Technical Support,aku jarang dan hampir gak pernah pakai helpdesk IT ini,81,4,,aku jarang dan hampir gak pernah pakai helpdesk it ini,"['aku', 'jarang', 'dan', 'hampir', 'gak', 'pernah', 'pakai', 'helpdesk', 'it', 'ini']","['jarang', 'hampir', 'gak', 'pernah', 'pakai', 'helpdesk', 'it']","['jarang', 'hampir', 'gak', 'pernah', 'pakai', 'helpdesk', 'it']",jarang hampir gak pernah pakai helpdesk it
081-05,29/01/2026 6:40:20,Saran Peningkatan,"portal dan my class tu paling sering digunakan mahasiswa, tolong makin ditingkatkan sistemnya supaya gak terus terusan down servernyaa",81,5,,portal dan my class tu paling sering digunakan mahasiswa tolong makin ditingkatkan sistemnya supaya gak terus terusan down servernyaa,"['portal', 'dan', 'my', 'class', 'tu', 'paling', 'sering', 'digunakan', 'mahasiswa', 'tolong', 'makin', 'ditingkatkan', 'sistemnya', 'supaya', 'gak', 'terus', 'terusan', 'down', 'servernyaa']","['portal', 'my', 'class', 'tu', 'paling', 'sering', 'digunakan', 'mahasiswa', 'tolong', 'makin', 'ditingkatkan', 'sistemnya', 'gak', 'terus', 'terusan', 'down', 'servernyaa']","['portal', 'my', 'class', 'tu', 'paling', 'sering', 'digunakan', 'mahasiswa', 'tolong', 'makin', 'ditingkatkan', 'sistemnya', 'gak', 'terus', 'terusan', 'down', 'servernyaa']",portal my class tu paling sering digunakan mahasiswa tolong makin ditingkatkan sistemnya gak terus terusan down servernyaa
082-01,29/01/2026 7:44:15,Portal Akademik (WEB),"Saat login server selalu terlepas alias logout otomatis sehingga harus log in ulang, dan juga halaman nya juga lari² sehingga repot harus mencari dari awal halaman lagi",82,1,,saat login server selalu terlepas alias logout otomatis sehingga harus log in ulang dan juga halaman nya juga lari sehingga repot harus mencari dari awal halaman lagi,"['saat', 'login', 'server', 'selalu', 'terlepas', 'alias', 'logout', 'otomatis', 'sehingga', 'harus', 'log', 'in', 'ulang', 'dan', 'juga', 'halaman', 'nya', 'juga', 'lari', 'sehingga', 'repot', 'harus', 'mencari', 'dari', 'awal', 'halaman', 'lagi']","['saat', 'login', 'server', 'selalu', 'terlepas', 'alias', 'logout', 'otomatis', 'sehingga', 'log', 'in', 'ulang', 'halaman', 'lari', 'sehingga', 'repot', 'mencari', 'awal', 'halaman']","['saat', 'login', 'server', 'selalu', 'terlepas', 'alias', 'logout', 'otomatis', 'sehingga', 'log', 'in', 'ulang', 'halaman', 'lari', 'sehingga', 'repot', 'mencari', 'awal', 'halaman']",saat login server selalu terlepas alias logout otomatis sehingga log in ulang halaman lari sehingga repot mencari awal halaman
082-02,29/01/2026 7:44:15,MyClass UMSU,Saat mengerjakan tugas informasi yg di berikan mengenai cara pengerjaan kurang jelas,82,2,,saat mengerjakan tugas informasi yg di berikan mengenai cara pengerjaan kurang jelas,"['saat', 'mengerjakan', 'tugas', 'informasi', 'yg', 'di', 'berikan', 'mengenai', 'cara', 'pengerjaan', 'kurang', 'jelas']","['saat', 'mengerjakan', 'tugas', 'informasi', 'yg', 'berikan', 'mengenai', 'cara', 'pengerjaan', 'kurang', 'jelas']","['saat', 'mengerjakan', 'tugas', 'informasi', 'yg', 'berikan', 'mengenai', 'cara', 'pengerjaan', 'kurang', 'jelas']",saat mengerjakan tugas informasi yg berikan mengenai cara pengerjaan kurang jelas
082-03,29/01/2026 7:44:15,WiFi Kampus,Wifi selalu terputus dan tidak cukup untuk menjangkau seluruh kelas,82,3,,wifi selalu terputus dan tidak cukup untuk menjangkau seluruh kelas,"['wifi', 'selalu', 'terputus', 'dan', 'tidak', 'cukup', 'untuk', 'menjangkau', 'seluruh', 'kelas']","['wifi', 'selalu', 'terputus', 'tidak', 'cukup', 'menjangkau', 'seluruh', 'kelas']","['wifi', 'selalu', 'terputus', 'tidak', 'cukup', 'menjangkau', 'seluruh', 'kelas']",wifi selalu terputus tidak cukup menjangkau seluruh kelas
082-04,29/01/2026 7:44:15,Helpdesk/Technical Support,"Pengalaman dari teman saya, cukup bingung arahan dari heldesk karena penyampaiannya yg singkat",82,4,,pengalaman dari teman saya cukup bingung arahan dari heldesk karena penyampaiannya yg singkat,"['pengalaman', 'dari', 'teman', 'saya', 'cukup', 'bingung', 'arahan', 'dari', 'heldesk', 'karena', 'penyampaiannya', 'yg', 'singkat']","['pengalaman', 'teman', 'cukup', 'bingung', 'arahan', 'heldesk', 'penyampaiannya', 'yg', 'singkat']","['pengalaman', 'teman', 'cukup', 'bingung', 'arahan', 'heldesk', 'penyampaiannya', 'yg', 'singkat']",pengalaman teman cukup bingung arahan heldesk penyampaiannya yg singkat
082-05,29/01/2026 7:44:15,Saran Peningkatan,"Diberikan solusi lebih jelas, jika harus menghubungi langsung berikan jam operasionalnya atau no yg dapat dihubungi",82,5,,diberikan solusi lebih jelas jika harus menghubungi langsung berikan jam operasionalnya atau no yg dapat dihubungi,"['diberikan', 'solusi', 'lebih', 'jelas', 'jika', 'harus', 'menghubungi', 'langsung', 'berikan', 'jam', 'operasionalnya', 'atau', 'no', 'yg', 'dapat', 'dihubungi']","['diberikan', 'solusi', 'jelas', 'menghubungi', 'langsung', 'berikan', 'jam', 'operasionalnya', 'no', 'yg', 'dihubungi']","['diberikan', 'solusi', 'jelas', 'menghubungi', 'langsung', 'berikan', 'jam', 'operasionalnya', 'no', 'yg', 'dihubungi']",diberikan solusi jelas menghubungi langsung berikan jam operasionalnya no yg dihubungi
083-01,29/01/2026 10:35:31,Portal Akademik (WEB),Baik dan dapat dimengerti akhir” ini,83,1,,baik dan dapat dimengerti akhir ini,"['baik', 'dan', 'dapat', 'dimengerti', 'akhir', 'ini']","['baik', 'dimengerti', 'akhir']","['baik', 'dimengerti', 'akhir']",baik dimengerti akhir
083-02,29/01/2026 10:35:31,MyClass UMSU,Awal nya tidak mudah namun akhir” ini saya mulai paham,83,2,,awal nya tidak mudah namun akhir ini saya mulai paham,"['awal', 'nya', 'tidak', 'mudah', 'namun', 'akhir', 'ini', 'saya', 'mulai', 'paham']","['awal', 'tidak', 'mudah', 'akhir', 'mulai', 'paham']","['awal', 'tidak', 'mudah', 'akhir', 'mulai', 'paham']",awal tidak mudah akhir mulai paham
083-03,29/01/2026 10:35:31,WiFi Kampus,"Alhamdulillah lancar hampir seluruh titik saya ddk ada wifi , palingan lantai 4 susah Connect dan juga lantai 3",83,3,,alhamdulillah lancar hampir seluruh titik saya ddk ada wifi palingan lantai susah connect dan juga lantai,"['alhamdulillah', 'lancar', 'hampir', 'seluruh', 'titik', 'saya', 'ddk', 'ada', 'wifi', 'palingan', 'lantai', 'susah', 'connect', 'dan', 'juga', 'lantai']","['alhamdulillah', 'lancar', 'hampir', 'seluruh', 'titik', 'ddk', 'ada', 'wifi', 'palingan', 'lantai', 'susah', 'connect', 'lantai']","['alhamdulillah', 'lancar', 'hampir', 'seluruh', 'titik', 'ddk', 'ada', 'wifi', 'palingan', 'lantai', 'susah', 'connect', 'lantai']",alhamdulillah lancar hampir seluruh titik ddk ada wifi palingan lantai susah connect lantai
083-04,29/01/2026 10:35:31,Helpdesk/Technical Support,Blom pernah,83,4,,blom pernah,"['blom', 'pernah']","['blom', 'pernah']","['blom', 'pernah']",blom pernah
083-05,29/01/2026 10:35:31,Saran Peningkatan,Menjadi lebih naik lagi,83,5,,menjadi lebih naik lagi,"['menjadi', 'lebih', 'naik', 'lagi']",['naik'],['naik'],naik
084-01,29/01/2026 13:25:12,Portal Akademik (WEB),"Server sering log out sendiri ketika mau cetak krs,bayar uang kuliah dsb",84,1,,server sering log out sendiri ketika mau cetak krs bayar uang kuliah dsb,"['server', 'sering', 'log', 'out', 'sendiri', 'ketika', 'mau', 'cetak', 'krs', 'bayar', 'uang', 'kuliah', 'dsb']","['server', 'sering', 'log', 'out', 'sendiri', 'ketika', 'mau', 'cetak', 'krs', 'bayar', 'uang', 'kuliah', 'dsb']","['server', 'sering', 'log', 'out', 'sendiri', 'ketika', 'mau', 'cetak', 'krs', 'bayar', 'uang', 'kuliah', 'dsb']",server sering log out sendiri ketika mau cetak krs bayar uang kuliah dsb
084-02,29/01/2026 13:25:12,MyClass UMSU,Kadang bingung mau cari matkul nya,84,2,,kadang bingung mau cari matkul nya,"['kadang', 'bingung', 'mau', 'cari', 'matkul', 'nya']","['kadang', 'bingung', 'mau', 'cari', 'matkul']","['kadang', 'bingung', 'mau', 'cari', 'matkul']",kadang bingung mau cari matkul
084-03,29/01/2026 13:25:12,WiFi Kampus,Wifi nya kurang lancar,84,3,,wifi nya kurang lancar,"['wifi', 'nya', 'kurang', 'lancar']","['wifi', 'kurang', 'lancar']","['wifi', 'kurang', 'lancar']",wifi kurang lancar
085-01,29/01/2026 14:07:22,Portal Akademik (WEB),"Pengalaman positif, Portal Akademik sangat bermanfaat dalam mengakses informasi akademik secara terpusat, seperti Kartu Rencana Studi (KRS), Kartu Hasil Studi (KHS), jadwal perkuliahan, nilai, serta pengumuman akademik. Dengan adanya portal ini, mahasiswa tidak perlu datang langsung ke bagian akademik untuk mengurus administrasi dasar, sehingga lebih efisien dari segi waktu dan tenaga. Selain itu, tampilan menu yang terstruktur memudahkan mahasiswa dalam mencari informasi yang dibutuhkan.

Namun, saya juga mengalami pengalaman kurang baik saat menggunakan Portal Akademik. Beberapa kali sistem sulit diakses terutama pada masa pengisian KRS atau saat mendekati batas waktu tertentu. Hal ini kemungkinan disebabkan oleh tingginya jumlah pengguna yang mengakses secara bersamaan, sehingga server menjadi lambat atau mengalami error. Selain itu, terkadang terdapat keterlambatan pembaruan data, seperti nilai yang belum langsung muncul atau perubahan jadwal yang tidak segera terupdate, sehingga menimbulkan kebingungan bagi mahasiswa.",85,1,,pengalaman positif portal akademik sangat bermanfaat dalam mengakses informasi akademik secara terpusat seperti kartu rencana studi krs kartu hasil studi khs jadwal perkuliahan nilai serta pengumuman akademik dengan adanya portal ini mahasiswa tidak perlu datang langsung ke bagian akademik untuk mengurus administrasi dasar sehingga lebih efisien dari segi waktu dan tenaga selain itu tampilan menu yang terstruktur memudahkan mahasiswa dalam mencari informasi yang dibutuhkan namun saya juga mengalami pengalaman kurang baik saat menggunakan portal akademik beberapa kali sistem sulit diakses terutama pada masa pengisian krs atau saat mendekati batas waktu tertentu hal ini kemungkinan disebabkan oleh tingginya jumlah pengguna yang mengakses secara bersamaan sehingga server menjadi lambat atau mengalami error selain itu terkadang terdapat keterlambatan pembaruan data seperti nilai yang belum langsung muncul atau perubahan jadwal yang tidak segera terupdate sehingga menimbulkan kebingungan bagi mahasiswa,"['pengalaman', 'positif', 'portal', 'akademik', 'sangat', 'bermanfaat', 'dalam', 'mengakses', 'informasi', 'akademik', 'secara', 'terpusat', 'seperti', 'kartu', 'rencana', 'studi', 'krs', 'kartu', 'hasil', 'studi', 'khs', 'jadwal', 'perkuliahan', 'nilai', 'serta', 'pengumuman', 'akademik', 'dengan', 'adanya', 'portal', 'ini', 'mahasiswa', 'tidak', 'perlu', 'datang', 'langsung', 'ke', 'bagian', 'akademik', 'untuk', 'mengurus', 'administrasi', 'dasar', 'sehingga', 'lebih', 'efisien', 'dari', 'segi', 'waktu', 'dan', 'tenaga', 'selain', 'itu', 'tampilan', 'menu', 'yang', 'terstruktur', 'memudahkan', 'mahasiswa', 'dalam', 'mencari', 'informasi', 'yang', 'dibutuhkan', 'namun', 'saya', 'juga', 'mengalami', 'pengalaman', 'kurang', 'baik', 'saat', 'menggunakan', 'portal', 'akademik', 'beberapa', 'kali', 'sistem', 'sulit', 'diakses', 'terutama', 'pada', 'masa', 'pengisian', 'krs', 'atau', 'saat', 'mendekati', 'batas', 'waktu', 'tertentu', 'hal', 'ini', 'kemungkinan', 'disebabkan', 'oleh', 'tingginya', 'jumlah', 'pengguna', 'yang', 'mengakses', 'secara', 'bersamaan', 'sehingga', 'server', 'menjadi', 'lambat', 'atau', 'mengalami', 'error', 'selain', 'itu', 'terkadang', 'terdapat', 'keterlambatan', 'pembaruan', 'data', 'seperti', 'nilai', 'yang', 'belum', 'langsung', 'muncul', 'atau', 'perubahan', 'jadwal', 'yang', 'tidak', 'segera', 'terupdate', 'sehingga', 'menimbulkan', 'kebingungan', 'bagi', 'mahasiswa']","['pengalaman', 'positif', 'portal', 'akademik', 'bermanfaat', 'mengakses', 'informasi', 'akademik', 'secara', 'terpusat', 'kartu', 'rencana', 'studi', 'krs', 'kartu', 'hasil', 'studi', 'khs', 'jadwal', 'perkuliahan', 'nilai', 'pengumuman', 'akademik', 'adanya', 'portal', 'mahasiswa', 'tidak', 'perlu', 'datang', 'langsung', 'bagian', 'akademik', 'mengurus', 'administrasi', 'dasar', 'sehingga', 'efisien', 'segi', 'waktu', 'tenaga', 'selain', 'tampilan', 'menu', 'terstruktur', 'memudahkan', 'mahasiswa', 'mencari', 'informasi', 'dibutuhkan', 'mengalami', 'pengalaman', 'kurang', 'baik', 'saat', 'menggunakan', 'portal', 'akademik', 'kali', 'sistem', 'sulit', 'diakses', 'terutama', 'masa', 'pengisian', 'krs', 'saat', 'mendekati', 'batas', 'waktu', 'tertentu', 'hal', 'kemungkinan', 'disebabkan', 'tingginya', 'jumlah', 'pengguna', 'mengakses', 'secara', 'bersamaan', 'sehingga', 'server', 'lambat', 'mengalami', 'error', 'selain', 'terkadang', 'terdapat', 'keterlambatan', 'pembaruan', 'data', 'nilai', 'belum', 'langsung', 'muncul', 'perubahan', 'jadwal', 'tidak', 'segera', 'terupdate', 'sehingga', 'menimbulkan', 'kebingungan', 'mahasiswa']","['pengalaman', 'positif', 'portal', 'akademik', 'bermanfaat', 'mengakses', 'informasi', 'akademik', 'secara', 'terpusat', 'kartu', 'rencana', 'studi', 'krs', 'kartu', 'hasil', 'studi', 'khs', 'jadwal', 'perkuliahan', 'nilai', 'pengumuman', 'akademik', 'adanya', 'portal', 'mahasiswa', 'tidak', 'perlu', 'datang', 'langsung', 'bagian', 'akademik', 'mengurus', 'administrasi', 'dasar', 'sehingga', 'efisien', 'segi', 'waktu', 'tenaga', 'selain', 'tampilan', 'menu', 'terstruktur', 'memudahkan', 'mahasiswa', 'mencari', 'informasi', 'dibutuhkan', 'mengalami', 'pengalaman', 'kurang', 'baik', 'saat', 'menggunakan', 'portal', 'akademik', 'kali', 'sistem', 'sulit', 'diakses', 'terutama', 'masa', 'pengisian', 'krs', 'saat', 'mendekati', 'batas', 'waktu', 'tertentu', 'hal', 'kemungkinan', 'disebabkan', 'tingginya', 'jumlah', 'pengguna', 'mengakses', 'secara', 'bersamaan', 'sehingga', 'server', 'lambat', 'mengalami', 'error', 'selain', 'terkadang', 'terdapat', 'keterlambatan', 'pembaruan', 'data', 'nilai', 'belum', 'langsung', 'muncul', 'perubahan', 'jadwal', 'tidak', 'segera', 'terupdate', 'sehingga', 'menimbulkan', 'kebingungan', 'mahasiswa']",pengalaman positif portal akademik bermanfaat mengakses informasi akademik secara terpusat kartu rencana studi krs kartu hasil studi khs jadwal perkuliahan nilai pengumuman akademik adanya portal mahasiswa tidak perlu datang langsung bagian akademik mengurus administrasi dasar sehingga efisien segi waktu tenaga selain tampilan menu terstruktur memudahkan mahasiswa mencari informasi dibutuhkan mengalami pengalaman kurang baik saat menggunakan portal akademik kali sistem sulit diakses terutama masa pengisian krs saat mendekati batas waktu tertentu hal kemungkinan disebabkan tingginya jumlah pengguna mengakses secara bersamaan sehingga server lambat mengalami error selain terkadang terdapat keterlambatan pembaruan data nilai belum langsung muncul perubahan jadwal tidak segera terupdate sehingga menimbulkan kebingungan mahasiswa
085-02,29/01/2026 14:07:22,MyClass UMSU,bagusss,85,2,,bagusss,['bagusss'],['bagusss'],['bagusss'],bagusss
085-03,29/01/2026 14:07:22,WiFi Kampus,tidak adaa,85,3,,tidak adaa,"['tidak', 'adaa']","['tidak', 'adaa']","['tidak', 'adaa']",tidak adaa
085-04,29/01/2026 14:07:22,Helpdesk/Technical Support,tidak ada,85,4,,tidak ada,"['tidak', 'ada']","['tidak', 'ada']","['tidak', 'ada']",tidak ada
085-05,29/01/2026 14:07:22,Saran Peningkatan,tidak ada,85,5,,tidak ada,"['tidak', 'ada']","['tidak', 'ada']","['tidak', 'ada']",tidak ada
086-01,29/01/2026 14:23:37,Portal Akademik (WEB),"Terkadang gampang di akses 
Kadang juga lemot dan sulit di akses",86,1,,terkadang gampang di akses kadang juga lemot dan sulit di akses,"['terkadang', 'gampang', 'di', 'akses', 'kadang', 'juga', 'lemot', 'dan', 'sulit', 'di', 'akses']","['terkadang', 'gampang', 'akses', 'kadang', 'lemot', 'sulit', 'akses']","['terkadang', 'gampang', 'akses', 'kadang', 'lemot', 'sulit', 'akses']",terkadang gampang akses kadang lemot sulit akses
086-02,29/01/2026 14:23:37,MyClass UMSU,Terlalu ribet,86,2,,terlalu ribet,"['terlalu', 'ribet']","['terlalu', 'ribet']","['terlalu', 'ribet']",terlalu ribet
086-03,29/01/2026 14:23:37,WiFi Kampus,Bolehla,86,3,,bolehla,['bolehla'],['bolehla'],['bolehla'],bolehla
086-05,29/01/2026 14:23:37,Saran Peningkatan,Upgrade bug,86,5,,upgrade bug,"['upgrade', 'bug']","['upgrade', 'bug']","['upgrade', 'bug']",upgrade bug
087-01,29/01/2026 15:54:52,Portal Akademik (WEB),server sering down aih,87,1,,server sering down aih,"['server', 'sering', 'down', 'aih']","['server', 'sering', 'down', 'aih']","['server', 'sering', 'down', 'aih']",server sering down aih
087-02,29/01/2026 15:54:52,MyClass UMSU,untuk ios masi sering lag,87,2,,untuk ios masi sering lag,"['untuk', 'ios', 'masi', 'sering', 'lag']","['ios', 'masi', 'sering', 'lag']","['ios', 'masi', 'sering', 'lag']",ios masi sering lag
087-03,29/01/2026 15:54:52,WiFi Kampus,wifi tersedia tapi jaringan gada,87,3,,wifi tersedia tapi jaringan gada,"['wifi', 'tersedia', 'tapi', 'jaringan', 'gada']","['wifi', 'tersedia', 'jaringan', 'gada']","['wifi', 'tersedia', 'jaringan', 'gada']",wifi tersedia jaringan gada
087-04,29/01/2026 15:54:52,Helpdesk/Technical Support,ga pernah,87,4,,ga pernah,"['ga', 'pernah']","['ga', 'pernah']","['ga', 'pernah']",ga pernah
087-05,29/01/2026 15:54:52,Saran Peningkatan,semoga di perhatikan kembali karna wifi sangat membangu dalam proses belajar,87,5,,semoga di perhatikan kembali karna wifi sangat membangu dalam proses belajar,"['semoga', 'di', 'perhatikan', 'kembali', 'karna', 'wifi', 'sangat', 'membangu', 'dalam', 'proses', 'belajar']","['semoga', 'perhatikan', 'kembali', 'karna', 'wifi', 'membangu', 'proses', 'belajar']","['semoga', 'perhatikan', 'kembali', 'karna', 'wifi', 'membangu', 'proses', 'belajar']",semoga perhatikan kembali karna wifi membangu proses belajar
088-01,30/01/2026 15:31:07,Portal Akademik (WEB),Server eror contohnya pada saat saya lagi memposting tugas. Kemudian jika masuk ke portal sering log out sendiri padahal baru login.,88,1,,server eror contohnya pada saat saya lagi memposting tugas kemudian jika masuk ke portal sering log out sendiri padahal baru login,"['server', 'eror', 'contohnya', 'pada', 'saat', 'saya', 'lagi', 'memposting', 'tugas', 'kemudian', 'jika', 'masuk', 'ke', 'portal', 'sering', 'log', 'out', 'sendiri', 'padahal', 'baru', 'login']","['server', 'eror', 'contohnya', 'saat', 'memposting', 'tugas', 'kemudian', 'masuk', 'portal', 'sering', 'log', 'out', 'sendiri', 'padahal', 'baru', 'login']","['server', 'eror', 'contohnya', 'saat', 'memposting', 'tugas', 'kemudian', 'masuk', 'portal', 'sering', 'log', 'out', 'sendiri', 'padahal', 'baru', 'login']",server eror contohnya saat memposting tugas kemudian masuk portal sering log out sendiri padahal baru login
088-02,30/01/2026 15:31:07,MyClass UMSU,"Susah untuk masuk ke grup mata kuliah, untuk masukim passwordnya sering salah padahal sudah diketik dengan benar",88,2,,susah untuk masuk ke grup mata kuliah untuk masukim passwordnya sering salah padahal sudah diketik dengan benar,"['susah', 'untuk', 'masuk', 'ke', 'grup', 'mata', 'kuliah', 'untuk', 'masukim', 'passwordnya', 'sering', 'salah', 'padahal', 'sudah', 'diketik', 'dengan', 'benar']","['susah', 'masuk', 'grup', 'mata', 'kuliah', 'masukim', 'passwordnya', 'sering', 'salah', 'padahal', 'diketik', 'benar']","['susah', 'masuk', 'grup', 'mata', 'kuliah', 'masukim', 'passwordnya', 'sering', 'salah', 'padahal', 'diketik', 'benar']",susah masuk grup mata kuliah masukim passwordnya sering salah padahal diketik benar
088-03,30/01/2026 15:31:07,WiFi Kampus,Sering full wifinya,88,3,,sering full wifinya,"['sering', 'full', 'wifinya']","['sering', 'full', 'wifinya']","['sering', 'full', 'wifinya']",sering full wifinya
088-04,30/01/2026 15:31:07,Helpdesk/Technical Support,Lama dilayanin,88,4,,lama dilayanin,"['lama', 'dilayanin']","['lama', 'dilayanin']","['lama', 'dilayanin']",lama dilayanin
088-05,30/01/2026 15:31:07,Saran Peningkatan,"Hendak lebih up to date lagi, grafiknya juga",88,5,,hendak lebih up to date lagi grafiknya juga,"['hendak', 'lebih', 'up', 'to', 'date', 'lagi', 'grafiknya', 'juga']","['hendak', 'up', 'to', 'date', 'grafiknya']","['hendak', 'up', 'to', 'date', 'grafiknya']",hendak up to date grafiknya
089-01,30/01/2026 16:00:16,Portal Akademik (WEB),Saya jika login melalui web itu sering login tetapi loginnya sering kembali ke branda yang lainnya baik,89,1,,saya jika login melalui web itu sering login tetapi loginnya sering kembali ke branda yang lainnya baik,"['saya', 'jika', 'login', 'melalui', 'web', 'itu', 'sering', 'login', 'tetapi', 'loginnya', 'sering', 'kembali', 'ke', 'branda', 'yang', 'lainnya', 'baik']","['login', 'melalui', 'web', 'sering', 'login', 'loginnya', 'sering', 'kembali', 'branda', 'lainnya', 'baik']","['login', 'melalui', 'web', 'sering', 'login', 'loginnya', 'sering', 'kembali', 'branda', 'lainnya', 'baik']",login melalui web sering login loginnya sering kembali branda lainnya baik
089-02,30/01/2026 16:00:16,MyClass UMSU,Baik sih,89,2,,baik sih,"['baik', 'sih']","['baik', 'sih']","['baik', 'sih']",baik sih
089-03,30/01/2026 16:00:16,WiFi Kampus,Wifi dulu sering down,89,3,,wifi dulu sering down,"['wifi', 'dulu', 'sering', 'down']","['wifi', 'dulu', 'sering', 'down']","['wifi', 'dulu', 'sering', 'down']",wifi dulu sering down
089-04,30/01/2026 16:00:16,Helpdesk/Technical Support,"Waktu itu saya lupa pasword ,saya hubungin pihak bersangkutan ,dan beres",89,4,,waktu itu saya lupa pasword saya hubungin pihak bersangkutan dan beres,"['waktu', 'itu', 'saya', 'lupa', 'pasword', 'saya', 'hubungin', 'pihak', 'bersangkutan', 'dan', 'beres']","['waktu', 'lupa', 'pasword', 'hubungin', 'pihak', 'bersangkutan', 'beres']","['waktu', 'lupa', 'pasword', 'hubungin', 'pihak', 'bersangkutan', 'beres']",waktu lupa pasword hubungin pihak bersangkutan beres
089-05,30/01/2026 16:00:16,Saran Peningkatan,Saya lihat di internet daftar nama mahasiswa umsu bisa di hack,89,5,,saya lihat di internet daftar nama mahasiswa umsu bisa di hack,"['saya', 'lihat', 'di', 'internet', 'daftar', 'nama', 'mahasiswa', 'umsu', 'bisa', 'di', 'hack']","['lihat', 'internet', 'daftar', 'nama', 'mahasiswa', 'umsu', 'hack']","['lihat', 'internet', 'daftar', 'nama', 'mahasiswa', 'umsu', 'hack']",lihat internet daftar nama mahasiswa umsu hack
090-01,30/01/2026 21:56:58,Portal Akademik (WEB),"Sangat membantu saya, terimakasi",90,1,,sangat membantu saya terimakasi,"['sangat', 'membantu', 'saya', 'terimakasi']","['membantu', 'terimakasi']","['membantu', 'terimakasi']",membantu terimakasi
090-02,30/01/2026 21:56:58,MyClass UMSU,Memudahkn saya utk akses ulang materi,90,2,,memudahkn saya utk akses ulang materi,"['memudahkn', 'saya', 'utk', 'akses', 'ulang', 'materi']","['memudahkn', 'utk', 'akses', 'ulang', 'materi']","['memudahkn', 'utk', 'akses', 'ulang', 'materi']",memudahkn utk akses ulang materi
090-03,30/01/2026 21:56:58,WiFi Kampus,"Ga selalu bagus jaringan, apalagi kalo udh di lantai 4",90,3,,ga selalu bagus jaringan apalagi kalo udh di lantai,"['ga', 'selalu', 'bagus', 'jaringan', 'apalagi', 'kalo', 'udh', 'di', 'lantai']","['ga', 'selalu', 'bagus', 'jaringan', 'apalagi', 'kalo', 'udh', 'lantai']","['ga', 'selalu', 'bagus', 'jaringan', 'apalagi', 'kalo', 'udh', 'lantai']",ga selalu bagus jaringan apalagi kalo udh lantai
090-04,30/01/2026 21:56:58,Helpdesk/Technical Support,Saya jarang terkendala,90,4,,saya jarang terkendala,"['saya', 'jarang', 'terkendala']","['jarang', 'terkendala']","['jarang', 'terkendala']",jarang terkendala
090-05,30/01/2026 21:56:58,Saran Peningkatan,Sudah cukup baik,90,5,,sudah cukup baik,"['sudah', 'cukup', 'baik']","['cukup', 'baik']","['cukup', 'baik']",cukup baik
091-01,30/01/2026 22:20:41,Portal Akademik (WEB),Mantap sekali dan lebih ditingkatkan lagi,91,1,,mantap sekali dan lebih ditingkatkan lagi,"['mantap', 'sekali', 'dan', 'lebih', 'ditingkatkan', 'lagi']","['mantap', 'sekali', 'ditingkatkan']","['mantap', 'sekali', 'ditingkatkan']",mantap sekali ditingkatkan
091-02,30/01/2026 22:20:41,MyClass UMSU,Lebih ditingkatkan lagi si servernya,91,2,,lebih ditingkatkan lagi si servernya,"['lebih', 'ditingkatkan', 'lagi', 'si', 'servernya']","['ditingkatkan', 'si', 'servernya']","['ditingkatkan', 'si', 'servernya']",ditingkatkan si servernya
091-03,30/01/2026 22:20:41,WiFi Kampus,Lebih diperbanyak lagi wifinya,91,3,,lebih diperbanyak lagi wifinya,"['lebih', 'diperbanyak', 'lagi', 'wifinya']","['diperbanyak', 'wifinya']","['diperbanyak', 'wifinya']",diperbanyak wifinya
091-04,30/01/2026 22:20:41,Helpdesk/Technical Support,Mantap sekali,91,4,,mantap sekali,"['mantap', 'sekali']","['mantap', 'sekali']","['mantap', 'sekali']",mantap sekali
091-05,30/01/2026 22:20:41,Saran Peningkatan,Ya lebih ditingkat kan pelayanannya,91,5,,ya lebih ditingkat kan pelayanannya,"['ya', 'lebih', 'ditingkat', 'kan', 'pelayanannya']","['ya', 'ditingkat', 'kan', 'pelayanannya']","['ya', 'ditingkat', 'kan', 'pelayanannya']",ya ditingkat kan pelayanannya
092-01,30/01/2026 22:25:10,Portal Akademik (WEB),"Pengalaman saya menggunakan Portal Akademik (WEB) cukup baik, karena tampilannya sederhana dan fitur-fiturnya membantu, seperti pengecekan KRS, KHS, dan jadwal kuliah yang bisa diakses kapan saja. Namun, pengalaman kurang menyenangkan juga pernah saya alami saat portal sulit diakses atau lambat dibuka pada waktu-waktu tertentu, terutama ketika banyak mahasiswa mengakses secara bersamaan saat pengisian KRS, sehingga menghambat proses akademik.",92,1,,pengalaman saya menggunakan portal akademik web cukup baik karena tampilannya sederhana dan fitur fiturnya membantu seperti pengecekan krs khs dan jadwal kuliah yang bisa diakses kapan saja namun pengalaman kurang menyenangkan juga pernah saya alami saat portal sulit diakses atau lambat dibuka pada waktu waktu tertentu terutama ketika banyak mahasiswa mengakses secara bersamaan saat pengisian krs sehingga menghambat proses akademik,"['pengalaman', 'saya', 'menggunakan', 'portal', 'akademik', 'web', 'cukup', 'baik', 'karena', 'tampilannya', 'sederhana', 'dan', 'fitur', 'fiturnya', 'membantu', 'seperti', 'pengecekan', 'krs', 'khs', 'dan', 'jadwal', 'kuliah', 'yang', 'bisa', 'diakses', 'kapan', 'saja', 'namun', 'pengalaman', 'kurang', 'menyenangkan', 'juga', 'pernah', 'saya', 'alami', 'saat', 'portal', 'sulit', 'diakses', 'atau', 'lambat', 'dibuka', 'pada', 'waktu', 'waktu', 'tertentu', 'terutama', 'ketika', 'banyak', 'mahasiswa', 'mengakses', 'secara', 'bersamaan', 'saat', 'pengisian', 'krs', 'sehingga', 'menghambat', 'proses', 'akademik']","['pengalaman', 'menggunakan', 'portal', 'akademik', 'web', 'cukup', 'baik', 'tampilannya', 'sederhana', 'fitur', 'fiturnya', 'membantu', 'pengecekan', 'krs', 'khs', 'jadwal', 'kuliah', 'diakses', 'kapan', 'pengalaman', 'kurang', 'menyenangkan', 'pernah', 'alami', 'saat', 'portal', 'sulit', 'diakses', 'lambat', 'dibuka', 'waktu', 'waktu', 'tertentu', 'terutama', 'ketika', 'mahasiswa', 'mengakses', 'secara', 'bersamaan', 'saat', 'pengisian', 'krs', 'sehingga', 'menghambat', 'proses', 'akademik']","['pengalaman', 'menggunakan', 'portal', 'akademik', 'web', 'cukup', 'baik', 'tampilannya', 'sederhana', 'fitur', 'fiturnya', 'membantu', 'pengecekan', 'krs', 'khs', 'jadwal', 'kuliah', 'diakses', 'kapan', 'pengalaman', 'kurang', 'menyenangkan', 'pernah', 'alami', 'saat', 'portal', 'sulit', 'diakses', 'lambat', 'dibuka', 'waktu', 'waktu', 'tertentu', 'terutama', 'ketika', 'mahasiswa', 'mengakses', 'secara', 'bersamaan', 'saat', 'pengisian', 'krs', 'sehingga', 'menghambat', 'proses', 'akademik']",pengalaman menggunakan portal akademik web cukup baik tampilannya sederhana fitur fiturnya membantu pengecekan krs khs jadwal kuliah diakses kapan pengalaman kurang menyenangkan pernah alami saat portal sulit diakses lambat dibuka waktu waktu tertentu terutama ketika mahasiswa mengakses secara bersamaan saat pengisian krs sehingga menghambat proses akademik
092-02,30/01/2026 22:25:10,MyClass UMSU,"Pengalaman saya menggunakan Portal Akademik (WEB) cukup baik, karena tampilannya sederhana dan fitur-fiturnya membantu, seperti pengecekan KRS, KHS, dan jadwal kuliah yang bisa diakses kapan saja. Namun, pengalaman kurang menyenangkan juga pernah saya alami saat portal sulit diakses atau lambat dibuka pada waktu-waktu tertentu, terutama ketika banyak mahasiswa mengakses secara bersamaan saat pengisian KRS, sehingga menghambat proses akademik.",92,2,,pengalaman saya menggunakan portal akademik web cukup baik karena tampilannya sederhana dan fitur fiturnya membantu seperti pengecekan krs khs dan jadwal kuliah yang bisa diakses kapan saja namun pengalaman kurang menyenangkan juga pernah saya alami saat portal sulit diakses atau lambat dibuka pada waktu waktu tertentu terutama ketika banyak mahasiswa mengakses secara bersamaan saat pengisian krs sehingga menghambat proses akademik,"['pengalaman', 'saya', 'menggunakan', 'portal', 'akademik', 'web', 'cukup', 'baik', 'karena', 'tampilannya', 'sederhana', 'dan', 'fitur', 'fiturnya', 'membantu', 'seperti', 'pengecekan', 'krs', 'khs', 'dan', 'jadwal', 'kuliah', 'yang', 'bisa', 'diakses', 'kapan', 'saja', 'namun', 'pengalaman', 'kurang', 'menyenangkan', 'juga', 'pernah', 'saya', 'alami', 'saat', 'portal', 'sulit', 'diakses', 'atau', 'lambat', 'dibuka', 'pada', 'waktu', 'waktu', 'tertentu', 'terutama', 'ketika', 'banyak', 'mahasiswa', 'mengakses', 'secara', 'bersamaan', 'saat', 'pengisian', 'krs', 'sehingga', 'menghambat', 'proses', 'akademik']","['pengalaman', 'menggunakan', 'portal', 'akademik', 'web', 'cukup', 'baik', 'tampilannya', 'sederhana', 'fitur', 'fiturnya', 'membantu', 'pengecekan', 'krs', 'khs', 'jadwal', 'kuliah', 'diakses', 'kapan', 'pengalaman', 'kurang', 'menyenangkan', 'pernah', 'alami', 'saat', 'portal', 'sulit', 'diakses', 'lambat', 'dibuka', 'waktu', 'waktu', 'tertentu', 'terutama', 'ketika', 'mahasiswa', 'mengakses', 'secara', 'bersamaan', 'saat', 'pengisian', 'krs', 'sehingga', 'menghambat', 'proses', 'akademik']","['pengalaman', 'menggunakan', 'portal', 'akademik', 'web', 'cukup', 'baik', 'tampilannya', 'sederhana', 'fitur', 'fiturnya', 'membantu', 'pengecekan', 'krs', 'khs', 'jadwal', 'kuliah', 'diakses', 'kapan', 'pengalaman', 'kurang', 'menyenangkan', 'pernah', 'alami', 'saat', 'portal', 'sulit', 'diakses', 'lambat', 'dibuka', 'waktu', 'waktu', 'tertentu', 'terutama', 'ketika', 'mahasiswa', 'mengakses', 'secara', 'bersamaan', 'saat', 'pengisian', 'krs', 'sehingga', 'menghambat', 'proses', 'akademik']",pengalaman menggunakan portal akademik web cukup baik tampilannya sederhana fitur fiturnya membantu pengecekan krs khs jadwal kuliah diakses kapan pengalaman kurang menyenangkan pernah alami saat portal sulit diakses lambat dibuka waktu waktu tertentu terutama ketika mahasiswa mengakses secara bersamaan saat pengisian krs sehingga menghambat proses akademik
092-03,30/01/2026 22:25:10,WiFi Kampus,"Pengalaman saya menggunakan Portal Akademik (WEB) cukup baik, karena tampilannya sederhana dan fitur-fiturnya membantu, seperti pengecekan KRS, KHS, dan jadwal kuliah yang bisa diakses kapan saja. Namun, pengalaman kurang menyenangkan juga pernah saya alami saat portal sulit diakses atau lambat dibuka pada waktu-waktu tertentu, terutama ketika banyak mahasiswa mengakses secara bersamaan saat pengisian KRS, sehingga menghambat proses akademik.",92,3,,pengalaman saya menggunakan portal akademik web cukup baik karena tampilannya sederhana dan fitur fiturnya membantu seperti pengecekan krs khs dan jadwal kuliah yang bisa diakses kapan saja namun pengalaman kurang menyenangkan juga pernah saya alami saat portal sulit diakses atau lambat dibuka pada waktu waktu tertentu terutama ketika banyak mahasiswa mengakses secara bersamaan saat pengisian krs sehingga menghambat proses akademik,"['pengalaman', 'saya', 'menggunakan', 'portal', 'akademik', 'web', 'cukup', 'baik', 'karena', 'tampilannya', 'sederhana', 'dan', 'fitur', 'fiturnya', 'membantu', 'seperti', 'pengecekan', 'krs', 'khs', 'dan', 'jadwal', 'kuliah', 'yang', 'bisa', 'diakses', 'kapan', 'saja', 'namun', 'pengalaman', 'kurang', 'menyenangkan', 'juga', 'pernah', 'saya', 'alami', 'saat', 'portal', 'sulit', 'diakses', 'atau', 'lambat', 'dibuka', 'pada', 'waktu', 'waktu', 'tertentu', 'terutama', 'ketika', 'banyak', 'mahasiswa', 'mengakses', 'secara', 'bersamaan', 'saat', 'pengisian', 'krs', 'sehingga', 'menghambat', 'proses', 'akademik']","['pengalaman', 'menggunakan', 'portal', 'akademik', 'web', 'cukup', 'baik', 'tampilannya', 'sederhana', 'fitur', 'fiturnya', 'membantu', 'pengecekan', 'krs', 'khs', 'jadwal', 'kuliah', 'diakses', 'kapan', 'pengalaman', 'kurang', 'menyenangkan', 'pernah', 'alami', 'saat', 'portal', 'sulit', 'diakses', 'lambat', 'dibuka', 'waktu', 'waktu', 'tertentu', 'terutama', 'ketika', 'mahasiswa', 'mengakses', 'secara', 'bersamaan', 'saat', 'pengisian', 'krs', 'sehingga', 'menghambat', 'proses', 'akademik']","['pengalaman', 'menggunakan', 'portal', 'akademik', 'web', 'cukup', 'baik', 'tampilannya', 'sederhana', 'fitur', 'fiturnya', 'membantu', 'pengecekan', 'krs', 'khs', 'jadwal', 'kuliah', 'diakses', 'kapan', 'pengalaman', 'kurang', 'menyenangkan', 'pernah', 'alami', 'saat', 'portal', 'sulit', 'diakses', 'lambat', 'dibuka', 'waktu', 'waktu', 'tertentu', 'terutama', 'ketika', 'mahasiswa', 'mengakses', 'secara', 'bersamaan', 'saat', 'pengisian', 'krs', 'sehingga', 'menghambat', 'proses', 'akademik']",pengalaman menggunakan portal akademik web cukup baik tampilannya sederhana fitur fiturnya membantu pengecekan krs khs jadwal kuliah diakses kapan pengalaman kurang menyenangkan pernah alami saat portal sulit diakses lambat dibuka waktu waktu tertentu terutama ketika mahasiswa mengakses secara bersamaan saat pengisian krs sehingga menghambat proses akademik
092-04,30/01/2026 22:25:10,Helpdesk/Technical Support,"Pengalaman saya menggunakan helpdesk/technical support IT UMSU cukup baik, karena petugasnya responsif dan membantu saat saya mengalami kendala akses portal akademik. Namun, terkadang proses penanganannya memerlukan waktu lebih lama, misalnya ketika laporan harus menunggu tindak lanjut, sehingga masalah tidak langsung terselesaikan.",92,4,,pengalaman saya menggunakan helpdesk technical support it umsu cukup baik karena petugasnya responsif dan membantu saat saya mengalami kendala akses portal akademik namun terkadang proses penanganannya memerlukan waktu lebih lama misalnya ketika laporan harus menunggu tindak lanjut sehingga masalah tidak langsung terselesaikan,"['pengalaman', 'saya', 'menggunakan', 'helpdesk', 'technical', 'support', 'it', 'umsu', 'cukup', 'baik', 'karena', 'petugasnya', 'responsif', 'dan', 'membantu', 'saat', 'saya', 'mengalami', 'kendala', 'akses', 'portal', 'akademik', 'namun', 'terkadang', 'proses', 'penanganannya', 'memerlukan', 'waktu', 'lebih', 'lama', 'misalnya', 'ketika', 'laporan', 'harus', 'menunggu', 'tindak', 'lanjut', 'sehingga', 'masalah', 'tidak', 'langsung', 'terselesaikan']","['pengalaman', 'menggunakan', 'helpdesk', 'technical', 'support', 'it', 'umsu', 'cukup', 'baik', 'petugasnya', 'responsif', 'membantu', 'saat', 'mengalami', 'kendala', 'akses', 'portal', 'akademik', 'terkadang', 'proses', 'penanganannya', 'memerlukan', 'waktu', 'lama', 'misalnya', 'ketika', 'laporan', 'menunggu', 'tindak', 'lanjut', 'sehingga', 'masalah', 'tidak', 'langsung', 'terselesaikan']","['pengalaman', 'menggunakan', 'helpdesk', 'technical', 'support', 'it', 'umsu', 'cukup', 'baik', 'petugasnya', 'responsif', 'membantu', 'saat', 'mengalami', 'kendala', 'akses', 'portal', 'akademik', 'terkadang', 'proses', 'penanganannya', 'memerlukan', 'waktu', 'lama', 'misalnya', 'ketika', 'laporan', 'menunggu', 'tindak', 'lanjut', 'sehingga', 'masalah', 'tidak', 'langsung', 'terselesaikan']",pengalaman menggunakan helpdesk technical support it umsu cukup baik petugasnya responsif membantu saat mengalami kendala akses portal akademik terkadang proses penanganannya memerlukan waktu lama misalnya ketika laporan menunggu tindak lanjut sehingga masalah tidak langsung terselesaikan
092-05,30/01/2026 22:25:10,Saran Peningkatan,"Saran saya untuk peningkatan layanan SI & TI UMSU adalah meningkatkan stabilitas dan kapasitas server, terutama pada jam sibuk seperti pengisian KRS, agar sistem tidak lambat atau sulit diakses. Selain itu, respon helpdesk dapat dipercepat dengan sistem tiket yang lebih terstruktur dan notifikasi status penanganan, sehingga pengguna mengetahui progres penyelesaian masalah.",92,5,,saran saya untuk peningkatan layanan si ti umsu adalah meningkatkan stabilitas dan kapasitas server terutama pada jam sibuk seperti pengisian krs agar sistem tidak lambat atau sulit diakses selain itu respon helpdesk dapat dipercepat dengan sistem tiket yang lebih terstruktur dan notifikasi status penanganan sehingga pengguna mengetahui progres penyelesaian masalah,"['saran', 'saya', 'untuk', 'peningkatan', 'layanan', 'si', 'ti', 'umsu', 'adalah', 'meningkatkan', 'stabilitas', 'dan', 'kapasitas', 'server', 'terutama', 'pada', 'jam', 'sibuk', 'seperti', 'pengisian', 'krs', 'agar', 'sistem', 'tidak', 'lambat', 'atau', 'sulit', 'diakses', 'selain', 'itu', 'respon', 'helpdesk', 'dapat', 'dipercepat', 'dengan', 'sistem', 'tiket', 'yang', 'lebih', 'terstruktur', 'dan', 'notifikasi', 'status', 'penanganan', 'sehingga', 'pengguna', 'mengetahui', 'progres', 'penyelesaian', 'masalah']","['saran', 'peningkatan', 'layanan', 'si', 'ti', 'umsu', 'meningkatkan', 'stabilitas', 'kapasitas', 'server', 'terutama', 'jam', 'sibuk', 'pengisian', 'krs', 'sistem', 'tidak', 'lambat', 'sulit', 'diakses', 'selain', 'respon', 'helpdesk', 'dipercepat', 'sistem', 'tiket', 'terstruktur', 'notifikasi', 'status', 'penanganan', 'sehingga', 'pengguna', 'mengetahui', 'progres', 'penyelesaian', 'masalah']","['saran', 'peningkatan', 'layanan', 'si', 'ti', 'umsu', 'meningkatkan', 'stabilitas', 'kapasitas', 'server', 'terutama', 'jam', 'sibuk', 'pengisian', 'krs', 'sistem', 'tidak', 'lambat', 'sulit', 'diakses', 'selain', 'respon', 'helpdesk', 'dipercepat', 'sistem', 'tiket', 'terstruktur', 'notifikasi', 'status', 'penanganan', 'sehingga', 'pengguna', 'mengetahui', 'progres', 'penyelesaian', 'masalah']",saran peningkatan layanan si ti umsu meningkatkan stabilitas kapasitas server terutama jam sibuk pengisian krs sistem tidak lambat sulit diakses selain respon helpdesk dipercepat sistem tiket terstruktur notifikasi status penanganan sehingga pengguna mengetahui progres penyelesaian masalah
093-01,30/01/2026 22:35:50,Portal Akademik (WEB),Lama loadingnya,93,1,,lama loadingnya,"['lama', 'loadingnya']","['lama', 'loadingnya']","['lama', 'loadingnya']",lama loadingnya
093-02,30/01/2026 22:35:50,MyClass UMSU,Lama loadingnya,93,2,,lama loadingnya,"['lama', 'loadingnya']","['lama', 'loadingnya']","['lama', 'loadingnya']",lama loadingnya
093-03,30/01/2026 22:35:50,WiFi Kampus,ga tau sandinya,93,3,,ga tau sandinya,"['ga', 'tau', 'sandinya']","['ga', 'tau', 'sandinya']","['ga', 'tau', 'sandinya']",ga tau sandinya
093-04,30/01/2026 22:35:50,Helpdesk/Technical Support,Ga pernah menggunakannya,93,4,,ga pernah menggunakannya,"['ga', 'pernah', 'menggunakannya']","['ga', 'pernah', 'menggunakannya']","['ga', 'pernah', 'menggunakannya']",ga pernah menggunakannya
093-05,30/01/2026 22:35:50,Saran Peningkatan,belum ngerti,93,5,,belum ngerti,"['belum', 'ngerti']","['belum', 'ngerti']","['belum', 'ngerti']",belum ngerti
094-01,31/01/2026 15:42:59,Portal Akademik (WEB),Pada saat ke kelas yg ada di web E learning ada beberapa error dan sulit dipahami untuk saat pengumpulan tugas nya,94,1,,pada saat ke kelas yg ada di web e learning ada beberapa error dan sulit dipahami untuk saat pengumpulan tugas nya,"['pada', 'saat', 'ke', 'kelas', 'yg', 'ada', 'di', 'web', 'learning', 'ada', 'beberapa', 'error', 'dan', 'sulit', 'dipahami', 'untuk', 'saat', 'pengumpulan', 'tugas', 'nya']","['saat', 'kelas', 'yg', 'ada', 'web', 'learning', 'ada', 'error', 'sulit', 'dipahami', 'saat', 'pengumpulan', 'tugas']","['saat', 'kelas', 'yg', 'ada', 'web', 'learning', 'ada', 'error', 'sulit', 'dipahami', 'saat', 'pengumpulan', 'tugas']",saat kelas yg ada web learning ada error sulit dipahami saat pengumpulan tugas
094-02,31/01/2026 15:42:59,MyClass UMSU,Kadang sulit dipahami saat ingin meng upload tugas,94,2,,kadang sulit dipahami saat ingin meng upload tugas,"['kadang', 'sulit', 'dipahami', 'saat', 'ingin', 'meng', 'upload', 'tugas']","['kadang', 'sulit', 'dipahami', 'saat', 'ingin', 'meng', 'upload', 'tugas']","['kadang', 'sulit', 'dipahami', 'saat', 'ingin', 'meng', 'upload', 'tugas']",kadang sulit dipahami saat ingin meng upload tugas
094-03,31/01/2026 15:42:59,WiFi Kampus,"Kadang saat saya masuk ke wifi, jaringan nya malah lelet dan kadang bahkan tidak memiliki internet.... Apakah wifi nya belum dibayar?",94,3,,kadang saat saya masuk ke wifi jaringan nya malah lelet dan kadang bahkan tidak memiliki internet apakah wifi nya belum dibayar,"['kadang', 'saat', 'saya', 'masuk', 'ke', 'wifi', 'jaringan', 'nya', 'malah', 'lelet', 'dan', 'kadang', 'bahkan', 'tidak', 'memiliki', 'internet', 'apakah', 'wifi', 'nya', 'belum', 'dibayar']","['kadang', 'saat', 'masuk', 'wifi', 'jaringan', 'malah', 'lelet', 'kadang', 'bahkan', 'tidak', 'memiliki', 'internet', 'apakah', 'wifi', 'belum', 'dibayar']","['kadang', 'saat', 'masuk', 'wifi', 'jaringan', 'malah', 'lelet', 'kadang', 'bahkan', 'tidak', 'memiliki', 'internet', 'apakah', 'wifi', 'belum', 'dibayar']",kadang saat masuk wifi jaringan malah lelet kadang bahkan tidak memiliki internet apakah wifi belum dibayar
094-04,31/01/2026 15:42:59,Helpdesk/Technical Support,Belum pernah memakai help desk,94,4,,belum pernah memakai help desk,"['belum', 'pernah', 'memakai', 'help', 'desk']","['belum', 'pernah', 'memakai', 'help', 'desk']","['belum', 'pernah', 'memakai', 'help', 'desk']",belum pernah memakai help desk
094-05,31/01/2026 15:42:59,Saran Peningkatan,Semoga lebih bagus lagi,94,5,,semoga lebih bagus lagi,"['semoga', 'lebih', 'bagus', 'lagi']","['semoga', 'bagus']","['semoga', 'bagus']",semoga bagus
095-01,02/02/2026 20:38:28,Portal Akademik (WEB),"Saya pernah login ke portal tpi tiba2 server down, trs kadang tiba2 log out sendiri jg pas saya lgi isi krs, nah kadang jg pas udh buka portal ni loading nya lamaa padahal jaringan saya bagus",95,1,,saya pernah login ke portal tpi tiba server down trs kadang tiba log out sendiri jg pas saya lgi isi krs nah kadang jg pas udh buka portal ni loading nya lamaa padahal jaringan saya bagus,"['saya', 'pernah', 'login', 'ke', 'portal', 'tpi', 'tiba', 'server', 'down', 'trs', 'kadang', 'tiba', 'log', 'out', 'sendiri', 'jg', 'pas', 'saya', 'lgi', 'isi', 'krs', 'nah', 'kadang', 'jg', 'pas', 'udh', 'buka', 'portal', 'ni', 'loading', 'nya', 'lamaa', 'padahal', 'jaringan', 'saya', 'bagus']","['pernah', 'login', 'portal', 'tpi', 'tiba', 'server', 'down', 'trs', 'kadang', 'tiba', 'log', 'out', 'sendiri', 'jg', 'pas', 'lgi', 'isi', 'krs', 'nah', 'kadang', 'jg', 'pas', 'udh', 'buka', 'portal', 'ni', 'loading', 'lamaa', 'padahal', 'jaringan', 'bagus']","['pernah', 'login', 'portal', 'tpi', 'tiba', 'server', 'down', 'trs', 'kadang', 'tiba', 'log', 'out', 'sendiri', 'jg', 'pas', 'lgi', 'isi', 'krs', 'nah', 'kadang', 'jg', 'pas', 'udh', 'buka', 'portal', 'ni', 'loading', 'lamaa', 'padahal', 'jaringan', 'bagus']",pernah login portal tpi tiba server down trs kadang tiba log out sendiri jg pas lgi isi krs nah kadang jg pas udh buka portal ni loading lamaa padahal jaringan bagus
095-02,02/02/2026 20:38:28,MyClass UMSU,"Menurut saya myclass ini sangat memudahkan saya untuk mengakses tugas2, modul perkuliahan. Karna lebih simple yaa trs jg ga tiba2 logout pas lgi ngumpulin tugas yg mepet deadline",95,2,,menurut saya myclass ini sangat memudahkan saya untuk mengakses tugas modul perkuliahan karna lebih simple yaa trs jg ga tiba logout pas lgi ngumpulin tugas yg mepet deadline,"['menurut', 'saya', 'myclass', 'ini', 'sangat', 'memudahkan', 'saya', 'untuk', 'mengakses', 'tugas', 'modul', 'perkuliahan', 'karna', 'lebih', 'simple', 'yaa', 'trs', 'jg', 'ga', 'tiba', 'logout', 'pas', 'lgi', 'ngumpulin', 'tugas', 'yg', 'mepet', 'deadline']","['menurut', 'myclass', 'memudahkan', 'mengakses', 'tugas', 'modul', 'perkuliahan', 'karna', 'simple', 'yaa', 'trs', 'jg', 'ga', 'tiba', 'logout', 'pas', 'lgi', 'ngumpulin', 'tugas', 'yg', 'mepet', 'deadline']","['menurut', 'myclass', 'memudahkan', 'mengakses', 'tugas', 'modul', 'perkuliahan', 'karna', 'simple', 'yaa', 'trs', 'jg', 'ga', 'tiba', 'logout', 'pas', 'lgi', 'ngumpulin', 'tugas', 'yg', 'mepet', 'deadline']",menurut myclass memudahkan mengakses tugas modul perkuliahan karna simple yaa trs jg ga tiba logout pas lgi ngumpulin tugas yg mepet deadline
095-03,02/02/2026 20:38:28,WiFi Kampus,mungkin karna efisiensi yaaa makanya sekarang jaringan di kelas agak ngelag beda sm dulu awal2 semester menurut saya sangat lancar,95,3,,mungkin karna efisiensi yaaa makanya sekarang jaringan di kelas agak ngelag beda sm dulu awal semester menurut saya sangat lancar,"['mungkin', 'karna', 'efisiensi', 'yaaa', 'makanya', 'sekarang', 'jaringan', 'di', 'kelas', 'agak', 'ngelag', 'beda', 'sm', 'dulu', 'awal', 'semester', 'menurut', 'saya', 'sangat', 'lancar']","['mungkin', 'karna', 'efisiensi', 'yaaa', 'makanya', 'sekarang', 'jaringan', 'kelas', 'agak', 'ngelag', 'beda', 'sm', 'dulu', 'awal', 'semester', 'menurut', 'lancar']","['mungkin', 'karna', 'efisiensi', 'yaaa', 'makanya', 'sekarang', 'jaringan', 'kelas', 'agak', 'ngelag', 'beda', 'sm', 'dulu', 'awal', 'semester', 'menurut', 'lancar']",mungkin karna efisiensi yaaa makanya sekarang jaringan kelas agak ngelag beda sm dulu awal semester menurut lancar
095-04,02/02/2026 20:38:28,Helpdesk/Technical Support,"Awal-awal pindah dri e-learning ke myclass saya lupa untuk login trs saya chat lah di live chat agak lama memang dibales tpi sekalinya dibales lgsg dikasi solusi yg jelass. Gk lama kli si dibales tpi pas itu saya buru2 mau absen jdinya menurut saya lama, sekitar 15 menit lah",95,4,,awal awal pindah dri e learning ke myclass saya lupa untuk login trs saya chat lah di live chat agak lama memang dibales tpi sekalinya dibales lgsg dikasi solusi yg jelass gk lama kli si dibales tpi pas itu saya buru mau absen jdinya menurut saya lama sekitar menit lah,"['awal', 'awal', 'pindah', 'dri', 'learning', 'ke', 'myclass', 'saya', 'lupa', 'untuk', 'login', 'trs', 'saya', 'chat', 'lah', 'di', 'live', 'chat', 'agak', 'lama', 'memang', 'dibales', 'tpi', 'sekalinya', 'dibales', 'lgsg', 'dikasi', 'solusi', 'yg', 'jelass', 'gk', 'lama', 'kli', 'si', 'dibales', 'tpi', 'pas', 'itu', 'saya', 'buru', 'mau', 'absen', 'jdinya', 'menurut', 'saya', 'lama', 'sekitar', 'menit', 'lah']","['awal', 'awal', 'pindah', 'dri', 'learning', 'myclass', 'lupa', 'login', 'trs', 'chat', 'live', 'chat', 'agak', 'lama', 'memang', 'dibales', 'tpi', 'sekalinya', 'dibales', 'lgsg', 'dikasi', 'solusi', 'yg', 'jelass', 'gk', 'lama', 'kli', 'si', 'dibales', 'tpi', 'pas', 'buru', 'mau', 'absen', 'jdinya', 'menurut', 'lama', 'sekitar', 'menit']","['awal', 'awal', 'pindah', 'dri', 'learning', 'myclass', 'lupa', 'login', 'trs', 'chat', 'live', 'chat', 'agak', 'lama', 'memang', 'dibales', 'tpi', 'sekalinya', 'dibales', 'lgsg', 'dikasi', 'solusi', 'yg', 'jelass', 'gk', 'lama', 'kli', 'si', 'dibales', 'tpi', 'pas', 'buru', 'mau', 'absen', 'jdinya', 'menurut', 'lama', 'sekitar', 'menit']",awal awal pindah dri learning myclass lupa login trs chat live chat agak lama memang dibales tpi sekalinya dibales lgsg dikasi solusi yg jelass gk lama kli si dibales tpi pas buru mau absen jdinya menurut lama sekitar menit
095-05,02/02/2026 20:38:28,Saran Peningkatan,Perbaiki server error yg di portal,95,5,,perbaiki server error yg di portal,"['perbaiki', 'server', 'error', 'yg', 'di', 'portal']","['perbaiki', 'server', 'error', 'yg', 'portal']","['perbaiki', 'server', 'error', 'yg', 'portal']",perbaiki server error yg portal
096-01,02/02/2026 20:49:07,Portal Akademik (WEB),"beberapa kali ketika saya membuka portal terjadi error. misal, ketika saya masuk ke portal terus saya pilih menu khs, nah disitu busa tiba-tiba masuk ke menu home, padahal saya mau buka khs.",96,1,,beberapa kali ketika saya membuka portal terjadi error misal ketika saya masuk ke portal terus saya pilih menu khs nah disitu busa tiba tiba masuk ke menu home padahal saya mau buka khs,"['beberapa', 'kali', 'ketika', 'saya', 'membuka', 'portal', 'terjadi', 'error', 'misal', 'ketika', 'saya', 'masuk', 'ke', 'portal', 'terus', 'saya', 'pilih', 'menu', 'khs', 'nah', 'disitu', 'busa', 'tiba', 'tiba', 'masuk', 'ke', 'menu', 'home', 'padahal', 'saya', 'mau', 'buka', 'khs']","['kali', 'ketika', 'membuka', 'portal', 'terjadi', 'error', 'misal', 'ketika', 'masuk', 'portal', 'terus', 'pilih', 'menu', 'khs', 'nah', 'disitu', 'busa', 'tiba', 'tiba', 'masuk', 'menu', 'home', 'padahal', 'mau', 'buka', 'khs']","['kali', 'ketika', 'membuka', 'portal', 'terjadi', 'error', 'misal', 'ketika', 'masuk', 'portal', 'terus', 'pilih', 'menu', 'khs', 'nah', 'disitu', 'busa', 'tiba', 'tiba', 'masuk', 'menu', 'home', 'padahal', 'mau', 'buka', 'khs']",kali ketika membuka portal terjadi error misal ketika masuk portal terus pilih menu khs nah disitu busa tiba tiba masuk menu home padahal mau buka khs
096-02,02/02/2026 20:49:07,MyClass UMSU,saya tidak bisa membuka file materi yang ada di myclass,96,2,,saya tidak bisa membuka file materi yang ada di myclass,"['saya', 'tidak', 'bisa', 'membuka', 'file', 'materi', 'yang', 'ada', 'di', 'myclass']","['tidak', 'membuka', 'file', 'materi', 'ada', 'myclass']","['tidak', 'membuka', 'file', 'materi', 'ada', 'myclass']",tidak membuka file materi ada myclass
096-03,02/02/2026 20:49:07,WiFi Kampus,sejauh pengalaman saya ketika menggunakana wifi tidak ada kendala,96,3,,sejauh pengalaman saya ketika menggunakana wifi tidak ada kendala,"['sejauh', 'pengalaman', 'saya', 'ketika', 'menggunakana', 'wifi', 'tidak', 'ada', 'kendala']","['sejauh', 'pengalaman', 'ketika', 'menggunakana', 'wifi', 'tidak', 'ada', 'kendala']","['sejauh', 'pengalaman', 'ketika', 'menggunakana', 'wifi', 'tidak', 'ada', 'kendala']",sejauh pengalaman ketika menggunakana wifi tidak ada kendala
096-04,02/02/2026 20:49:07,Helpdesk/Technical Support,"saya ga pernah menggunakannya, jadi gatau. maaf yaa",96,4,,saya ga pernah menggunakannya jadi gatau maaf yaa,"['saya', 'ga', 'pernah', 'menggunakannya', 'jadi', 'gatau', 'maaf', 'yaa']","['ga', 'pernah', 'menggunakannya', 'jadi', 'gatau', 'maaf', 'yaa']","['ga', 'pernah', 'menggunakannya', 'jadi', 'gatau', 'maaf', 'yaa']",ga pernah menggunakannya jadi gatau maaf yaa
096-05,02/02/2026 20:49:07,Saran Peningkatan,"saya tidak pernah menggunakannya, jadi tidak tahu saran apa sebaiknya yang saya berikan",96,5,,saya tidak pernah menggunakannya jadi tidak tahu saran apa sebaiknya yang saya berikan,"['saya', 'tidak', 'pernah', 'menggunakannya', 'jadi', 'tidak', 'tahu', 'saran', 'apa', 'sebaiknya', 'yang', 'saya', 'berikan']","['tidak', 'pernah', 'menggunakannya', 'jadi', 'tidak', 'tahu', 'saran', 'apa', 'sebaiknya', 'berikan']","['tidak', 'pernah', 'menggunakannya', 'jadi', 'tidak', 'tahu', 'saran', 'apa', 'sebaiknya', 'berikan']",tidak pernah menggunakannya jadi tidak tahu saran apa sebaiknya berikan
097-01,02/02/2026 21:14:46,Portal Akademik (WEB),sering kembali untuk login ulang tanpa ada sebab,97,1,,sering kembali untuk login ulang tanpa ada sebab,"['sering', 'kembali', 'untuk', 'login', 'ulang', 'tanpa', 'ada', 'sebab']","['sering', 'kembali', 'login', 'ulang', 'tanpa', 'ada', 'sebab']","['sering', 'kembali', 'login', 'ulang', 'tanpa', 'ada', 'sebab']",sering kembali login ulang tanpa ada sebab
097-02,02/02/2026 21:14:46,MyClass UMSU,kadang susah untuk mencari mata kuliah yang belum di enrollment,97,2,,kadang susah untuk mencari mata kuliah yang belum di enrollment,"['kadang', 'susah', 'untuk', 'mencari', 'mata', 'kuliah', 'yang', 'belum', 'di', 'enrollment']","['kadang', 'susah', 'mencari', 'mata', 'kuliah', 'belum', 'enrollment']","['kadang', 'susah', 'mencari', 'mata', 'kuliah', 'belum', 'enrollment']",kadang susah mencari mata kuliah belum enrollment
097-03,02/02/2026 21:14:46,WiFi Kampus,wifi kadang lambat dan tidak bisa mengakses web,97,3,,wifi kadang lambat dan tidak bisa mengakses web,"['wifi', 'kadang', 'lambat', 'dan', 'tidak', 'bisa', 'mengakses', 'web']","['wifi', 'kadang', 'lambat', 'tidak', 'mengakses', 'web']","['wifi', 'kadang', 'lambat', 'tidak', 'mengakses', 'web']",wifi kadang lambat tidak mengakses web
097-04,02/02/2026 21:14:46,Helpdesk/Technical Support,saat lupa pasword portal umsu,97,4,,saat lupa pasword portal umsu,"['saat', 'lupa', 'pasword', 'portal', 'umsu']","['saat', 'lupa', 'pasword', 'portal', 'umsu']","['saat', 'lupa', 'pasword', 'portal', 'umsu']",saat lupa pasword portal umsu
097-05,02/02/2026 21:14:46,Saran Peningkatan,maksimalkan yang sudah ada,97,5,,maksimalkan yang sudah ada,"['maksimalkan', 'yang', 'sudah', 'ada']","['maksimalkan', 'ada']","['maksimalkan', 'ada']",maksimalkan ada
098-01,02/02/2026 21:18:40,Portal Akademik (WEB),baik,98,1,,baik,['baik'],['baik'],['baik'],baik
098-02,02/02/2026 21:18:40,MyClass UMSU,"baik, lebih mudah dipahami dan jelas",98,2,,baik lebih mudah dipahami dan jelas,"['baik', 'lebih', 'mudah', 'dipahami', 'dan', 'jelas']","['baik', 'mudah', 'dipahami', 'jelas']","['baik', 'mudah', 'dipahami', 'jelas']",baik mudah dipahami jelas
098-03,02/02/2026 21:18:40,WiFi Kampus,"baik, tapi kadang wifi nya buruk",98,3,,baik tapi kadang wifi nya buruk,"['baik', 'tapi', 'kadang', 'wifi', 'nya', 'buruk']","['baik', 'kadang', 'wifi', 'buruk']","['baik', 'kadang', 'wifi', 'buruk']",baik kadang wifi buruk
098-04,02/02/2026 21:18:40,Helpdesk/Technical Support,baik,98,4,,baik,['baik'],['baik'],['baik'],baik
099-01,03/02/2026 1:59:27,Portal Akademik (WEB),"Pengalaman saya menggunakan Portal Akademik (WEB) cukup membantu, terutama untuk melihat KRS, KHS, dan jadwal kuliah karena informasinya terpusat di satu sistem. Namun, pengalaman kurang baik pernah terjadi saat portal sulit diakses atau lambat ketika banyak mahasiswa login bersamaan, misalnya saat periode pengisian KRS, sehingga proses menjadi terhambat.",99,1,,pengalaman saya menggunakan portal akademik web cukup membantu terutama untuk melihat krs khs dan jadwal kuliah karena informasinya terpusat di satu sistem namun pengalaman kurang baik pernah terjadi saat portal sulit diakses atau lambat ketika banyak mahasiswa login bersamaan misalnya saat periode pengisian krs sehingga proses menjadi terhambat,"['pengalaman', 'saya', 'menggunakan', 'portal', 'akademik', 'web', 'cukup', 'membantu', 'terutama', 'untuk', 'melihat', 'krs', 'khs', 'dan', 'jadwal', 'kuliah', 'karena', 'informasinya', 'terpusat', 'di', 'satu', 'sistem', 'namun', 'pengalaman', 'kurang', 'baik', 'pernah', 'terjadi', 'saat', 'portal', 'sulit', 'diakses', 'atau', 'lambat', 'ketika', 'banyak', 'mahasiswa', 'login', 'bersamaan', 'misalnya', 'saat', 'periode', 'pengisian', 'krs', 'sehingga', 'proses', 'menjadi', 'terhambat']","['pengalaman', 'menggunakan', 'portal', 'akademik', 'web', 'cukup', 'membantu', 'terutama', 'melihat', 'krs', 'khs', 'jadwal', 'kuliah', 'informasinya', 'terpusat', 'satu', 'sistem', 'pengalaman', 'kurang', 'baik', 'pernah', 'terjadi', 'saat', 'portal', 'sulit', 'diakses', 'lambat', 'ketika', 'mahasiswa', 'login', 'bersamaan', 'misalnya', 'saat', 'periode', 'pengisian', 'krs', 'sehingga', 'proses', 'terhambat']","['pengalaman', 'menggunakan', 'portal', 'akademik', 'web', 'cukup', 'membantu', 'terutama', 'melihat', 'krs', 'khs', 'jadwal', 'kuliah', 'informasinya', 'terpusat', 'satu', 'sistem', 'pengalaman', 'kurang', 'baik', 'pernah', 'terjadi', 'saat', 'portal', 'sulit', 'diakses', 'lambat', 'ketika', 'mahasiswa', 'login', 'bersamaan', 'misalnya', 'saat', 'periode', 'pengisian', 'krs', 'sehingga', 'proses', 'terhambat']",pengalaman menggunakan portal akademik web cukup membantu terutama melihat krs khs jadwal kuliah informasinya terpusat satu sistem pengalaman kurang baik pernah terjadi saat portal sulit diakses lambat ketika mahasiswa login bersamaan misalnya saat periode pengisian krs sehingga proses terhambat
099-02,03/02/2026 1:59:27,MyClass UMSU,"Pengalaman saya menggunakan MyClass UMSU cukup baik karena memudahkan dalam mengakses materi perkuliahan, mengumpulkan tugas, dan melihat pengumuman dari dosen secara online. Namun, terkadang sistem terasa lambat atau error saat batas waktu pengumpulan tugas, sehingga perlu login ulang atau menunggu beberapa saat.",99,2,,pengalaman saya menggunakan myclass umsu cukup baik karena memudahkan dalam mengakses materi perkuliahan mengumpulkan tugas dan melihat pengumuman dari dosen secara online namun terkadang sistem terasa lambat atau error saat batas waktu pengumpulan tugas sehingga perlu login ulang atau menunggu beberapa saat,"['pengalaman', 'saya', 'menggunakan', 'myclass', 'umsu', 'cukup', 'baik', 'karena', 'memudahkan', 'dalam', 'mengakses', 'materi', 'perkuliahan', 'mengumpulkan', 'tugas', 'dan', 'melihat', 'pengumuman', 'dari', 'dosen', 'secara', 'online', 'namun', 'terkadang', 'sistem', 'terasa', 'lambat', 'atau', 'error', 'saat', 'batas', 'waktu', 'pengumpulan', 'tugas', 'sehingga', 'perlu', 'login', 'ulang', 'atau', 'menunggu', 'beberapa', 'saat']","['pengalaman', 'menggunakan', 'myclass', 'umsu', 'cukup', 'baik', 'memudahkan', 'mengakses', 'materi', 'perkuliahan', 'mengumpulkan', 'tugas', 'melihat', 'pengumuman', 'dosen', 'secara', 'online', 'terkadang', 'sistem', 'terasa', 'lambat', 'error', 'saat', 'batas', 'waktu', 'pengumpulan', 'tugas', 'sehingga', 'perlu', 'login', 'ulang', 'menunggu', 'saat']","['pengalaman', 'menggunakan', 'myclass', 'umsu', 'cukup', 'baik', 'memudahkan', 'mengakses', 'materi', 'perkuliahan', 'mengumpulkan', 'tugas', 'melihat', 'pengumuman', 'dosen', 'secara', 'online', 'terkadang', 'sistem', 'terasa', 'lambat', 'error', 'saat', 'batas', 'waktu', 'pengumpulan', 'tugas', 'sehingga', 'perlu', 'login', 'ulang', 'menunggu', 'saat']",pengalaman menggunakan myclass umsu cukup baik memudahkan mengakses materi perkuliahan mengumpulkan tugas melihat pengumuman dosen secara online terkadang sistem terasa lambat error saat batas waktu pengumpulan tugas sehingga perlu login ulang menunggu saat
099-03,03/02/2026 1:59:27,WiFi Kampus,"Pengalaman saya menggunakan WiFi kampus UMSU tergolong cukup baik, karena membantu mahasiswa mengakses internet untuk keperluan perkuliahan seperti mencari referensi dan mengerjakan tugas. Namun, pada jam-jam sibuk koneksi sering melambat atau terputus, misalnya saat banyak mahasiswa menggunakan WiFi secara bersamaan di area kampus.",99,3,,pengalaman saya menggunakan wifi kampus umsu tergolong cukup baik karena membantu mahasiswa mengakses internet untuk keperluan perkuliahan seperti mencari referensi dan mengerjakan tugas namun pada jam jam sibuk koneksi sering melambat atau terputus misalnya saat banyak mahasiswa menggunakan wifi secara bersamaan di area kampus,"['pengalaman', 'saya', 'menggunakan', 'wifi', 'kampus', 'umsu', 'tergolong', 'cukup', 'baik', 'karena', 'membantu', 'mahasiswa', 'mengakses', 'internet', 'untuk', 'keperluan', 'perkuliahan', 'seperti', 'mencari', 'referensi', 'dan', 'mengerjakan', 'tugas', 'namun', 'pada', 'jam', 'jam', 'sibuk', 'koneksi', 'sering', 'melambat', 'atau', 'terputus', 'misalnya', 'saat', 'banyak', 'mahasiswa', 'menggunakan', 'wifi', 'secara', 'bersamaan', 'di', 'area', 'kampus']","['pengalaman', 'menggunakan', 'wifi', 'kampus', 'umsu', 'tergolong', 'cukup', 'baik', 'membantu', 'mahasiswa', 'mengakses', 'internet', 'keperluan', 'perkuliahan', 'mencari', 'referensi', 'mengerjakan', 'tugas', 'jam', 'jam', 'sibuk', 'koneksi', 'sering', 'melambat', 'terputus', 'misalnya', 'saat', 'mahasiswa', 'menggunakan', 'wifi', 'secara', 'bersamaan', 'area', 'kampus']","['pengalaman', 'menggunakan', 'wifi', 'kampus', 'umsu', 'tergolong', 'cukup', 'baik', 'membantu', 'mahasiswa', 'mengakses', 'internet', 'keperluan', 'perkuliahan', 'mencari', 'referensi', 'mengerjakan', 'tugas', 'jam', 'jam', 'sibuk', 'koneksi', 'sering', 'melambat', 'terputus', 'misalnya', 'saat', 'mahasiswa', 'menggunakan', 'wifi', 'secara', 'bersamaan', 'area', 'kampus']",pengalaman menggunakan wifi kampus umsu tergolong cukup baik membantu mahasiswa mengakses internet keperluan perkuliahan mencari referensi mengerjakan tugas jam jam sibuk koneksi sering melambat terputus misalnya saat mahasiswa menggunakan wifi secara bersamaan area kampus
099-04,03/02/2026 1:59:27,Helpdesk/Technical Support,"Pengalaman saya menggunakan helpdesk/technical support IT UMSU cukup baik karena petugas responsif dan membantu ketika saya mengalami kendala login pada portal akademik. Namun, pada beberapa kasus respon masih memerlukan waktu cukup lama saat permintaan sedang banyak, sehingga penyelesaian masalah tidak bisa langsung dilakukan.",99,4,,pengalaman saya menggunakan helpdesk technical support it umsu cukup baik karena petugas responsif dan membantu ketika saya mengalami kendala login pada portal akademik namun pada beberapa kasus respon masih memerlukan waktu cukup lama saat permintaan sedang banyak sehingga penyelesaian masalah tidak bisa langsung dilakukan,"['pengalaman', 'saya', 'menggunakan', 'helpdesk', 'technical', 'support', 'it', 'umsu', 'cukup', 'baik', 'karena', 'petugas', 'responsif', 'dan', 'membantu', 'ketika', 'saya', 'mengalami', 'kendala', 'login', 'pada', 'portal', 'akademik', 'namun', 'pada', 'beberapa', 'kasus', 'respon', 'masih', 'memerlukan', 'waktu', 'cukup', 'lama', 'saat', 'permintaan', 'sedang', 'banyak', 'sehingga', 'penyelesaian', 'masalah', 'tidak', 'bisa', 'langsung', 'dilakukan']","['pengalaman', 'menggunakan', 'helpdesk', 'technical', 'support', 'it', 'umsu', 'cukup', 'baik', 'petugas', 'responsif', 'membantu', 'ketika', 'mengalami', 'kendala', 'login', 'portal', 'akademik', 'kasus', 'respon', 'masih', 'memerlukan', 'waktu', 'cukup', 'lama', 'saat', 'permintaan', 'sedang', 'sehingga', 'penyelesaian', 'masalah', 'tidak', 'langsung', 'dilakukan']","['pengalaman', 'menggunakan', 'helpdesk', 'technical', 'support', 'it', 'umsu', 'cukup', 'baik', 'petugas', 'responsif', 'membantu', 'ketika', 'mengalami', 'kendala', 'login', 'portal', 'akademik', 'kasus', 'respon', 'masih', 'memerlukan', 'waktu', 'cukup', 'lama', 'saat', 'permintaan', 'sedang', 'sehingga', 'penyelesaian', 'masalah', 'tidak', 'langsung', 'dilakukan']",pengalaman menggunakan helpdesk technical support it umsu cukup baik petugas responsif membantu ketika mengalami kendala login portal akademik kasus respon masih memerlukan waktu cukup lama saat permintaan sedang sehingga penyelesaian masalah tidak langsung dilakukan
099-05,03/02/2026 1:59:27,Saran Peningkatan,"Saran saya untuk peningkatan layanan SI & TI UMSU adalah meningkatkan kapasitas dan stabilitas server agar portal akademik dan MyClass tidak mudah lambat atau error, terutama saat jam sibuk seperti pengisian KRS atau pengumpulan tugas. Selain itu, kualitas dan jangkauan WiFi kampus juga perlu ditingkatkan agar koneksi lebih stabil dan merata di seluruh area kampus.",99,5,,saran saya untuk peningkatan layanan si ti umsu adalah meningkatkan kapasitas dan stabilitas server agar portal akademik dan myclass tidak mudah lambat atau error terutama saat jam sibuk seperti pengisian krs atau pengumpulan tugas selain itu kualitas dan jangkauan wifi kampus juga perlu ditingkatkan agar koneksi lebih stabil dan merata di seluruh area kampus,"['saran', 'saya', 'untuk', 'peningkatan', 'layanan', 'si', 'ti', 'umsu', 'adalah', 'meningkatkan', 'kapasitas', 'dan', 'stabilitas', 'server', 'agar', 'portal', 'akademik', 'dan', 'myclass', 'tidak', 'mudah', 'lambat', 'atau', 'error', 'terutama', 'saat', 'jam', 'sibuk', 'seperti', 'pengisian', 'krs', 'atau', 'pengumpulan', 'tugas', 'selain', 'itu', 'kualitas', 'dan', 'jangkauan', 'wifi', 'kampus', 'juga', 'perlu', 'ditingkatkan', 'agar', 'koneksi', 'lebih', 'stabil', 'dan', 'merata', 'di', 'seluruh', 'area', 'kampus']","['saran', 'peningkatan', 'layanan', 'si', 'ti', 'umsu', 'meningkatkan', 'kapasitas', 'stabilitas', 'server', 'portal', 'akademik', 'myclass', 'tidak', 'mudah', 'lambat', 'error', 'terutama', 'saat', 'jam', 'sibuk', 'pengisian', 'krs', 'pengumpulan', 'tugas', 'selain', 'kualitas', 'jangkauan', 'wifi', 'kampus', 'perlu', 'ditingkatkan', 'koneksi', 'stabil', 'merata', 'seluruh', 'area', 'kampus']","['saran', 'peningkatan', 'layanan', 'si', 'ti', 'umsu', 'meningkatkan', 'kapasitas', 'stabilitas', 'server', 'portal', 'akademik', 'myclass', 'tidak', 'mudah', 'lambat', 'error', 'terutama', 'saat', 'jam', 'sibuk', 'pengisian', 'krs', 'pengumpulan', 'tugas', 'selain', 'kualitas', 'jangkauan', 'wifi', 'kampus', 'perlu', 'ditingkatkan', 'koneksi', 'stabil', 'merata', 'seluruh', 'area', 'kampus']",saran peningkatan layanan si ti umsu meningkatkan kapasitas stabilitas server portal akademik myclass tidak mudah lambat error terutama saat jam sibuk pengisian krs pengumpulan tugas selain kualitas jangkauan wifi kampus perlu ditingkatkan koneksi stabil merata seluruh area kampus
100-01,03/02/2026 5:16:56,Portal Akademik (WEB),"baik nya kita dikasih kemudahan untuk meng akses segala sesuatu contohnya membayar ukt tidak perlu harus datang ke kampus.

buruknya portal tersebut sering eror jadi kita harus menunggu beberapa saat",100,1,,baik nya kita dikasih kemudahan untuk meng akses segala sesuatu contohnya membayar ukt tidak perlu harus datang ke kampus buruknya portal tersebut sering eror jadi kita harus menunggu beberapa saat,"['baik', 'nya', 'kita', 'dikasih', 'kemudahan', 'untuk', 'meng', 'akses', 'segala', 'sesuatu', 'contohnya', 'membayar', 'ukt', 'tidak', 'perlu', 'harus', 'datang', 'ke', 'kampus', 'buruknya', 'portal', 'tersebut', 'sering', 'eror', 'jadi', 'kita', 'harus', 'menunggu', 'beberapa', 'saat']","['baik', 'dikasih', 'kemudahan', 'meng', 'akses', 'segala', 'sesuatu', 'contohnya', 'membayar', 'ukt', 'tidak', 'perlu', 'datang', 'kampus', 'buruknya', 'portal', 'tersebut', 'sering', 'eror', 'jadi', 'menunggu', 'saat']","['baik', 'dikasih', 'kemudahan', 'meng', 'akses', 'segala', 'sesuatu', 'contohnya', 'membayar', 'ukt', 'tidak', 'perlu', 'datang', 'kampus', 'buruknya', 'portal', 'tersebut', 'sering', 'eror', 'jadi', 'menunggu', 'saat']",baik dikasih kemudahan meng akses segala sesuatu contohnya membayar ukt tidak perlu datang kampus buruknya portal tersebut sering eror jadi menunggu saat
100-02,03/02/2026 5:16:56,MyClass UMSU,"baiknya kita dapet melihat modul apa yg kita pelajari dan kita bisa absen kehadiran dengan mudah 

buruknya sering terjadi eror server dan harus menunggu beberapa saat",100,2,,baiknya kita dapet melihat modul apa yg kita pelajari dan kita bisa absen kehadiran dengan mudah buruknya sering terjadi eror server dan harus menunggu beberapa saat,"['baiknya', 'kita', 'dapet', 'melihat', 'modul', 'apa', 'yg', 'kita', 'pelajari', 'dan', 'kita', 'bisa', 'absen', 'kehadiran', 'dengan', 'mudah', 'buruknya', 'sering', 'terjadi', 'eror', 'server', 'dan', 'harus', 'menunggu', 'beberapa', 'saat']","['baiknya', 'dapet', 'melihat', 'modul', 'apa', 'yg', 'pelajari', 'absen', 'kehadiran', 'mudah', 'buruknya', 'sering', 'terjadi', 'eror', 'server', 'menunggu', 'saat']","['baiknya', 'dapet', 'melihat', 'modul', 'apa', 'yg', 'pelajari', 'absen', 'kehadiran', 'mudah', 'buruknya', 'sering', 'terjadi', 'eror', 'server', 'menunggu', 'saat']",baiknya dapet melihat modul apa yg pelajari absen kehadiran mudah buruknya sering terjadi eror server menunggu saat
100-03,03/02/2026 5:16:56,WiFi Kampus,"baiknya saya tidak kehabisan paket saat pembelajaran di mulai 

buruknya jaringan sering ngelag",100,3,,baiknya saya tidak kehabisan paket saat pembelajaran di mulai buruknya jaringan sering ngelag,"['baiknya', 'saya', 'tidak', 'kehabisan', 'paket', 'saat', 'pembelajaran', 'di', 'mulai', 'buruknya', 'jaringan', 'sering', 'ngelag']","['baiknya', 'tidak', 'kehabisan', 'paket', 'saat', 'pembelajaran', 'mulai', 'buruknya', 'jaringan', 'sering', 'ngelag']","['baiknya', 'tidak', 'kehabisan', 'paket', 'saat', 'pembelajaran', 'mulai', 'buruknya', 'jaringan', 'sering', 'ngelag']",baiknya tidak kehabisan paket saat pembelajaran mulai buruknya jaringan sering ngelag
100-04,03/02/2026 5:16:56,Helpdesk/Technical Support,pengalaman baik nya mereka sigap menanggapi keluhan mahasiswa,100,4,,pengalaman baik nya mereka sigap menanggapi keluhan mahasiswa,"['pengalaman', 'baik', 'nya', 'mereka', 'sigap', 'menanggapi', 'keluhan', 'mahasiswa']","['pengalaman', 'baik', 'sigap', 'menanggapi', 'keluhan', 'mahasiswa']","['pengalaman', 'baik', 'sigap', 'menanggapi', 'keluhan', 'mahasiswa']",pengalaman baik sigap menanggapi keluhan mahasiswa
100-05,03/02/2026 5:16:56,Saran Peningkatan,"lebih di perjelakan lagi apa itu SI dan TI kepada mahasiswa,karna masih banyak mahasiswa kurang tau apa itu SI dan TI",100,5,,lebih di perjelakan lagi apa itu si dan ti kepada mahasiswa karna masih banyak mahasiswa kurang tau apa itu si dan ti,"['lebih', 'di', 'perjelakan', 'lagi', 'apa', 'itu', 'si', 'dan', 'ti', 'kepada', 'mahasiswa', 'karna', 'masih', 'banyak', 'mahasiswa', 'kurang', 'tau', 'apa', 'itu', 'si', 'dan', 'ti']","['perjelakan', 'apa', 'si', 'ti', 'mahasiswa', 'karna', 'masih', 'mahasiswa', 'kurang', 'tau', 'apa', 'si', 'ti']","['perjelakan', 'apa', 'si', 'ti', 'mahasiswa', 'karna', 'masih', 'mahasiswa', 'kurang', 'tau', 'apa', 'si', 'ti']",perjelakan apa si ti mahasiswa karna masih mahasiswa kurang tau apa si ti
101-01,03/02/2026 7:44:56,Portal Akademik (WEB),"sering mengalami aplikasi keluar sendirinya tanpa di keluarin,server sering lambat",101,1,,sering mengalami aplikasi keluar sendirinya tanpa di keluarin server sering lambat,"['sering', 'mengalami', 'aplikasi', 'keluar', 'sendirinya', 'tanpa', 'di', 'keluarin', 'server', 'sering', 'lambat']","['sering', 'mengalami', 'aplikasi', 'keluar', 'sendirinya', 'tanpa', 'keluarin', 'server', 'sering', 'lambat']","['sering', 'mengalami', 'aplikasi', 'keluar', 'sendirinya', 'tanpa', 'keluarin', 'server', 'sering', 'lambat']",sering mengalami aplikasi keluar sendirinya tanpa keluarin server sering lambat
101-02,03/02/2026 7:44:56,MyClass UMSU,sering di perbaiki atau update lah soalnya my class tempat mengumpulkan atau mengirim tugas bahkan absen juga di my class,101,2,,sering di perbaiki atau update lah soalnya my class tempat mengumpulkan atau mengirim tugas bahkan absen juga di my class,"['sering', 'di', 'perbaiki', 'atau', 'update', 'lah', 'soalnya', 'my', 'class', 'tempat', 'mengumpulkan', 'atau', 'mengirim', 'tugas', 'bahkan', 'absen', 'juga', 'di', 'my', 'class']","['sering', 'perbaiki', 'update', 'soalnya', 'my', 'class', 'tempat', 'mengumpulkan', 'mengirim', 'tugas', 'bahkan', 'absen', 'my', 'class']","['sering', 'perbaiki', 'update', 'soalnya', 'my', 'class', 'tempat', 'mengumpulkan', 'mengirim', 'tugas', 'bahkan', 'absen', 'my', 'class']",sering perbaiki update soalnya my class tempat mengumpulkan mengirim tugas bahkan absen my class
101-03,03/02/2026 7:44:56,WiFi Kampus,wifi nya super top kencang dan jangkauan nya juga luas,101,3,,wifi nya super top kencang dan jangkauan nya juga luas,"['wifi', 'nya', 'super', 'top', 'kencang', 'dan', 'jangkauan', 'nya', 'juga', 'luas']","['wifi', 'super', 'top', 'kencang', 'jangkauan', 'luas']","['wifi', 'super', 'top', 'kencang', 'jangkauan', 'luas']",wifi super top kencang jangkauan luas
101-04,03/02/2026 7:44:56,Helpdesk/Technical Support,karna hampir ga pernah saya gunakan jadi ga ad sisi baik dan buruk yang saya ambil,101,4,,karna hampir ga pernah saya gunakan jadi ga ad sisi baik dan buruk yang saya ambil,"['karna', 'hampir', 'ga', 'pernah', 'saya', 'gunakan', 'jadi', 'ga', 'ad', 'sisi', 'baik', 'dan', 'buruk', 'yang', 'saya', 'ambil']","['karna', 'hampir', 'ga', 'pernah', 'gunakan', 'jadi', 'ga', 'ad', 'sisi', 'baik', 'buruk', 'ambil']","['karna', 'hampir', 'ga', 'pernah', 'gunakan', 'jadi', 'ga', 'ad', 'sisi', 'baik', 'buruk', 'ambil']",karna hampir ga pernah gunakan jadi ga ad sisi baik buruk ambil
101-05,03/02/2026 7:44:56,Saran Peningkatan,tingkat kan terus pelayanan yang cepat agar mempermudah suatu masalah,101,5,,tingkat kan terus pelayanan yang cepat agar mempermudah suatu masalah,"['tingkat', 'kan', 'terus', 'pelayanan', 'yang', 'cepat', 'agar', 'mempermudah', 'suatu', 'masalah']","['tingkat', 'kan', 'terus', 'pelayanan', 'cepat', 'mempermudah', 'masalah']","['tingkat', 'kan', 'terus', 'pelayanan', 'cepat', 'mempermudah', 'masalah']",tingkat kan terus pelayanan cepat mempermudah masalah
102-01,03/02/2026 10:24:05,Portal Akademik (WEB),"buruknya pada saat diperlukan tetapi portal eror, baiknya dengan adanya web tersebut itu sangat terbantu",102,1,,buruknya pada saat diperlukan tetapi portal eror baiknya dengan adanya web tersebut itu sangat terbantu,"['buruknya', 'pada', 'saat', 'diperlukan', 'tetapi', 'portal', 'eror', 'baiknya', 'dengan', 'adanya', 'web', 'tersebut', 'itu', 'sangat', 'terbantu']","['buruknya', 'saat', 'diperlukan', 'portal', 'eror', 'baiknya', 'adanya', 'web', 'tersebut', 'terbantu']","['buruknya', 'saat', 'diperlukan', 'portal', 'eror', 'baiknya', 'adanya', 'web', 'tersebut', 'terbantu']",buruknya saat diperlukan portal eror baiknya adanya web tersebut terbantu
102-02,03/02/2026 10:24:05,MyClass UMSU,tjda ada,102,2,,tjda ada,"['tjda', 'ada']","['tjda', 'ada']","['tjda', 'ada']",tjda ada
102-03,03/02/2026 10:24:05,WiFi Kampus,"perlu tmbahkan wifi, supaya mahasiswa terbantu data dri kampus",102,3,,perlu tmbahkan wifi supaya mahasiswa terbantu data dri kampus,"['perlu', 'tmbahkan', 'wifi', 'supaya', 'mahasiswa', 'terbantu', 'data', 'dri', 'kampus']","['perlu', 'tmbahkan', 'wifi', 'mahasiswa', 'terbantu', 'data', 'dri', 'kampus']","['perlu', 'tmbahkan', 'wifi', 'mahasiswa', 'terbantu', 'data', 'dri', 'kampus']",perlu tmbahkan wifi mahasiswa terbantu data dri kampus
102-04,03/02/2026 10:24:05,Helpdesk/Technical Support,tida ada,102,4,,tida ada,"['tida', 'ada']","['tida', 'ada']","['tida', 'ada']",tida ada
102-05,03/02/2026 10:24:05,Saran Peningkatan,sarannya untuk lebih dipertingkatkan lagi pelayanannya maupun kepentingan apapun,102,5,,sarannya untuk lebih dipertingkatkan lagi pelayanannya maupun kepentingan apapun,"['sarannya', 'untuk', 'lebih', 'dipertingkatkan', 'lagi', 'pelayanannya', 'maupun', 'kepentingan', 'apapun']","['sarannya', 'dipertingkatkan', 'pelayanannya', 'maupun', 'kepentingan', 'apapun']","['sarannya', 'dipertingkatkan', 'pelayanannya', 'maupun', 'kepentingan', 'apapun']",sarannya dipertingkatkan pelayanannya maupun kepentingan apapun
103-01,03/02/2026 15:29:31,Portal Akademik (WEB),Faktor penghambat dalam penggunaan Portal selama saya menggunakan ialah sering log out sendiri secara tiba-tiba,103,1,,faktor penghambat dalam penggunaan portal selama saya menggunakan ialah sering log out sendiri secara tiba tiba,"['faktor', 'penghambat', 'dalam', 'penggunaan', 'portal', 'selama', 'saya', 'menggunakan', 'ialah', 'sering', 'log', 'out', 'sendiri', 'secara', 'tiba', 'tiba']","['faktor', 'penghambat', 'penggunaan', 'portal', 'selama', 'menggunakan', 'ialah', 'sering', 'log', 'out', 'sendiri', 'secara', 'tiba', 'tiba']","['faktor', 'penghambat', 'penggunaan', 'portal', 'selama', 'menggunakan', 'ialah', 'sering', 'log', 'out', 'sendiri', 'secara', 'tiba', 'tiba']",faktor penghambat penggunaan portal selama menggunakan ialah sering log out sendiri secara tiba tiba
103-02,03/02/2026 15:29:31,MyClass UMSU,Informasi yang disajikan kurang detail sehingga banyak mahasiswa yang masih kebingungan dalam penggunaan terlebih ini adalah web/Apk yang tergolong baru,103,2,,informasi yang disajikan kurang detail sehingga banyak mahasiswa yang masih kebingungan dalam penggunaan terlebih ini adalah web apk yang tergolong baru,"['informasi', 'yang', 'disajikan', 'kurang', 'detail', 'sehingga', 'banyak', 'mahasiswa', 'yang', 'masih', 'kebingungan', 'dalam', 'penggunaan', 'terlebih', 'ini', 'adalah', 'web', 'apk', 'yang', 'tergolong', 'baru']","['informasi', 'disajikan', 'kurang', 'detail', 'sehingga', 'mahasiswa', 'masih', 'kebingungan', 'penggunaan', 'terlebih', 'web', 'apk', 'tergolong', 'baru']","['informasi', 'disajikan', 'kurang', 'detail', 'sehingga', 'mahasiswa', 'masih', 'kebingungan', 'penggunaan', 'terlebih', 'web', 'apk', 'tergolong', 'baru']",informasi disajikan kurang detail sehingga mahasiswa masih kebingungan penggunaan terlebih web apk tergolong baru
103-03,03/02/2026 15:29:31,WiFi Kampus,"Akses Wifi di lingkungan kampus belum menyeluruh terutama di beberapa titik, namun untuk didalam kelas masih ada hambatan koneksi terutama saat jam sibuk perkuliahan karena banyak yang mengakses wifi tersebut",103,3,,akses wifi di lingkungan kampus belum menyeluruh terutama di beberapa titik namun untuk didalam kelas masih ada hambatan koneksi terutama saat jam sibuk perkuliahan karena banyak yang mengakses wifi tersebut,"['akses', 'wifi', 'di', 'lingkungan', 'kampus', 'belum', 'menyeluruh', 'terutama', 'di', 'beberapa', 'titik', 'namun', 'untuk', 'didalam', 'kelas', 'masih', 'ada', 'hambatan', 'koneksi', 'terutama', 'saat', 'jam', 'sibuk', 'perkuliahan', 'karena', 'banyak', 'yang', 'mengakses', 'wifi', 'tersebut']","['akses', 'wifi', 'lingkungan', 'kampus', 'belum', 'menyeluruh', 'terutama', 'titik', 'didalam', 'kelas', 'masih', 'ada', 'hambatan', 'koneksi', 'terutama', 'saat', 'jam', 'sibuk', 'perkuliahan', 'mengakses', 'wifi', 'tersebut']","['akses', 'wifi', 'lingkungan', 'kampus', 'belum', 'menyeluruh', 'terutama', 'titik', 'didalam', 'kelas', 'masih', 'ada', 'hambatan', 'koneksi', 'terutama', 'saat', 'jam', 'sibuk', 'perkuliahan', 'mengakses', 'wifi', 'tersebut']",akses wifi lingkungan kampus belum menyeluruh terutama titik didalam kelas masih ada hambatan koneksi terutama saat jam sibuk perkuliahan mengakses wifi tersebut
103-04,03/02/2026 15:29:31,Helpdesk/Technical Support,"Terakhir penggunaan di tahun 2022 terkendala di password portal, untuk experience cukup baik namun perlu respon yang lebih cepat agar lebih baik kedepannya",103,4,,terakhir penggunaan di tahun terkendala di password portal untuk experience cukup baik namun perlu respon yang lebih cepat agar lebih baik kedepannya,"['terakhir', 'penggunaan', 'di', 'tahun', 'terkendala', 'di', 'password', 'portal', 'untuk', 'experience', 'cukup', 'baik', 'namun', 'perlu', 'respon', 'yang', 'lebih', 'cepat', 'agar', 'lebih', 'baik', 'kedepannya']","['terakhir', 'penggunaan', 'tahun', 'terkendala', 'password', 'portal', 'experience', 'cukup', 'baik', 'perlu', 'respon', 'cepat', 'baik', 'kedepannya']","['terakhir', 'penggunaan', 'tahun', 'terkendala', 'password', 'portal', 'experience', 'cukup', 'baik', 'perlu', 'respon', 'cepat', 'baik', 'kedepannya']",terakhir penggunaan tahun terkendala password portal experience cukup baik perlu respon cepat baik kedepannya
103-05,03/02/2026 15:29:31,Saran Peningkatan,Peningkatan kualitas server dan fast respon dalam menanggapi setiap keluhan yang dihadapi mahasiswa,103,5,,peningkatan kualitas server dan fast respon dalam menanggapi setiap keluhan yang dihadapi mahasiswa,"['peningkatan', 'kualitas', 'server', 'dan', 'fast', 'respon', 'dalam', 'menanggapi', 'setiap', 'keluhan', 'yang', 'dihadapi', 'mahasiswa']","['peningkatan', 'kualitas', 'server', 'fast', 'respon', 'menanggapi', 'keluhan', 'dihadapi', 'mahasiswa']","['peningkatan', 'kualitas', 'server', 'fast', 'respon', 'menanggapi', 'keluhan', 'dihadapi', 'mahasiswa']",peningkatan kualitas server fast respon menanggapi keluhan dihadapi mahasiswa
104-01,03/02/2026 19:30:57,Portal Akademik (WEB),kadang eror,104,1,,kadang eror,"['kadang', 'eror']","['kadang', 'eror']","['kadang', 'eror']",kadang eror
104-02,03/02/2026 19:30:57,MyClass UMSU,kadang eror,104,2,,kadang eror,"['kadang', 'eror']","['kadang', 'eror']","['kadang', 'eror']",kadang eror
104-03,03/02/2026 19:30:57,WiFi Kampus,kadang lemot,104,3,,kadang lemot,"['kadang', 'lemot']","['kadang', 'lemot']","['kadang', 'lemot']",kadang lemot
104-04,03/02/2026 19:30:57,Helpdesk/Technical Support,sangat baik,104,4,,sangat baik,"['sangat', 'baik']",['baik'],['baik'],baik
104-05,03/02/2026 19:30:57,Saran Peningkatan,di lengkapin lagi pasilitasnya,104,5,,di lengkapin lagi pasilitasnya,"['di', 'lengkapin', 'lagi', 'pasilitasnya']","['lengkapin', 'pasilitasnya']","['lengkapin', 'pasilitasnya']",lengkapin pasilitasnya
105-01,03/02/2026 23:24:19,Portal Akademik (WEB),"Pengalaman saya menggunakan Portal Akademik (WEB) cukup baik, karena tampilan sederhana dan fitur utama seperti KRS, KHS, serta jadwal perkuliahan mudah diakses. Namun, kadang portal lambat atau sulit dibuka saat jam sibuk, misalnya ketika pengisian KRS, sehingga membutuhkan waktu lebih lama.",105,1,,pengalaman saya menggunakan portal akademik web cukup baik karena tampilan sederhana dan fitur utama seperti krs khs serta jadwal perkuliahan mudah diakses namun kadang portal lambat atau sulit dibuka saat jam sibuk misalnya ketika pengisian krs sehingga membutuhkan waktu lebih lama,"['pengalaman', 'saya', 'menggunakan', 'portal', 'akademik', 'web', 'cukup', 'baik', 'karena', 'tampilan', 'sederhana', 'dan', 'fitur', 'utama', 'seperti', 'krs', 'khs', 'serta', 'jadwal', 'perkuliahan', 'mudah', 'diakses', 'namun', 'kadang', 'portal', 'lambat', 'atau', 'sulit', 'dibuka', 'saat', 'jam', 'sibuk', 'misalnya', 'ketika', 'pengisian', 'krs', 'sehingga', 'membutuhkan', 'waktu', 'lebih', 'lama']","['pengalaman', 'menggunakan', 'portal', 'akademik', 'web', 'cukup', 'baik', 'tampilan', 'sederhana', 'fitur', 'utama', 'krs', 'khs', 'jadwal', 'perkuliahan', 'mudah', 'diakses', 'kadang', 'portal', 'lambat', 'sulit', 'dibuka', 'saat', 'jam', 'sibuk', 'misalnya', 'ketika', 'pengisian', 'krs', 'sehingga', 'membutuhkan', 'waktu', 'lama']","['pengalaman', 'menggunakan', 'portal', 'akademik', 'web', 'cukup', 'baik', 'tampilan', 'sederhana', 'fitur', 'utama', 'krs', 'khs', 'jadwal', 'perkuliahan', 'mudah', 'diakses', 'kadang', 'portal', 'lambat', 'sulit', 'dibuka', 'saat', 'jam', 'sibuk', 'misalnya', 'ketika', 'pengisian', 'krs', 'sehingga', 'membutuhkan', 'waktu', 'lama']",pengalaman menggunakan portal akademik web cukup baik tampilan sederhana fitur utama krs khs jadwal perkuliahan mudah diakses kadang portal lambat sulit dibuka saat jam sibuk misalnya ketika pengisian krs sehingga membutuhkan waktu lama
105-02,03/02/2026 23:24:19,MyClass UMSU,"Pengalaman saya menggunakan MyClass UMSU cukup baik, karena memudahkan akses materi perkuliahan, pengumpulan tugas, dan informasi dari dosen dalam satu platform. Namun, terkadang sistem lambat atau error, terutama saat banyak mahasiswa mengunggah tugas secara bersamaan, sehingga proses pengumpulan menjadi kurang lancar.",105,2,,pengalaman saya menggunakan myclass umsu cukup baik karena memudahkan akses materi perkuliahan pengumpulan tugas dan informasi dari dosen dalam satu platform namun terkadang sistem lambat atau error terutama saat banyak mahasiswa mengunggah tugas secara bersamaan sehingga proses pengumpulan menjadi kurang lancar,"['pengalaman', 'saya', 'menggunakan', 'myclass', 'umsu', 'cukup', 'baik', 'karena', 'memudahkan', 'akses', 'materi', 'perkuliahan', 'pengumpulan', 'tugas', 'dan', 'informasi', 'dari', 'dosen', 'dalam', 'satu', 'platform', 'namun', 'terkadang', 'sistem', 'lambat', 'atau', 'error', 'terutama', 'saat', 'banyak', 'mahasiswa', 'mengunggah', 'tugas', 'secara', 'bersamaan', 'sehingga', 'proses', 'pengumpulan', 'menjadi', 'kurang', 'lancar']","['pengalaman', 'menggunakan', 'myclass', 'umsu', 'cukup', 'baik', 'memudahkan', 'akses', 'materi', 'perkuliahan', 'pengumpulan', 'tugas', 'informasi', 'dosen', 'satu', 'platform', 'terkadang', 'sistem', 'lambat', 'error', 'terutama', 'saat', 'mahasiswa', 'mengunggah', 'tugas', 'secara', 'bersamaan', 'sehingga', 'proses', 'pengumpulan', 'kurang', 'lancar']","['pengalaman', 'menggunakan', 'myclass', 'umsu', 'cukup', 'baik', 'memudahkan', 'akses', 'materi', 'perkuliahan', 'pengumpulan', 'tugas', 'informasi', 'dosen', 'satu', 'platform', 'terkadang', 'sistem', 'lambat', 'error', 'terutama', 'saat', 'mahasiswa', 'mengunggah', 'tugas', 'secara', 'bersamaan', 'sehingga', 'proses', 'pengumpulan', 'kurang', 'lancar']",pengalaman menggunakan myclass umsu cukup baik memudahkan akses materi perkuliahan pengumpulan tugas informasi dosen satu platform terkadang sistem lambat error terutama saat mahasiswa mengunggah tugas secara bersamaan sehingga proses pengumpulan kurang lancar
105-03,03/02/2026 23:24:19,WiFi Kampus,"Pengalaman saya menggunakan WiFi kampus UMSU kurang konsisten, karena di beberapa area koneksi cukup cepat dan membantu akses MyClass atau browsing. Namun, di jam sibuk atau lokasi tertentu sinyal sering lemah dan terputus, sehingga mengganggu proses belajar dan pengumpulan tugas online.",105,3,,pengalaman saya menggunakan wifi kampus umsu kurang konsisten karena di beberapa area koneksi cukup cepat dan membantu akses myclass atau browsing namun di jam sibuk atau lokasi tertentu sinyal sering lemah dan terputus sehingga mengganggu proses belajar dan pengumpulan tugas online,"['pengalaman', 'saya', 'menggunakan', 'wifi', 'kampus', 'umsu', 'kurang', 'konsisten', 'karena', 'di', 'beberapa', 'area', 'koneksi', 'cukup', 'cepat', 'dan', 'membantu', 'akses', 'myclass', 'atau', 'browsing', 'namun', 'di', 'jam', 'sibuk', 'atau', 'lokasi', 'tertentu', 'sinyal', 'sering', 'lemah', 'dan', 'terputus', 'sehingga', 'mengganggu', 'proses', 'belajar', 'dan', 'pengumpulan', 'tugas', 'online']","['pengalaman', 'menggunakan', 'wifi', 'kampus', 'umsu', 'kurang', 'konsisten', 'area', 'koneksi', 'cukup', 'cepat', 'membantu', 'akses', 'myclass', 'browsing', 'jam', 'sibuk', 'lokasi', 'tertentu', 'sinyal', 'sering', 'lemah', 'terputus', 'sehingga', 'mengganggu', 'proses', 'belajar', 'pengumpulan', 'tugas', 'online']","['pengalaman', 'menggunakan', 'wifi', 'kampus', 'umsu', 'kurang', 'konsisten', 'area', 'koneksi', 'cukup', 'cepat', 'membantu', 'akses', 'myclass', 'browsing', 'jam', 'sibuk', 'lokasi', 'tertentu', 'sinyal', 'sering', 'lemah', 'terputus', 'sehingga', 'mengganggu', 'proses', 'belajar', 'pengumpulan', 'tugas', 'online']",pengalaman menggunakan wifi kampus umsu kurang konsisten area koneksi cukup cepat membantu akses myclass browsing jam sibuk lokasi tertentu sinyal sering lemah terputus sehingga mengganggu proses belajar pengumpulan tugas online
105-04,03/02/2026 23:24:19,Helpdesk/Technical Support,"Pengalaman saya menggunakan helpdesk/technical support IT UMSU cukup baik, karena petugas responsif dan membantu saat ada kendala login atau masalah sistem. Namun, pada waktu tertentu respons masih cukup lama, terutama saat banyak laporan masuk, sehingga penyelesaian masalah tidak selalu bisa langsung.",105,4,,pengalaman saya menggunakan helpdesk technical support it umsu cukup baik karena petugas responsif dan membantu saat ada kendala login atau masalah sistem namun pada waktu tertentu respons masih cukup lama terutama saat banyak laporan masuk sehingga penyelesaian masalah tidak selalu bisa langsung,"['pengalaman', 'saya', 'menggunakan', 'helpdesk', 'technical', 'support', 'it', 'umsu', 'cukup', 'baik', 'karena', 'petugas', 'responsif', 'dan', 'membantu', 'saat', 'ada', 'kendala', 'login', 'atau', 'masalah', 'sistem', 'namun', 'pada', 'waktu', 'tertentu', 'respons', 'masih', 'cukup', 'lama', 'terutama', 'saat', 'banyak', 'laporan', 'masuk', 'sehingga', 'penyelesaian', 'masalah', 'tidak', 'selalu', 'bisa', 'langsung']","['pengalaman', 'menggunakan', 'helpdesk', 'technical', 'support', 'it', 'umsu', 'cukup', 'baik', 'petugas', 'responsif', 'membantu', 'saat', 'ada', 'kendala', 'login', 'masalah', 'sistem', 'waktu', 'tertentu', 'respons', 'masih', 'cukup', 'lama', 'terutama', 'saat', 'laporan', 'masuk', 'sehingga', 'penyelesaian', 'masalah', 'tidak', 'selalu', 'langsung']","['pengalaman', 'menggunakan', 'helpdesk', 'technical', 'support', 'it', 'umsu', 'cukup', 'baik', 'petugas', 'responsif', 'membantu', 'saat', 'ada', 'kendala', 'login', 'masalah', 'sistem', 'waktu', 'tertentu', 'respons', 'masih', 'cukup', 'lama', 'terutama', 'saat', 'laporan', 'masuk', 'sehingga', 'penyelesaian', 'masalah', 'tidak', 'selalu', 'langsung']",pengalaman menggunakan helpdesk technical support it umsu cukup baik petugas responsif membantu saat ada kendala login masalah sistem waktu tertentu respons masih cukup lama terutama saat laporan masuk sehingga penyelesaian masalah tidak selalu langsung
105-05,03/02/2026 23:24:19,Saran Peningkatan,"Layanan SI & TI UMSU sebaiknya ditingkatkan dari sisi stabilitas sistem dan kapasitas server, terutama saat jam sibuk seperti pengisian KRS atau pengumpulan tugas agar tidak sering lambat/error. Selain itu, perlu pemerataan dan peningkatan kualitas WiFi di seluruh area kampus serta respon helpdesk yang lebih cepat dengan sistem tiket yang jelas.",105,5,,layanan si ti umsu sebaiknya ditingkatkan dari sisi stabilitas sistem dan kapasitas server terutama saat jam sibuk seperti pengisian krs atau pengumpulan tugas agar tidak sering lambat error selain itu perlu pemerataan dan peningkatan kualitas wifi di seluruh area kampus serta respon helpdesk yang lebih cepat dengan sistem tiket yang jelas,"['layanan', 'si', 'ti', 'umsu', 'sebaiknya', 'ditingkatkan', 'dari', 'sisi', 'stabilitas', 'sistem', 'dan', 'kapasitas', 'server', 'terutama', 'saat', 'jam', 'sibuk', 'seperti', 'pengisian', 'krs', 'atau', 'pengumpulan', 'tugas', 'agar', 'tidak', 'sering', 'lambat', 'error', 'selain', 'itu', 'perlu', 'pemerataan', 'dan', 'peningkatan', 'kualitas', 'wifi', 'di', 'seluruh', 'area', 'kampus', 'serta', 'respon', 'helpdesk', 'yang', 'lebih', 'cepat', 'dengan', 'sistem', 'tiket', 'yang', 'jelas']","['layanan', 'si', 'ti', 'umsu', 'sebaiknya', 'ditingkatkan', 'sisi', 'stabilitas', 'sistem', 'kapasitas', 'server', 'terutama', 'saat', 'jam', 'sibuk', 'pengisian', 'krs', 'pengumpulan', 'tugas', 'tidak', 'sering', 'lambat', 'error', 'selain', 'perlu', 'pemerataan', 'peningkatan', 'kualitas', 'wifi', 'seluruh', 'area', 'kampus', 'respon', 'helpdesk', 'cepat', 'sistem', 'tiket', 'jelas']","['layanan', 'si', 'ti', 'umsu', 'sebaiknya', 'ditingkatkan', 'sisi', 'stabilitas', 'sistem', 'kapasitas', 'server', 'terutama', 'saat', 'jam', 'sibuk', 'pengisian', 'krs', 'pengumpulan', 'tugas', 'tidak', 'sering', 'lambat', 'error', 'selain', 'perlu', 'pemerataan', 'peningkatan', 'kualitas', 'wifi', 'seluruh', 'area', 'kampus', 'respon', 'helpdesk', 'cepat', 'sistem', 'tiket', 'jelas']",layanan si ti umsu sebaiknya ditingkatkan sisi stabilitas sistem kapasitas server terutama saat jam sibuk pengisian krs pengumpulan tugas tidak sering lambat error selain perlu pemerataan peningkatan kualitas wifi seluruh area kampus respon helpdesk cepat sistem tiket jelas
106-01,04/02/2026 0:20:05,Portal Akademik (WEB),"Sering minta login akun padahal baru di loginkan

Contoh:
Saya sudah login akun di portal,terus saya buka wa,setelah buka wa saya masuk lagi ke portal dan di suruh login lagi",106,1,,sering minta login akun padahal baru di loginkan contoh saya sudah login akun di portal terus saya buka wa setelah buka wa saya masuk lagi ke portal dan di suruh login lagi,"['sering', 'minta', 'login', 'akun', 'padahal', 'baru', 'di', 'loginkan', 'contoh', 'saya', 'sudah', 'login', 'akun', 'di', 'portal', 'terus', 'saya', 'buka', 'wa', 'setelah', 'buka', 'wa', 'saya', 'masuk', 'lagi', 'ke', 'portal', 'dan', 'di', 'suruh', 'login', 'lagi']","['sering', 'minta', 'login', 'akun', 'padahal', 'baru', 'loginkan', 'contoh', 'login', 'akun', 'portal', 'terus', 'buka', 'wa', 'setelah', 'buka', 'wa', 'masuk', 'portal', 'suruh', 'login']","['sering', 'minta', 'login', 'akun', 'padahal', 'baru', 'loginkan', 'contoh', 'login', 'akun', 'portal', 'terus', 'buka', 'wa', 'setelah', 'buka', 'wa', 'masuk', 'portal', 'suruh', 'login']",sering minta login akun padahal baru loginkan contoh login akun portal terus buka wa setelah buka wa masuk portal suruh login
106-02,04/02/2026 0:20:05,MyClass UMSU,"Sering keluar dari portal padahal saya sudah login kan akun saya

Contoh:
Saya buka portal terus saya login,terus saya buka WA,baru masuk ke portal lagi disuruh login",106,2,,sering keluar dari portal padahal saya sudah login kan akun saya contoh saya buka portal terus saya login terus saya buka wa baru masuk ke portal lagi disuruh login,"['sering', 'keluar', 'dari', 'portal', 'padahal', 'saya', 'sudah', 'login', 'kan', 'akun', 'saya', 'contoh', 'saya', 'buka', 'portal', 'terus', 'saya', 'login', 'terus', 'saya', 'buka', 'wa', 'baru', 'masuk', 'ke', 'portal', 'lagi', 'disuruh', 'login']","['sering', 'keluar', 'portal', 'padahal', 'login', 'kan', 'akun', 'contoh', 'buka', 'portal', 'terus', 'login', 'terus', 'buka', 'wa', 'baru', 'masuk', 'portal', 'disuruh', 'login']","['sering', 'keluar', 'portal', 'padahal', 'login', 'kan', 'akun', 'contoh', 'buka', 'portal', 'terus', 'login', 'terus', 'buka', 'wa', 'baru', 'masuk', 'portal', 'disuruh', 'login']",sering keluar portal padahal login kan akun contoh buka portal terus login terus buka wa baru masuk portal disuruh login
106-03,04/02/2026 0:20:05,WiFi Kampus,"Wi-Fi nya lancar sih

Contoh:
Disaat jaringan saya tidak mendukung ada WiFi kampus umsu yg menolong",106,3,,wi fi nya lancar sih contoh disaat jaringan saya tidak mendukung ada wifi kampus umsu yg menolong,"['wi', 'fi', 'nya', 'lancar', 'sih', 'contoh', 'disaat', 'jaringan', 'saya', 'tidak', 'mendukung', 'ada', 'wifi', 'kampus', 'umsu', 'yg', 'menolong']","['wi', 'fi', 'lancar', 'sih', 'contoh', 'disaat', 'jaringan', 'tidak', 'mendukung', 'ada', 'wifi', 'kampus', 'umsu', 'yg', 'menolong']","['wi', 'fi', 'lancar', 'sih', 'contoh', 'disaat', 'jaringan', 'tidak', 'mendukung', 'ada', 'wifi', 'kampus', 'umsu', 'yg', 'menolong']",wi fi lancar sih contoh disaat jaringan tidak mendukung ada wifi kampus umsu yg menolong
106-04,04/02/2026 0:20:05,Helpdesk/Technical Support,Respon cepat,106,4,,respon cepat,"['respon', 'cepat']","['respon', 'cepat']","['respon', 'cepat']",respon cepat
106-05,04/02/2026 0:20:05,Saran Peningkatan,Meningkatkan stabilitas jaringan di area kampus untuk mendukung aktivitas daring dan luring.,106,5,,meningkatkan stabilitas jaringan di area kampus untuk mendukung aktivitas daring dan luring,"['meningkatkan', 'stabilitas', 'jaringan', 'di', 'area', 'kampus', 'untuk', 'mendukung', 'aktivitas', 'daring', 'dan', 'luring']","['meningkatkan', 'stabilitas', 'jaringan', 'area', 'kampus', 'mendukung', 'aktivitas', 'daring', 'luring']","['meningkatkan', 'stabilitas', 'jaringan', 'area', 'kampus', 'mendukung', 'aktivitas', 'daring', 'luring']",meningkatkan stabilitas jaringan area kampus mendukung aktivitas daring luring
107-01,04/02/2026 19:49:03,Portal Akademik (WEB),sering error,107,1,,sering error,"['sering', 'error']","['sering', 'error']","['sering', 'error']",sering error
107-02,04/02/2026 19:49:03,MyClass UMSU,sejauh ini sangat baik,107,2,,sejauh ini sangat baik,"['sejauh', 'ini', 'sangat', 'baik']","['sejauh', 'baik']","['sejauh', 'baik']",sejauh baik
107-03,04/02/2026 19:49:03,WiFi Kampus,sejauh ini baik,107,3,,sejauh ini baik,"['sejauh', 'ini', 'baik']","['sejauh', 'baik']","['sejauh', 'baik']",sejauh baik
108-01,05/02/2026 15:12:08,Portal Akademik (WEB),saat pengisian krs itu sedikit ngelag,108,1,,saat pengisian krs itu sedikit ngelag,"['saat', 'pengisian', 'krs', 'itu', 'sedikit', 'ngelag']","['saat', 'pengisian', 'krs', 'ngelag']","['saat', 'pengisian', 'krs', 'ngelag']",saat pengisian krs ngelag
108-02,05/02/2026 15:12:08,MyClass UMSU,saat pengisian krs sistem lumayan lama,108,2,,saat pengisian krs sistem lumayan lama,"['saat', 'pengisian', 'krs', 'sistem', 'lumayan', 'lama']","['saat', 'pengisian', 'krs', 'sistem', 'lumayan', 'lama']","['saat', 'pengisian', 'krs', 'sistem', 'lumayan', 'lama']",saat pengisian krs sistem lumayan lama
108-03,05/02/2026 15:12:08,WiFi Kampus,karena terlalu banyak pengguna jadi lumayan lama/ susah mengakses,108,3,,karena terlalu banyak pengguna jadi lumayan lama susah mengakses,"['karena', 'terlalu', 'banyak', 'pengguna', 'jadi', 'lumayan', 'lama', 'susah', 'mengakses']","['terlalu', 'pengguna', 'jadi', 'lumayan', 'lama', 'susah', 'mengakses']","['terlalu', 'pengguna', 'jadi', 'lumayan', 'lama', 'susah', 'mengakses']",terlalu pengguna jadi lumayan lama susah mengakses
108-04,05/02/2026 15:12:08,Helpdesk/Technical Support,bagus,108,4,,bagus,['bagus'],['bagus'],['bagus'],bagus
108-05,05/02/2026 15:12:08,Saran Peningkatan,sistemnya supaya tidak sering eror,108,5,,sistemnya supaya tidak sering eror,"['sistemnya', 'supaya', 'tidak', 'sering', 'eror']","['sistemnya', 'tidak', 'sering', 'eror']","['sistemnya', 'tidak', 'sering', 'eror']",sistemnya tidak sering eror
109-01,05/02/2026 15:23:12,Portal Akademik (WEB),"Sering Down Server, contoh seperti ketika login portal umsu, tiba tiba langsong keluar lagi. belum sampai 2/3 detik. sudah keluar dan disuruh untuk login lagi. hal itu membuat saya sedikit resah padahal koneksi jaringan saya baik dan lancar.",109,1,,sering down server contoh seperti ketika login portal umsu tiba tiba langsong keluar lagi belum sampai detik sudah keluar dan disuruh untuk login lagi hal itu membuat saya sedikit resah padahal koneksi jaringan saya baik dan lancar,"['sering', 'down', 'server', 'contoh', 'seperti', 'ketika', 'login', 'portal', 'umsu', 'tiba', 'tiba', 'langsong', 'keluar', 'lagi', 'belum', 'sampai', 'detik', 'sudah', 'keluar', 'dan', 'disuruh', 'untuk', 'login', 'lagi', 'hal', 'itu', 'membuat', 'saya', 'sedikit', 'resah', 'padahal', 'koneksi', 'jaringan', 'saya', 'baik', 'dan', 'lancar']","['sering', 'down', 'server', 'contoh', 'ketika', 'login', 'portal', 'umsu', 'tiba', 'tiba', 'langsong', 'keluar', 'belum', 'sampai', 'detik', 'keluar', 'disuruh', 'login', 'hal', 'membuat', 'resah', 'padahal', 'koneksi', 'jaringan', 'baik', 'lancar']","['sering', 'down', 'server', 'contoh', 'ketika', 'login', 'portal', 'umsu', 'tiba', 'tiba', 'langsong', 'keluar', 'belum', 'sampai', 'detik', 'keluar', 'disuruh', 'login', 'hal', 'membuat', 'resah', 'padahal', 'koneksi', 'jaringan', 'baik', 'lancar']",sering down server contoh ketika login portal umsu tiba tiba langsong keluar belum sampai detik keluar disuruh login hal membuat resah padahal koneksi jaringan baik lancar
109-02,05/02/2026 15:23:12,MyClass UMSU,baik,109,2,,baik,['baik'],['baik'],['baik'],baik
109-03,05/02/2026 15:23:12,WiFi Kampus,sedikit ngelag,109,3,,sedikit ngelag,"['sedikit', 'ngelag']",['ngelag'],['ngelag'],ngelag
109-04,05/02/2026 15:23:12,Helpdesk/Technical Support,tidak pernah,109,4,,tidak pernah,"['tidak', 'pernah']","['tidak', 'pernah']","['tidak', 'pernah']",tidak pernah
109-05,05/02/2026 15:23:12,Saran Peningkatan,tidak pernah,109,5,,tidak pernah,"['tidak', 'pernah']","['tidak', 'pernah']","['tidak', 'pernah']",tidak pernah
110-01,05/02/2026 15:43:40,Portal Akademik (WEB),"Terkadang suka eror umsu mobile harus menggunakan wifi untuk mengakses nya padahal data seluler saya bagus, itu saha",110,1,,terkadang suka eror umsu mobile harus menggunakan wifi untuk mengakses nya padahal data seluler saya bagus itu saha,"['terkadang', 'suka', 'eror', 'umsu', 'mobile', 'harus', 'menggunakan', 'wifi', 'untuk', 'mengakses', 'nya', 'padahal', 'data', 'seluler', 'saya', 'bagus', 'itu', 'saha']","['terkadang', 'suka', 'eror', 'umsu', 'mobile', 'menggunakan', 'wifi', 'mengakses', 'padahal', 'data', 'seluler', 'bagus', 'saha']","['terkadang', 'suka', 'eror', 'umsu', 'mobile', 'menggunakan', 'wifi', 'mengakses', 'padahal', 'data', 'seluler', 'bagus', 'saha']",terkadang suka eror umsu mobile menggunakan wifi mengakses padahal data seluler bagus saha
110-02,05/02/2026 15:43:40,MyClass UMSU,Belum pernah memamakai nya,110,2,,belum pernah memamakai nya,"['belum', 'pernah', 'memamakai', 'nya']","['belum', 'pernah', 'memamakai']","['belum', 'pernah', 'memamakai']",belum pernah memamakai
110-03,05/02/2026 15:43:40,WiFi Kampus,Jaringan wifi nya suka hilang dan gak bisa di gunakan,110,3,,jaringan wifi nya suka hilang dan gak bisa di gunakan,"['jaringan', 'wifi', 'nya', 'suka', 'hilang', 'dan', 'gak', 'bisa', 'di', 'gunakan']","['jaringan', 'wifi', 'suka', 'hilang', 'gak', 'gunakan']","['jaringan', 'wifi', 'suka', 'hilang', 'gak', 'gunakan']",jaringan wifi suka hilang gak gunakan
110-04,05/02/2026 15:43:40,Helpdesk/Technical Support,Tidak ada,110,4,,tidak ada,"['tidak', 'ada']","['tidak', 'ada']","['tidak', 'ada']",tidak ada
110-05,05/02/2026 15:43:40,Saran Peningkatan,Terutama di aplikasi umus mobile nya jangan suka eror,110,5,,terutama di aplikasi umus mobile nya jangan suka eror,"['terutama', 'di', 'aplikasi', 'umus', 'mobile', 'nya', 'jangan', 'suka', 'eror']","['terutama', 'aplikasi', 'umus', 'mobile', 'jangan', 'suka', 'eror']","['terutama', 'aplikasi', 'umus', 'mobile', 'jangan', 'suka', 'eror']",terutama aplikasi umus mobile jangan suka eror
111-01,05/02/2026 15:55:05,Portal Akademik (WEB),Pengalaman saya menggunakan portal akademik  sangat baik ya walaupun kadang ada sedikit kendala yaitu dibagian loding  mungkin karena banyak yg mengakses portal akademik sekian dan terima,111,1,,pengalaman saya menggunakan portal akademik sangat baik ya walaupun kadang ada sedikit kendala yaitu dibagian loding mungkin karena banyak yg mengakses portal akademik sekian dan terima,"['pengalaman', 'saya', 'menggunakan', 'portal', 'akademik', 'sangat', 'baik', 'ya', 'walaupun', 'kadang', 'ada', 'sedikit', 'kendala', 'yaitu', 'dibagian', 'loding', 'mungkin', 'karena', 'banyak', 'yg', 'mengakses', 'portal', 'akademik', 'sekian', 'dan', 'terima']","['pengalaman', 'menggunakan', 'portal', 'akademik', 'baik', 'ya', 'kadang', 'ada', 'kendala', 'dibagian', 'loding', 'mungkin', 'yg', 'mengakses', 'portal', 'akademik', 'sekian', 'terima']","['pengalaman', 'menggunakan', 'portal', 'akademik', 'baik', 'ya', 'kadang', 'ada', 'kendala', 'dibagian', 'loding', 'mungkin', 'yg', 'mengakses', 'portal', 'akademik', 'sekian', 'terima']",pengalaman menggunakan portal akademik baik ya kadang ada kendala dibagian loding mungkin yg mengakses portal akademik sekian terima
111-02,05/02/2026 15:55:05,MyClass UMSU,Pengalaman saya mengenai dalam menggunakan my class cukup baik juga materi yg tercantum cukup jelas. Contoh seperti melihat tugas yg diberikan dan lain lain,111,2,,pengalaman saya mengenai dalam menggunakan my class cukup baik juga materi yg tercantum cukup jelas contoh seperti melihat tugas yg diberikan dan lain lain,"['pengalaman', 'saya', 'mengenai', 'dalam', 'menggunakan', 'my', 'class', 'cukup', 'baik', 'juga', 'materi', 'yg', 'tercantum', 'cukup', 'jelas', 'contoh', 'seperti', 'melihat', 'tugas', 'yg', 'diberikan', 'dan', 'lain', 'lain']","['pengalaman', 'mengenai', 'menggunakan', 'my', 'class', 'cukup', 'baik', 'materi', 'yg', 'tercantum', 'cukup', 'jelas', 'contoh', 'melihat', 'tugas', 'yg', 'diberikan', 'lain', 'lain']","['pengalaman', 'mengenai', 'menggunakan', 'my', 'class', 'cukup', 'baik', 'materi', 'yg', 'tercantum', 'cukup', 'jelas', 'contoh', 'melihat', 'tugas', 'yg', 'diberikan', 'lain', 'lain']",pengalaman mengenai menggunakan my class cukup baik materi yg tercantum cukup jelas contoh melihat tugas yg diberikan lain lain
111-03,05/02/2026 15:55:05,WiFi Kampus,Pengalaman saya dalam menggunakan wifi dikampus sangat baik,111,3,,pengalaman saya dalam menggunakan wifi dikampus sangat baik,"['pengalaman', 'saya', 'dalam', 'menggunakan', 'wifi', 'dikampus', 'sangat', 'baik']","['pengalaman', 'menggunakan', 'wifi', 'dikampus', 'baik']","['pengalaman', 'menggunakan', 'wifi', 'dikampus', 'baik']",pengalaman menggunakan wifi dikampus baik
111-04,05/02/2026 15:55:05,Helpdesk/Technical Support,Pengalaman saya untuk saat ini blm ada,111,4,,pengalaman saya untuk saat ini blm ada,"['pengalaman', 'saya', 'untuk', 'saat', 'ini', 'blm', 'ada']","['pengalaman', 'saat', 'blm', 'ada']","['pengalaman', 'saat', 'blm', 'ada']",pengalaman saat blm ada
111-05,05/02/2026 15:55:05,Saran Peningkatan,-Lebih cepat,111,5,,lebih cepat,"['lebih', 'cepat']",['cepat'],['cepat'],cepat
112-01,05/02/2026 15:58:38,Portal Akademik (WEB),"menurut aku sih jadi mudah buat kumpulin tugas, jadi ga susah susah buat kumpulin ke dosen.",112,1,,menurut aku sih jadi mudah buat kumpulin tugas jadi ga susah susah buat kumpulin ke dosen,"['menurut', 'aku', 'sih', 'jadi', 'mudah', 'buat', 'kumpulin', 'tugas', 'jadi', 'ga', 'susah', 'susah', 'buat', 'kumpulin', 'ke', 'dosen']","['menurut', 'sih', 'jadi', 'mudah', 'buat', 'kumpulin', 'tugas', 'jadi', 'ga', 'susah', 'susah', 'buat', 'kumpulin', 'dosen']","['menurut', 'sih', 'jadi', 'mudah', 'buat', 'kumpulin', 'tugas', 'jadi', 'ga', 'susah', 'susah', 'buat', 'kumpulin', 'dosen']",menurut sih jadi mudah buat kumpulin tugas jadi ga susah susah buat kumpulin dosen
112-02,05/02/2026 15:58:38,MyClass UMSU,"(+) ngumpulin tugas lebih fleksibel 
(-) kadang webnya suka eror",112,2,,ngumpulin tugas lebih fleksibel kadang webnya suka eror,"['ngumpulin', 'tugas', 'lebih', 'fleksibel', 'kadang', 'webnya', 'suka', 'eror']","['ngumpulin', 'tugas', 'fleksibel', 'kadang', 'webnya', 'suka', 'eror']","['ngumpulin', 'tugas', 'fleksibel', 'kadang', 'webnya', 'suka', 'eror']",ngumpulin tugas fleksibel kadang webnya suka eror
112-03,05/02/2026 15:58:38,WiFi Kampus,"menurut pendapat aku ada kelebihan dan kekurangannya sih.
1. kelebihan : ngumpulin tugas lebih fleksibel
2. kekurangan : kadang webnya suka eror",112,3,,menurut pendapat aku ada kelebihan dan kekurangannya sih kelebihan ngumpulin tugas lebih fleksibel kekurangan kadang webnya suka eror,"['menurut', 'pendapat', 'aku', 'ada', 'kelebihan', 'dan', 'kekurangannya', 'sih', 'kelebihan', 'ngumpulin', 'tugas', 'lebih', 'fleksibel', 'kekurangan', 'kadang', 'webnya', 'suka', 'eror']","['menurut', 'pendapat', 'ada', 'kelebihan', 'kekurangannya', 'sih', 'kelebihan', 'ngumpulin', 'tugas', 'fleksibel', 'kekurangan', 'kadang', 'webnya', 'suka', 'eror']","['menurut', 'pendapat', 'ada', 'kelebihan', 'kekurangannya', 'sih', 'kelebihan', 'ngumpulin', 'tugas', 'fleksibel', 'kekurangan', 'kadang', 'webnya', 'suka', 'eror']",menurut pendapat ada kelebihan kekurangannya sih kelebihan ngumpulin tugas fleksibel kekurangan kadang webnya suka eror
112-04,05/02/2026 15:58:38,Helpdesk/Technical Support,menurut aku sih helpdesk nya sangat membantu ketika webnya lagi bermasalah,112,4,,menurut aku sih helpdesk nya sangat membantu ketika webnya lagi bermasalah,"['menurut', 'aku', 'sih', 'helpdesk', 'nya', 'sangat', 'membantu', 'ketika', 'webnya', 'lagi', 'bermasalah']","['menurut', 'sih', 'helpdesk', 'membantu', 'ketika', 'webnya', 'bermasalah']","['menurut', 'sih', 'helpdesk', 'membantu', 'ketika', 'webnya', 'bermasalah']",menurut sih helpdesk membantu ketika webnya bermasalah
112-05,05/02/2026 15:58:38,Saran Peningkatan,semoga webnya ga sering eror lagi ya hehe,112,5,,semoga webnya ga sering eror lagi ya hehe,"['semoga', 'webnya', 'ga', 'sering', 'eror', 'lagi', 'ya', 'hehe']","['semoga', 'webnya', 'ga', 'sering', 'eror', 'ya', 'hehe']","['semoga', 'webnya', 'ga', 'sering', 'eror', 'ya', 'hehe']",semoga webnya ga sering eror ya hehe
113-01,05/02/2026 16:02:46,Portal Akademik (WEB),"Portal nya bagus,minus nya sering eror aja dan payah login",113,1,,portal nya bagus minus nya sering eror aja dan payah login,"['portal', 'nya', 'bagus', 'minus', 'nya', 'sering', 'eror', 'aja', 'dan', 'payah', 'login']","['portal', 'bagus', 'minus', 'sering', 'eror', 'aja', 'payah', 'login']","['portal', 'bagus', 'minus', 'sering', 'eror', 'aja', 'payah', 'login']",portal bagus minus sering eror aja payah login
113-02,05/02/2026 16:02:46,MyClass UMSU,My class umsu bagus tapi payah login nya dan sering eror,113,2,,my class umsu bagus tapi payah login nya dan sering eror,"['my', 'class', 'umsu', 'bagus', 'tapi', 'payah', 'login', 'nya', 'dan', 'sering', 'eror']","['my', 'class', 'umsu', 'bagus', 'payah', 'login', 'sering', 'eror']","['my', 'class', 'umsu', 'bagus', 'payah', 'login', 'sering', 'eror']",my class umsu bagus payah login sering eror
113-03,05/02/2026 16:02:46,WiFi Kampus,payah konek dan koneksi nya lemah,113,3,,payah konek dan koneksi nya lemah,"['payah', 'konek', 'dan', 'koneksi', 'nya', 'lemah']","['payah', 'konek', 'koneksi', 'lemah']","['payah', 'konek', 'koneksi', 'lemah']",payah konek koneksi lemah
113-04,05/02/2026 16:02:46,Helpdesk/Technical Support,bagus,113,4,,bagus,['bagus'],['bagus'],['bagus'],bagus
113-05,05/02/2026 16:02:46,Saran Peningkatan,tidak ada,113,5,,tidak ada,"['tidak', 'ada']","['tidak', 'ada']","['tidak', 'ada']",tidak ada
114-01,05/02/2026 16:11:27,Portal Akademik (WEB),Aplikasi layanan portal nya cukup bagus namun sering mengalami server down,114,1,,aplikasi layanan portal nya cukup bagus namun sering mengalami server down,"['aplikasi', 'layanan', 'portal', 'nya', 'cukup', 'bagus', 'namun', 'sering', 'mengalami', 'server', 'down']","['aplikasi', 'layanan', 'portal', 'cukup', 'bagus', 'sering', 'mengalami', 'server', 'down']","['aplikasi', 'layanan', 'portal', 'cukup', 'bagus', 'sering', 'mengalami', 'server', 'down']",aplikasi layanan portal cukup bagus sering mengalami server down
114-02,05/02/2026 16:11:27,MyClass UMSU,Aplikasi My class sangat mudah di pahami dan lengkap dengan materi pembelajaran yang jelas,114,2,,aplikasi my class sangat mudah di pahami dan lengkap dengan materi pembelajaran yang jelas,"['aplikasi', 'my', 'class', 'sangat', 'mudah', 'di', 'pahami', 'dan', 'lengkap', 'dengan', 'materi', 'pembelajaran', 'yang', 'jelas']","['aplikasi', 'my', 'class', 'mudah', 'pahami', 'lengkap', 'materi', 'pembelajaran', 'jelas']","['aplikasi', 'my', 'class', 'mudah', 'pahami', 'lengkap', 'materi', 'pembelajaran', 'jelas']",aplikasi my class mudah pahami lengkap materi pembelajaran jelas
114-03,05/02/2026 16:11:27,WiFi Kampus,Sangat bermanfaat untuk mahasiswa dan mudah di akses dalam pengerjaan tugas,114,3,,sangat bermanfaat untuk mahasiswa dan mudah di akses dalam pengerjaan tugas,"['sangat', 'bermanfaat', 'untuk', 'mahasiswa', 'dan', 'mudah', 'di', 'akses', 'dalam', 'pengerjaan', 'tugas']","['bermanfaat', 'mahasiswa', 'mudah', 'akses', 'pengerjaan', 'tugas']","['bermanfaat', 'mahasiswa', 'mudah', 'akses', 'pengerjaan', 'tugas']",bermanfaat mahasiswa mudah akses pengerjaan tugas
114-04,05/02/2026 16:11:27,Helpdesk/Technical Support,Cukup membantu dan responsif,114,4,,cukup membantu dan responsif,"['cukup', 'membantu', 'dan', 'responsif']","['cukup', 'membantu', 'responsif']","['cukup', 'membantu', 'responsif']",cukup membantu responsif
114-05,05/02/2026 16:11:27,Saran Peningkatan,Lebih di tingkatkan lagi pelayanan nya,114,5,,lebih di tingkatkan lagi pelayanan nya,"['lebih', 'di', 'tingkatkan', 'lagi', 'pelayanan', 'nya']","['tingkatkan', 'pelayanan']","['tingkatkan', 'pelayanan']",tingkatkan pelayanan
115-01,05/02/2026 16:22:36,Portal Akademik (WEB),"Kendala diportal kmrin mau buka nilai lumayan lama nunggunyaa, dikarenakan sistem eror
Dan pada saat ingin memberikan penilaian terhadap dosen, juga kendalanya sama seperti itu",115,1,,kendala diportal kmrin mau buka nilai lumayan lama nunggunyaa dikarenakan sistem eror dan pada saat ingin memberikan penilaian terhadap dosen juga kendalanya sama seperti itu,"['kendala', 'diportal', 'kmrin', 'mau', 'buka', 'nilai', 'lumayan', 'lama', 'nunggunyaa', 'dikarenakan', 'sistem', 'eror', 'dan', 'pada', 'saat', 'ingin', 'memberikan', 'penilaian', 'terhadap', 'dosen', 'juga', 'kendalanya', 'sama', 'seperti', 'itu']","['kendala', 'diportal', 'kmrin', 'mau', 'buka', 'nilai', 'lumayan', 'lama', 'nunggunyaa', 'dikarenakan', 'sistem', 'eror', 'saat', 'ingin', 'memberikan', 'penilaian', 'dosen', 'kendalanya', 'sama']","['kendala', 'diportal', 'kmrin', 'mau', 'buka', 'nilai', 'lumayan', 'lama', 'nunggunyaa', 'dikarenakan', 'sistem', 'eror', 'saat', 'ingin', 'memberikan', 'penilaian', 'dosen', 'kendalanya', 'sama']",kendala diportal kmrin mau buka nilai lumayan lama nunggunyaa dikarenakan sistem eror saat ingin memberikan penilaian dosen kendalanya sama
115-02,05/02/2026 16:22:36,MyClass UMSU,"Untuk saat ini saya menggunakan my class, kendalannya hanya di absen
Dari awal membuka myclass menuju absen pada mata kuliah yg ingin saya isi itu lumayan rumit dan saya gatau kenapa myclass saya seperti itu berbeda dgn tmn tmn saya yg lain. Mereka sudah ada di halaman awal tp kalau saya harus mencari lagi, mungkin itu kendala saya di myclass
Dan paling eror kdng kdng aja, tidak terlalu sering",115,2,,untuk saat ini saya menggunakan my class kendalannya hanya di absen dari awal membuka myclass menuju absen pada mata kuliah yg ingin saya isi itu lumayan rumit dan saya gatau kenapa myclass saya seperti itu berbeda dgn tmn tmn saya yg lain mereka sudah ada di halaman awal tp kalau saya harus mencari lagi mungkin itu kendala saya di myclass dan paling eror kdng kdng aja tidak terlalu sering,"['untuk', 'saat', 'ini', 'saya', 'menggunakan', 'my', 'class', 'kendalannya', 'hanya', 'di', 'absen', 'dari', 'awal', 'membuka', 'myclass', 'menuju', 'absen', 'pada', 'mata', 'kuliah', 'yg', 'ingin', 'saya', 'isi', 'itu', 'lumayan', 'rumit', 'dan', 'saya', 'gatau', 'kenapa', 'myclass', 'saya', 'seperti', 'itu', 'berbeda', 'dgn', 'tmn', 'tmn', 'saya', 'yg', 'lain', 'mereka', 'sudah', 'ada', 'di', 'halaman', 'awal', 'tp', 'kalau', 'saya', 'harus', 'mencari', 'lagi', 'mungkin', 'itu', 'kendala', 'saya', 'di', 'myclass', 'dan', 'paling', 'eror', 'kdng', 'kdng', 'aja', 'tidak', 'terlalu', 'sering']","['saat', 'menggunakan', 'my', 'class', 'kendalannya', 'absen', 'awal', 'membuka', 'myclass', 'menuju', 'absen', 'mata', 'kuliah', 'yg', 'ingin', 'isi', 'lumayan', 'rumit', 'gatau', 'kenapa', 'myclass', 'berbeda', 'dgn', 'tmn', 'tmn', 'yg', 'lain', 'ada', 'halaman', 'awal', 'tp', 'kalau', 'mencari', 'mungkin', 'kendala', 'myclass', 'paling', 'eror', 'kdng', 'kdng', 'aja', 'tidak', 'terlalu', 'sering']","['saat', 'menggunakan', 'my', 'class', 'kendalannya', 'absen', 'awal', 'membuka', 'myclass', 'menuju', 'absen', 'mata', 'kuliah', 'yg', 'ingin', 'isi', 'lumayan', 'rumit', 'gatau', 'kenapa', 'myclass', 'berbeda', 'dgn', 'tmn', 'tmn', 'yg', 'lain', 'ada', 'halaman', 'awal', 'tp', 'kalau', 'mencari', 'mungkin', 'kendala', 'myclass', 'paling', 'eror', 'kdng', 'kdng', 'aja', 'tidak', 'terlalu', 'sering']",saat menggunakan my class kendalannya absen awal membuka myclass menuju absen mata kuliah yg ingin isi lumayan rumit gatau kenapa myclass berbeda dgn tmn tmn yg lain ada halaman awal tp kalau mencari mungkin kendala myclass paling eror kdng kdng aja tidak terlalu sering
115-03,05/02/2026 16:22:36,WiFi Kampus,di gedung fai saya tidak pernah menemukan wifi,115,3,,di gedung fai saya tidak pernah menemukan wifi,"['di', 'gedung', 'fai', 'saya', 'tidak', 'pernah', 'menemukan', 'wifi']","['gedung', 'fai', 'tidak', 'pernah', 'menemukan', 'wifi']","['gedung', 'fai', 'tidak', 'pernah', 'menemukan', 'wifi']",gedung fai tidak pernah menemukan wifi
115-04,05/02/2026 16:22:36,Helpdesk/Technical Support,Belum pernah menggunakannya,115,4,,belum pernah menggunakannya,"['belum', 'pernah', 'menggunakannya']","['belum', 'pernah', 'menggunakannya']","['belum', 'pernah', 'menggunakannya']",belum pernah menggunakannya
115-05,05/02/2026 16:22:36,Saran Peningkatan,Wifi digedung fai bisa juga🙏🏻,115,5,,wifi digedung fai bisa juga,"['wifi', 'digedung', 'fai', 'bisa', 'juga']","['wifi', 'digedung', 'fai']","['wifi', 'digedung', 'fai']",wifi digedung fai
116-01,05/02/2026 16:26:06,Portal Akademik (WEB),"Website portal kadang error, gamau muncul ke situs pilihan jadi harus di klik berulang and i think that's a big problem",116,1,,website portal kadang error gamau muncul ke situs pilihan jadi harus di klik berulang and i think that s a big problem,"['website', 'portal', 'kadang', 'error', 'gamau', 'muncul', 'ke', 'situs', 'pilihan', 'jadi', 'harus', 'di', 'klik', 'berulang', 'and', 'think', 'that', 'big', 'problem']","['website', 'portal', 'kadang', 'error', 'gamau', 'muncul', 'situs', 'pilihan', 'jadi', 'klik', 'berulang', 'and', 'think', 'that', 'big', 'problem']","['website', 'portal', 'kadang', 'error', 'gamau', 'muncul', 'situs', 'pilihan', 'jadi', 'klik', 'berulang', 'and', 'think', 'that', 'big', 'problem']",website portal kadang error gamau muncul situs pilihan jadi klik berulang and think that big problem
116-02,05/02/2026 16:26:06,MyClass UMSU,"No offense, my class app the best",116,2,,no offense my class app the best,"['no', 'offense', 'my', 'class', 'app', 'the', 'best']","['no', 'offense', 'my', 'class', 'app', 'the', 'best']","['no', 'offense', 'my', 'class', 'app', 'the', 'best']",no offense my class app the best
116-03,05/02/2026 16:26:06,WiFi Kampus,Kadang ngelag atau titik akses penuh jadi wajar lah ya overall good 8/10,116,3,,kadang ngelag atau titik akses penuh jadi wajar lah ya overall good,"['kadang', 'ngelag', 'atau', 'titik', 'akses', 'penuh', 'jadi', 'wajar', 'lah', 'ya', 'overall', 'good']","['kadang', 'ngelag', 'titik', 'akses', 'penuh', 'jadi', 'wajar', 'ya', 'overall', 'good']","['kadang', 'ngelag', 'titik', 'akses', 'penuh', 'jadi', 'wajar', 'ya', 'overall', 'good']",kadang ngelag titik akses penuh jadi wajar ya overall good
116-04,05/02/2026 16:26:06,Helpdesk/Technical Support,Belum pernah pake tapi kedepannya mungkin kepake,116,4,,belum pernah pake tapi kedepannya mungkin kepake,"['belum', 'pernah', 'pake', 'tapi', 'kedepannya', 'mungkin', 'kepake']","['belum', 'pernah', 'pake', 'kedepannya', 'mungkin', 'kepake']","['belum', 'pernah', 'pake', 'kedepannya', 'mungkin', 'kepake']",belum pernah pake kedepannya mungkin kepake
116-05,05/02/2026 16:26:06,Saran Peningkatan,Fix website portal aja si kebanyakan error kadang mengganggu juga,116,5,,fix website portal aja si kebanyakan error kadang mengganggu juga,"['fix', 'website', 'portal', 'aja', 'si', 'kebanyakan', 'error', 'kadang', 'mengganggu', 'juga']","['fix', 'website', 'portal', 'aja', 'si', 'kebanyakan', 'error', 'kadang', 'mengganggu']","['fix', 'website', 'portal', 'aja', 'si', 'kebanyakan', 'error', 'kadang', 'mengganggu']",fix website portal aja si kebanyakan error kadang mengganggu
117-01,05/02/2026 16:58:26,Portal Akademik (WEB),Websitenya sudah bagus dan mudah di akses seperti login myclass. Tetapi terkadang suka lelet saat membuka website portal,117,1,,websitenya sudah bagus dan mudah di akses seperti login myclass tetapi terkadang suka lelet saat membuka website portal,"['websitenya', 'sudah', 'bagus', 'dan', 'mudah', 'di', 'akses', 'seperti', 'login', 'myclass', 'tetapi', 'terkadang', 'suka', 'lelet', 'saat', 'membuka', 'website', 'portal']","['websitenya', 'bagus', 'mudah', 'akses', 'login', 'myclass', 'terkadang', 'suka', 'lelet', 'saat', 'membuka', 'website', 'portal']","['websitenya', 'bagus', 'mudah', 'akses', 'login', 'myclass', 'terkadang', 'suka', 'lelet', 'saat', 'membuka', 'website', 'portal']",websitenya bagus mudah akses login myclass terkadang suka lelet saat membuka website portal
117-02,05/02/2026 16:58:26,MyClass UMSU,Myclass umsu sangat membantu saya untuk belajar karna bapak/ibu dosen sudah menyediakan materi di myclass.,117,2,,myclass umsu sangat membantu saya untuk belajar karna bapak ibu dosen sudah menyediakan materi di myclass,"['myclass', 'umsu', 'sangat', 'membantu', 'saya', 'untuk', 'belajar', 'karna', 'bapak', 'ibu', 'dosen', 'sudah', 'menyediakan', 'materi', 'di', 'myclass']","['myclass', 'umsu', 'membantu', 'belajar', 'karna', 'bapak', 'ibu', 'dosen', 'menyediakan', 'materi', 'myclass']","['myclass', 'umsu', 'membantu', 'belajar', 'karna', 'bapak', 'ibu', 'dosen', 'menyediakan', 'materi', 'myclass']",myclass umsu membantu belajar karna bapak ibu dosen menyediakan materi myclass
117-03,05/02/2026 16:58:26,WiFi Kampus,Karna saya di FKIP kadang Wifi-nya bisa di akses kadang tidak. Di lantai dua saya dapat mengakses wifi tetapi di lantai 3 tidak bisa,117,3,,karna saya di fkip kadang wifi nya bisa di akses kadang tidak di lantai dua saya dapat mengakses wifi tetapi di lantai tidak bisa,"['karna', 'saya', 'di', 'fkip', 'kadang', 'wifi', 'nya', 'bisa', 'di', 'akses', 'kadang', 'tidak', 'di', 'lantai', 'dua', 'saya', 'dapat', 'mengakses', 'wifi', 'tetapi', 'di', 'lantai', 'tidak', 'bisa']","['karna', 'fkip', 'kadang', 'wifi', 'akses', 'kadang', 'tidak', 'lantai', 'dua', 'mengakses', 'wifi', 'lantai', 'tidak']","['karna', 'fkip', 'kadang', 'wifi', 'akses', 'kadang', 'tidak', 'lantai', 'dua', 'mengakses', 'wifi', 'lantai', 'tidak']",karna fkip kadang wifi akses kadang tidak lantai dua mengakses wifi lantai tidak
117-04,05/02/2026 16:58:26,Helpdesk/Technical Support,Saya belum pernah menggunakan layanan ini. Tapi saya berharap layanan ini tetap dapat terus ada untuk membantu mahasiswa,117,4,,saya belum pernah menggunakan layanan ini tapi saya berharap layanan ini tetap dapat terus ada untuk membantu mahasiswa,"['saya', 'belum', 'pernah', 'menggunakan', 'layanan', 'ini', 'tapi', 'saya', 'berharap', 'layanan', 'ini', 'tetap', 'dapat', 'terus', 'ada', 'untuk', 'membantu', 'mahasiswa']","['belum', 'pernah', 'menggunakan', 'layanan', 'berharap', 'layanan', 'tetap', 'terus', 'ada', 'membantu', 'mahasiswa']","['belum', 'pernah', 'menggunakan', 'layanan', 'berharap', 'layanan', 'tetap', 'terus', 'ada', 'membantu', 'mahasiswa']",belum pernah menggunakan layanan berharap layanan tetap terus ada membantu mahasiswa
117-05,05/02/2026 16:58:26,Saran Peningkatan,Sudah bagus walaupun sering lelet. Semoga kedepannya dapat ditingkatkan lagi,117,5,,sudah bagus walaupun sering lelet semoga kedepannya dapat ditingkatkan lagi,"['sudah', 'bagus', 'walaupun', 'sering', 'lelet', 'semoga', 'kedepannya', 'dapat', 'ditingkatkan', 'lagi']","['bagus', 'sering', 'lelet', 'semoga', 'kedepannya', 'ditingkatkan']","['bagus', 'sering', 'lelet', 'semoga', 'kedepannya', 'ditingkatkan']",bagus sering lelet semoga kedepannya ditingkatkan
118-01,05/02/2026 17:37:48,Portal Akademik (WEB),tidak ada soalnya penggunaan nya gampang tapi kadang lelet tidak tau apakah itu lelet dari jaringan saya atau dari web nya sendiri,118,1,,tidak ada soalnya penggunaan nya gampang tapi kadang lelet tidak tau apakah itu lelet dari jaringan saya atau dari web nya sendiri,"['tidak', 'ada', 'soalnya', 'penggunaan', 'nya', 'gampang', 'tapi', 'kadang', 'lelet', 'tidak', 'tau', 'apakah', 'itu', 'lelet', 'dari', 'jaringan', 'saya', 'atau', 'dari', 'web', 'nya', 'sendiri']","['tidak', 'ada', 'soalnya', 'penggunaan', 'gampang', 'kadang', 'lelet', 'tidak', 'tau', 'apakah', 'lelet', 'jaringan', 'web', 'sendiri']","['tidak', 'ada', 'soalnya', 'penggunaan', 'gampang', 'kadang', 'lelet', 'tidak', 'tau', 'apakah', 'lelet', 'jaringan', 'web', 'sendiri']",tidak ada soalnya penggunaan gampang kadang lelet tidak tau apakah lelet jaringan web sendiri
118-02,05/02/2026 17:37:48,MyClass UMSU,mudah di gunakan,118,2,,mudah di gunakan,"['mudah', 'di', 'gunakan']","['mudah', 'gunakan']","['mudah', 'gunakan']",mudah gunakan
118-03,05/02/2026 17:37:48,WiFi Kampus,"agak lelet kayaknya karena terlalu ramai yang memakai
tapi kalau pagi lancar siang nya doang agak lelet",118,3,,agak lelet kayaknya karena terlalu ramai yang memakai tapi kalau pagi lancar siang nya doang agak lelet,"['agak', 'lelet', 'kayaknya', 'karena', 'terlalu', 'ramai', 'yang', 'memakai', 'tapi', 'kalau', 'pagi', 'lancar', 'siang', 'nya', 'doang', 'agak', 'lelet']","['agak', 'lelet', 'kayaknya', 'terlalu', 'ramai', 'memakai', 'kalau', 'pagi', 'lancar', 'siang', 'doang', 'agak', 'lelet']","['agak', 'lelet', 'kayaknya', 'terlalu', 'ramai', 'memakai', 'kalau', 'pagi', 'lancar', 'siang', 'doang', 'agak', 'lelet']",agak lelet kayaknya terlalu ramai memakai kalau pagi lancar siang doang agak lelet
118-04,05/02/2026 17:37:48,Helpdesk/Technical Support,"paten, bergerak cepat",118,4,,paten bergerak cepat,"['paten', 'bergerak', 'cepat']","['paten', 'bergerak', 'cepat']","['paten', 'bergerak', 'cepat']",paten bergerak cepat
118-05,05/02/2026 17:37:48,Saran Peningkatan,tidak ada karena sudah paten,118,5,,tidak ada karena sudah paten,"['tidak', 'ada', 'karena', 'sudah', 'paten']","['tidak', 'ada', 'paten']","['tidak', 'ada', 'paten']",tidak ada paten
119-01,05/02/2026 19:23:18,Portal Akademik (WEB),"Secara umum sebenarnya portal menggambar kebutuhan mahasiswa, tapi kendala loginnya sering forceclose jadi ngeselinkan",119,1,,secara umum sebenarnya portal menggambar kebutuhan mahasiswa tapi kendala loginnya sering forceclose jadi ngeselinkan,"['secara', 'umum', 'sebenarnya', 'portal', 'menggambar', 'kebutuhan', 'mahasiswa', 'tapi', 'kendala', 'loginnya', 'sering', 'forceclose', 'jadi', 'ngeselinkan']","['secara', 'umum', 'sebenarnya', 'portal', 'menggambar', 'kebutuhan', 'mahasiswa', 'kendala', 'loginnya', 'sering', 'forceclose', 'jadi', 'ngeselinkan']","['secara', 'umum', 'sebenarnya', 'portal', 'menggambar', 'kebutuhan', 'mahasiswa', 'kendala', 'loginnya', 'sering', 'forceclose', 'jadi', 'ngeselinkan']",secara umum sebenarnya portal menggambar kebutuhan mahasiswa kendala loginnya sering forceclose jadi ngeselinkan
119-02,05/02/2026 19:23:18,MyClass UMSU,"Yang buruk itu dosennya ga tau cara pake my class, kedua my class ini double absen bingung jadinya mau pake mana kan seharusnya adalah kebijakan dosen harus pake absen a atau b. Ketiga my class ini harus diliat sering sering baru tau tugas yang dikasih dosen harapan gw sih my class bisa tersambung ke Gmail ya biar kalo ada masuk langsung ke email",119,2,,yang buruk itu dosennya ga tau cara pake my class kedua my class ini double absen bingung jadinya mau pake mana kan seharusnya adalah kebijakan dosen harus pake absen a atau b ketiga my class ini harus diliat sering sering baru tau tugas yang dikasih dosen harapan gw sih my class bisa tersambung ke gmail ya biar kalo ada masuk langsung ke email,"['yang', 'buruk', 'itu', 'dosennya', 'ga', 'tau', 'cara', 'pake', 'my', 'class', 'kedua', 'my', 'class', 'ini', 'double', 'absen', 'bingung', 'jadinya', 'mau', 'pake', 'mana', 'kan', 'seharusnya', 'adalah', 'kebijakan', 'dosen', 'harus', 'pake', 'absen', 'atau', 'ketiga', 'my', 'class', 'ini', 'harus', 'diliat', 'sering', 'sering', 'baru', 'tau', 'tugas', 'yang', 'dikasih', 'dosen', 'harapan', 'gw', 'sih', 'my', 'class', 'bisa', 'tersambung', 'ke', 'gmail', 'ya', 'biar', 'kalo', 'ada', 'masuk', 'langsung', 'ke', 'email']","['buruk', 'dosennya', 'ga', 'tau', 'cara', 'pake', 'my', 'class', 'kedua', 'my', 'class', 'double', 'absen', 'bingung', 'jadinya', 'mau', 'pake', 'mana', 'kan', 'seharusnya', 'kebijakan', 'dosen', 'pake', 'absen', 'ketiga', 'my', 'class', 'diliat', 'sering', 'sering', 'baru', 'tau', 'tugas', 'dikasih', 'dosen', 'harapan', 'gw', 'sih', 'my', 'class', 'tersambung', 'gmail', 'ya', 'biar', 'kalo', 'ada', 'masuk', 'langsung', 'email']","['buruk', 'dosennya', 'ga', 'tau', 'cara', 'pake', 'my', 'class', 'kedua', 'my', 'class', 'double', 'absen', 'bingung', 'jadinya', 'mau', 'pake', 'mana', 'kan', 'seharusnya', 'kebijakan', 'dosen', 'pake', 'absen', 'ketiga', 'my', 'class', 'diliat', 'sering', 'sering', 'baru', 'tau', 'tugas', 'dikasih', 'dosen', 'harapan', 'gw', 'sih', 'my', 'class', 'tersambung', 'gmail', 'ya', 'biar', 'kalo', 'ada', 'masuk', 'langsung', 'email']",buruk dosennya ga tau cara pake my class kedua my class double absen bingung jadinya mau pake mana kan seharusnya kebijakan dosen pake absen ketiga my class diliat sering sering baru tau tugas dikasih dosen harapan gw sih my class tersambung gmail ya biar kalo ada masuk langsung email
119-03,05/02/2026 19:23:18,WiFi Kampus,"Wifi ada, but the problem kapasitas dari Wifi-nya kan. Thats annoying 😭",119,3,,wifi ada but the problem kapasitas dari wifi nya kan thats annoying,"['wifi', 'ada', 'but', 'the', 'problem', 'kapasitas', 'dari', 'wifi', 'nya', 'kan', 'thats', 'annoying']","['wifi', 'ada', 'but', 'the', 'problem', 'kapasitas', 'wifi', 'kan', 'thats', 'annoying']","['wifi', 'ada', 'but', 'the', 'problem', 'kapasitas', 'wifi', 'kan', 'thats', 'annoying']",wifi ada but the problem kapasitas wifi kan thats annoying
119-04,05/02/2026 19:23:18,Helpdesk/Technical Support,Responnya cepet sih,119,4,,responnya cepet sih,"['responnya', 'cepet', 'sih']","['responnya', 'cepet', 'sih']","['responnya', 'cepet', 'sih']",responnya cepet sih
119-05,05/02/2026 19:23:18,Saran Peningkatan,Harusnya admin fakultas ya gini juga responsifnya.,119,5,,harusnya admin fakultas ya gini juga responsifnya,"['harusnya', 'admin', 'fakultas', 'ya', 'gini', 'juga', 'responsifnya']","['harusnya', 'admin', 'fakultas', 'ya', 'gini', 'responsifnya']","['harusnya', 'admin', 'fakultas', 'ya', 'gini', 'responsifnya']",harusnya admin fakultas ya gini responsifnya
120-01,05/02/2026 20:04:23,Portal Akademik (WEB),terkadang ketika lagi ramai mahasiswa yg menggunakan portal menjadi lelet dan sering eror,120,1,,terkadang ketika lagi ramai mahasiswa yg menggunakan portal menjadi lelet dan sering eror,"['terkadang', 'ketika', 'lagi', 'ramai', 'mahasiswa', 'yg', 'menggunakan', 'portal', 'menjadi', 'lelet', 'dan', 'sering', 'eror']","['terkadang', 'ketika', 'ramai', 'mahasiswa', 'yg', 'menggunakan', 'portal', 'lelet', 'sering', 'eror']","['terkadang', 'ketika', 'ramai', 'mahasiswa', 'yg', 'menggunakan', 'portal', 'lelet', 'sering', 'eror']",terkadang ketika ramai mahasiswa yg menggunakan portal lelet sering eror
120-02,05/02/2026 20:04:23,MyClass UMSU,sejauh ini saya tidak pernah mengalami masalah di my class umsu,120,2,,sejauh ini saya tidak pernah mengalami masalah di my class umsu,"['sejauh', 'ini', 'saya', 'tidak', 'pernah', 'mengalami', 'masalah', 'di', 'my', 'class', 'umsu']","['sejauh', 'tidak', 'pernah', 'mengalami', 'masalah', 'my', 'class', 'umsu']","['sejauh', 'tidak', 'pernah', 'mengalami', 'masalah', 'my', 'class', 'umsu']",sejauh tidak pernah mengalami masalah my class umsu
120-03,05/02/2026 20:04:23,WiFi Kampus,di fisip sering sekali lelet dan ketika sudah terhudup sering kali terputus,120,3,,di fisip sering sekali lelet dan ketika sudah terhudup sering kali terputus,"['di', 'fisip', 'sering', 'sekali', 'lelet', 'dan', 'ketika', 'sudah', 'terhudup', 'sering', 'kali', 'terputus']","['fisip', 'sering', 'sekali', 'lelet', 'ketika', 'terhudup', 'sering', 'kali', 'terputus']","['fisip', 'sering', 'sekali', 'lelet', 'ketika', 'terhudup', 'sering', 'kali', 'terputus']",fisip sering sekali lelet ketika terhudup sering kali terputus
120-04,05/02/2026 20:04:23,Helpdesk/Technical Support,saya belum pernah menggunakannya,120,4,,saya belum pernah menggunakannya,"['saya', 'belum', 'pernah', 'menggunakannya']","['belum', 'pernah', 'menggunakannya']","['belum', 'pernah', 'menggunakannya']",belum pernah menggunakannya
120-05,05/02/2026 20:04:23,Saran Peningkatan,lebih baik saja kedepannya,120,5,,lebih baik saja kedepannya,"['lebih', 'baik', 'saja', 'kedepannya']","['baik', 'kedepannya']","['baik', 'kedepannya']",baik kedepannya
121-01,05/02/2026 20:28:20,Portal Akademik (WEB),"Pengalaman saya lumayan buruk, di bagian pembayaran uang kuliah yang di mana itu gak bisa langsung dari apk nya harus dari link google dulu dan di ubah dari situ, seandainya bisa langsung dari aplikasinya pasti lebih simpel dan mudah untuk setiap mahasiswa umsu",121,1,,pengalaman saya lumayan buruk di bagian pembayaran uang kuliah yang di mana itu gak bisa langsung dari apk nya harus dari link google dulu dan di ubah dari situ seandainya bisa langsung dari aplikasinya pasti lebih simpel dan mudah untuk setiap mahasiswa umsu,"['pengalaman', 'saya', 'lumayan', 'buruk', 'di', 'bagian', 'pembayaran', 'uang', 'kuliah', 'yang', 'di', 'mana', 'itu', 'gak', 'bisa', 'langsung', 'dari', 'apk', 'nya', 'harus', 'dari', 'link', 'google', 'dulu', 'dan', 'di', 'ubah', 'dari', 'situ', 'seandainya', 'bisa', 'langsung', 'dari', 'aplikasinya', 'pasti', 'lebih', 'simpel', 'dan', 'mudah', 'untuk', 'setiap', 'mahasiswa', 'umsu']","['pengalaman', 'lumayan', 'buruk', 'bagian', 'pembayaran', 'uang', 'kuliah', 'mana', 'gak', 'langsung', 'apk', 'link', 'google', 'dulu', 'ubah', 'situ', 'seandainya', 'langsung', 'aplikasinya', 'pasti', 'simpel', 'mudah', 'mahasiswa', 'umsu']","['pengalaman', 'lumayan', 'buruk', 'bagian', 'pembayaran', 'uang', 'kuliah', 'mana', 'gak', 'langsung', 'apk', 'link', 'google', 'dulu', 'ubah', 'situ', 'seandainya', 'langsung', 'aplikasinya', 'pasti', 'simpel', 'mudah', 'mahasiswa', 'umsu']",pengalaman lumayan buruk bagian pembayaran uang kuliah mana gak langsung apk link google dulu ubah situ seandainya langsung aplikasinya pasti simpel mudah mahasiswa umsu
121-02,05/02/2026 20:28:20,MyClass UMSU,"Pengalaman saya baik, karena sejauh ini untuk pengumpulan tugas atau absensi itu mudah",121,2,,pengalaman saya baik karena sejauh ini untuk pengumpulan tugas atau absensi itu mudah,"['pengalaman', 'saya', 'baik', 'karena', 'sejauh', 'ini', 'untuk', 'pengumpulan', 'tugas', 'atau', 'absensi', 'itu', 'mudah']","['pengalaman', 'baik', 'sejauh', 'pengumpulan', 'tugas', 'absensi', 'mudah']","['pengalaman', 'baik', 'sejauh', 'pengumpulan', 'tugas', 'absensi', 'mudah']",pengalaman baik sejauh pengumpulan tugas absensi mudah
121-03,05/02/2026 20:28:20,WiFi Kampus,"Sejauh ini baik, karena jika paket data saya habis bisa menggunakan wifi umsu dan bisa untuk kirim pesan mau itu di wa/ig",121,3,,sejauh ini baik karena jika paket data saya habis bisa menggunakan wifi umsu dan bisa untuk kirim pesan mau itu di wa ig,"['sejauh', 'ini', 'baik', 'karena', 'jika', 'paket', 'data', 'saya', 'habis', 'bisa', 'menggunakan', 'wifi', 'umsu', 'dan', 'bisa', 'untuk', 'kirim', 'pesan', 'mau', 'itu', 'di', 'wa', 'ig']","['sejauh', 'baik', 'paket', 'data', 'habis', 'menggunakan', 'wifi', 'umsu', 'kirim', 'pesan', 'mau', 'wa', 'ig']","['sejauh', 'baik', 'paket', 'data', 'habis', 'menggunakan', 'wifi', 'umsu', 'kirim', 'pesan', 'mau', 'wa', 'ig']",sejauh baik paket data habis menggunakan wifi umsu kirim pesan mau wa ig
121-04,05/02/2026 20:28:20,Helpdesk/Technical Support,"Untuk sekarang belom ada menggunakan itu, tapi kawan saya ada dan sangat sigap untuk membantu",121,4,,untuk sekarang belom ada menggunakan itu tapi kawan saya ada dan sangat sigap untuk membantu,"['untuk', 'sekarang', 'belom', 'ada', 'menggunakan', 'itu', 'tapi', 'kawan', 'saya', 'ada', 'dan', 'sangat', 'sigap', 'untuk', 'membantu']","['sekarang', 'belom', 'ada', 'menggunakan', 'kawan', 'ada', 'sigap', 'membantu']","['sekarang', 'belom', 'ada', 'menggunakan', 'kawan', 'ada', 'sigap', 'membantu']",sekarang belom ada menggunakan kawan ada sigap membantu
121-05,05/02/2026 20:28:20,Saran Peningkatan,"Untuk lebih ketat terhadap mahasiswa yang merokok, mau itu di depan kantin/di lorong² koridor dan di kamar mandi. Karena itu sangat menganggu untuk saya yg tidak merokok",121,5,,untuk lebih ketat terhadap mahasiswa yang merokok mau itu di depan kantin di lorong koridor dan di kamar mandi karena itu sangat menganggu untuk saya yg tidak merokok,"['untuk', 'lebih', 'ketat', 'terhadap', 'mahasiswa', 'yang', 'merokok', 'mau', 'itu', 'di', 'depan', 'kantin', 'di', 'lorong', 'koridor', 'dan', 'di', 'kamar', 'mandi', 'karena', 'itu', 'sangat', 'menganggu', 'untuk', 'saya', 'yg', 'tidak', 'merokok']","['ketat', 'mahasiswa', 'merokok', 'mau', 'depan', 'kantin', 'lorong', 'koridor', 'kamar', 'mandi', 'menganggu', 'yg', 'tidak', 'merokok']","['ketat', 'mahasiswa', 'merokok', 'mau', 'depan', 'kantin', 'lorong', 'koridor', 'kamar', 'mandi', 'menganggu', 'yg', 'tidak', 'merokok']",ketat mahasiswa merokok mau depan kantin lorong koridor kamar mandi menganggu yg tidak merokok
122-01,06/02/2026 7:12:11,Portal Akademik (WEB),"Server sering down ,yh saya menggunakan e learning sering keluar masuk sendiri contohnya saat nengok tugas di learning linknya sering g bisa dipencet semoga makin gapang digunakan",122,1,,server sering down yh saya menggunakan e learning sering keluar masuk sendiri contohnya saat nengok tugas di learning linknya sering g bisa dipencet semoga makin gapang digunakan,"['server', 'sering', 'down', 'yh', 'saya', 'menggunakan', 'learning', 'sering', 'keluar', 'masuk', 'sendiri', 'contohnya', 'saat', 'nengok', 'tugas', 'di', 'learning', 'linknya', 'sering', 'bisa', 'dipencet', 'semoga', 'makin', 'gapang', 'digunakan']","['server', 'sering', 'down', 'yh', 'menggunakan', 'learning', 'sering', 'keluar', 'masuk', 'sendiri', 'contohnya', 'saat', 'nengok', 'tugas', 'learning', 'linknya', 'sering', 'dipencet', 'semoga', 'makin', 'gapang', 'digunakan']","['server', 'sering', 'down', 'yh', 'menggunakan', 'learning', 'sering', 'keluar', 'masuk', 'sendiri', 'contohnya', 'saat', 'nengok', 'tugas', 'learning', 'linknya', 'sering', 'dipencet', 'semoga', 'makin', 'gapang', 'digunakan']",server sering down yh menggunakan learning sering keluar masuk sendiri contohnya saat nengok tugas learning linknya sering dipencet semoga makin gapang digunakan
122-02,06/02/2026 7:12:11,MyClass UMSU,"Kalau my class sih bisa saya gunakan dengan baik karna gampang dimengerti TPI ada satu yg kurang kadang mau absen sering g bisa sampai lama kli
Contohnya saat saya mau absen di my class pelajaran fisika sering g bisa absen",122,2,,kalau my class sih bisa saya gunakan dengan baik karna gampang dimengerti tpi ada satu yg kurang kadang mau absen sering g bisa sampai lama kli contohnya saat saya mau absen di my class pelajaran fisika sering g bisa absen,"['kalau', 'my', 'class', 'sih', 'bisa', 'saya', 'gunakan', 'dengan', 'baik', 'karna', 'gampang', 'dimengerti', 'tpi', 'ada', 'satu', 'yg', 'kurang', 'kadang', 'mau', 'absen', 'sering', 'bisa', 'sampai', 'lama', 'kli', 'contohnya', 'saat', 'saya', 'mau', 'absen', 'di', 'my', 'class', 'pelajaran', 'fisika', 'sering', 'bisa', 'absen']","['kalau', 'my', 'class', 'sih', 'gunakan', 'baik', 'karna', 'gampang', 'dimengerti', 'tpi', 'ada', 'satu', 'yg', 'kurang', 'kadang', 'mau', 'absen', 'sering', 'sampai', 'lama', 'kli', 'contohnya', 'saat', 'mau', 'absen', 'my', 'class', 'pelajaran', 'fisika', 'sering', 'absen']","['kalau', 'my', 'class', 'sih', 'gunakan', 'baik', 'karna', 'gampang', 'dimengerti', 'tpi', 'ada', 'satu', 'yg', 'kurang', 'kadang', 'mau', 'absen', 'sering', 'sampai', 'lama', 'kli', 'contohnya', 'saat', 'mau', 'absen', 'my', 'class', 'pelajaran', 'fisika', 'sering', 'absen']",kalau my class sih gunakan baik karna gampang dimengerti tpi ada satu yg kurang kadang mau absen sering sampai lama kli contohnya saat mau absen my class pelajaran fisika sering absen
122-03,06/02/2026 7:12:11,WiFi Kampus,Kalau wifi nya emg gampang dipakai jaringan pun lancar aj TPI pernah wifi g bisa di konek contohnya saat mau saya mau pakai wifi nya sering kali g bisa konek ke hp saya,122,3,,kalau wifi nya emg gampang dipakai jaringan pun lancar aj tpi pernah wifi g bisa di konek contohnya saat mau saya mau pakai wifi nya sering kali g bisa konek ke hp saya,"['kalau', 'wifi', 'nya', 'emg', 'gampang', 'dipakai', 'jaringan', 'pun', 'lancar', 'aj', 'tpi', 'pernah', 'wifi', 'bisa', 'di', 'konek', 'contohnya', 'saat', 'mau', 'saya', 'mau', 'pakai', 'wifi', 'nya', 'sering', 'kali', 'bisa', 'konek', 'ke', 'hp', 'saya']","['kalau', 'wifi', 'emg', 'gampang', 'dipakai', 'jaringan', 'lancar', 'aj', 'tpi', 'pernah', 'wifi', 'konek', 'contohnya', 'saat', 'mau', 'mau', 'pakai', 'wifi', 'sering', 'kali', 'konek', 'hp']","['kalau', 'wifi', 'emg', 'gampang', 'dipakai', 'jaringan', 'lancar', 'aj', 'tpi', 'pernah', 'wifi', 'konek', 'contohnya', 'saat', 'mau', 'mau', 'pakai', 'wifi', 'sering', 'kali', 'konek', 'hp']",kalau wifi emg gampang dipakai jaringan lancar aj tpi pernah wifi konek contohnya saat mau mau pakai wifi sering kali konek hp
122-04,06/02/2026 7:12:11,Helpdesk/Technical Support,Yh saya g bisa bnyk ya karna saya jarang menggunakan itu dan saya fokus cuman di my classd,122,4,,yh saya g bisa bnyk ya karna saya jarang menggunakan itu dan saya fokus cuman di my classd,"['yh', 'saya', 'bisa', 'bnyk', 'ya', 'karna', 'saya', 'jarang', 'menggunakan', 'itu', 'dan', 'saya', 'fokus', 'cuman', 'di', 'my', 'classd']","['yh', 'bnyk', 'ya', 'karna', 'jarang', 'menggunakan', 'fokus', 'cuman', 'my', 'classd']","['yh', 'bnyk', 'ya', 'karna', 'jarang', 'menggunakan', 'fokus', 'cuman', 'my', 'classd']",yh bnyk ya karna jarang menggunakan fokus cuman my classd
122-05,06/02/2026 7:12:11,Saran Peningkatan,"Semoga makin berkembang lah
Contohnya semoga makin bisa digunakan lah",122,5,,semoga makin berkembang lah contohnya semoga makin bisa digunakan lah,"['semoga', 'makin', 'berkembang', 'lah', 'contohnya', 'semoga', 'makin', 'bisa', 'digunakan', 'lah']","['semoga', 'makin', 'berkembang', 'contohnya', 'semoga', 'makin', 'digunakan']","['semoga', 'makin', 'berkembang', 'contohnya', 'semoga', 'makin', 'digunakan']",semoga makin berkembang contohnya semoga makin digunakan
123-01,06/02/2026 23:12:28,Portal Akademik (WEB),tampilan bagus membuat informasi mudah dipahami. tetapi website sering logout sendiri ataupun error saat terlalu lama di akses,123,1,,tampilan bagus membuat informasi mudah dipahami tetapi website sering logout sendiri ataupun error saat terlalu lama di akses,"['tampilan', 'bagus', 'membuat', 'informasi', 'mudah', 'dipahami', 'tetapi', 'website', 'sering', 'logout', 'sendiri', 'ataupun', 'error', 'saat', 'terlalu', 'lama', 'di', 'akses']","['tampilan', 'bagus', 'membuat', 'informasi', 'mudah', 'dipahami', 'website', 'sering', 'logout', 'sendiri', 'ataupun', 'error', 'saat', 'terlalu', 'lama', 'akses']","['tampilan', 'bagus', 'membuat', 'informasi', 'mudah', 'dipahami', 'website', 'sering', 'logout', 'sendiri', 'ataupun', 'error', 'saat', 'terlalu', 'lama', 'akses']",tampilan bagus membuat informasi mudah dipahami website sering logout sendiri ataupun error saat terlalu lama akses
123-02,06/02/2026 23:12:28,MyClass UMSU,"tampilannya bikin bingung, proses loading sistem juga lama",123,2,,tampilannya bikin bingung proses loading sistem juga lama,"['tampilannya', 'bikin', 'bingung', 'proses', 'loading', 'sistem', 'juga', 'lama']","['tampilannya', 'bikin', 'bingung', 'proses', 'loading', 'sistem', 'lama']","['tampilannya', 'bikin', 'bingung', 'proses', 'loading', 'sistem', 'lama']",tampilannya bikin bingung proses loading sistem lama
123-03,06/02/2026 23:12:28,WiFi Kampus,"kualitas wifi di setiap lantai berbeda, selain itu performanya lebih sering buruk",123,3,,kualitas wifi di setiap lantai berbeda selain itu performanya lebih sering buruk,"['kualitas', 'wifi', 'di', 'setiap', 'lantai', 'berbeda', 'selain', 'itu', 'performanya', 'lebih', 'sering', 'buruk']","['kualitas', 'wifi', 'lantai', 'berbeda', 'selain', 'performanya', 'sering', 'buruk']","['kualitas', 'wifi', 'lantai', 'berbeda', 'selain', 'performanya', 'sering', 'buruk']",kualitas wifi lantai berbeda selain performanya sering buruk
123-04,06/02/2026 23:12:28,Helpdesk/Technical Support,"responnya lama, sekalinya ngerespon ga menjawab pertanyaan",123,4,,responnya lama sekalinya ngerespon ga menjawab pertanyaan,"['responnya', 'lama', 'sekalinya', 'ngerespon', 'ga', 'menjawab', 'pertanyaan']","['responnya', 'lama', 'sekalinya', 'ngerespon', 'ga', 'menjawab', 'pertanyaan']","['responnya', 'lama', 'sekalinya', 'ngerespon', 'ga', 'menjawab', 'pertanyaan']",responnya lama sekalinya ngerespon ga menjawab pertanyaan
123-05,06/02/2026 23:12:28,Saran Peningkatan,"untuk pelayanan baiknya lebih sigap lagi karna tingkat urgensi orang beda', lebih informatif lagi",123,5,,untuk pelayanan baiknya lebih sigap lagi karna tingkat urgensi orang beda lebih informatif lagi,"['untuk', 'pelayanan', 'baiknya', 'lebih', 'sigap', 'lagi', 'karna', 'tingkat', 'urgensi', 'orang', 'beda', 'lebih', 'informatif', 'lagi']","['pelayanan', 'baiknya', 'sigap', 'karna', 'tingkat', 'urgensi', 'orang', 'beda', 'informatif']","['pelayanan', 'baiknya', 'sigap', 'karna', 'tingkat', 'urgensi', 'orang', 'beda', 'informatif']",pelayanan baiknya sigap karna tingkat urgensi orang beda informatif
124-01,08/02/2026 0:41:57,Portal Akademik (WEB),"salah satunya perlu beberapa kali login ke portal, terkadang keluar sendiri",124,1,,salah satunya perlu beberapa kali login ke portal terkadang keluar sendiri,"['salah', 'satunya', 'perlu', 'beberapa', 'kali', 'login', 'ke', 'portal', 'terkadang', 'keluar', 'sendiri']","['salah', 'satunya', 'perlu', 'kali', 'login', 'portal', 'terkadang', 'keluar', 'sendiri']","['salah', 'satunya', 'perlu', 'kali', 'login', 'portal', 'terkadang', 'keluar', 'sendiri']",salah satunya perlu kali login portal terkadang keluar sendiri
124-02,08/02/2026 0:41:57,MyClass UMSU,ya begitulah,124,2,,ya begitulah,"['ya', 'begitulah']","['ya', 'begitulah']","['ya', 'begitulah']",ya begitulah
124-03,08/02/2026 0:41:57,WiFi Kampus,cukup bermanfaat saat dibutuhkan,124,3,,cukup bermanfaat saat dibutuhkan,"['cukup', 'bermanfaat', 'saat', 'dibutuhkan']","['cukup', 'bermanfaat', 'saat', 'dibutuhkan']","['cukup', 'bermanfaat', 'saat', 'dibutuhkan']",cukup bermanfaat saat dibutuhkan
124-04,08/02/2026 0:41:57,Helpdesk/Technical Support,tidak ada pengalaman,124,4,,tidak ada pengalaman,"['tidak', 'ada', 'pengalaman']","['tidak', 'ada', 'pengalaman']","['tidak', 'ada', 'pengalaman']",tidak ada pengalaman
124-05,08/02/2026 0:41:57,Saran Peningkatan,lebih baik lagi,124,5,,lebih baik lagi,"['lebih', 'baik', 'lagi']",['baik'],['baik'],baik
